{"type":"FeatureCollection","crs":{"type":"name","properties":{"name":"EPSG:2180"}},"features":[{"type":"Feature","id":1921,"geometry":{"type":"Polygon","coordinates":[[[534700.63401449763,438703.52578526363],[534751.50046545069,438937.86858739518],[534792.36636084295,438938.03737975936],[534781.15930250811,438987.24943621363],[534788.17476744787,439026.00305424444],[534795.60601348465,439061.81776284706],[534803.88995959284,439104.65692058578],[534807.89441372349,439130.35462098848],[534810.46146894968,439156.29779871833],[534842.02505344886,439230.14665616117],[534866.9891073443,439258.75378100574],[534898.30764203181,439299.9886840675],[534926.46458696772,439313.47334313486],[534932.65315548237,439332.5959999375],[535008.46560914,439386.56121335458],[535068.97124309256,439430.66417353228],[535146.9844017087,439487.71264794189],[535113.26675344247,439541.34452609625],[534943.99997080071,439672.53372048121],[534640.04702747916,439847.9999441104],[534372.40145521495,439954.22848512232],[534185.27421506192,439987.63513943274],[533944.72949743934,440032.21413596906],[533697.56202504062,440079.82045831066],[533654.53436596098,440088.10787676182],[533631.01144445059,440092.63857607078],[533627.04090506549,440093.40330712032],[533557.75556706183,440096.87750330567],[533556.12680401676,440077.21464106347],[533551.96731946478,440026.9989198558],[533534.85631641967,439820.42570516653],[533522.28680291725,439671.20616165362],[533507.07168014348,439510.94225712214],[533498.08692289889,439409.8030990446],[533487.36785764631,439286.37511394545],[533481.41298156325,439217.80516217276],[533475.7004719188,439152.02568342723],[533512.62670701742,439120.09164546989],[533488.72118547582,439091.11035439558],[533452.50744603202,439065.55584947765],[533355.26826940652,439004.09906739928],[533207.21088084229,438902.7498938106],[533165.86974615254,438877.97556188516],[533050.87883433001,438801.47603052389],[532963.37710589345,438743.03822588082],[532858.87652936624,438672.99945600517],[532415.561178123,438681.9374842532],[532070.22560059489,438690.15454840939],[531816.89833951683,438693.82968645729],[531735.63004880003,438695.34290115442],[531639.40975879738,438696.81412852183],[531626.02952955791,438707.90622164775],[531599.07243047794,438731.90644478332],[531547.77926816593,438782.68313148338],[531523.51396323834,438809.40156078618],[531456.57742840692,438894.4537741784],[531391.24393685954,439010.20972125139],[531332.46379207028,438983.95290574059],[531257.85367898562,439063.96545517351],[530870.08623728633,438904.86111243442],[530729.47925407486,438849.34375491738],[530662.09855716396,438822.94156886917],[530629.68922926253,438810.24246432167],[530598.35065994132,438799.3019324718],[530491.18871026812,438767.91970342584],[530356.75950642361,438728.71762964875],[530212.37131790537,438686.89204552583],[530135.65209310153,438664.60200288985],[530102.97387509805,438654.39847535267],[530034.40602672787,438627.63586598728],[530272.83829895686,438003.71019362751],[530293.70434576739,437925.64392270707],[530381.98207674967,437596.44424291421],[530434.80881885043,437397.00665151048],[530434.72696875723,437397.00647520833],[530468.63702377444,437275.24412892852],[530493.11473854072,437214.35485204775],[530556.05929837015,437083.97718633711],[530640.2922085115,436902.57057358511],[531111.08031588036,437120.79000789672],[531375.26932747802,437242.92631935235],[531457.07605272264,437276.71768275276],[531498.03833415546,437282.52665978391],[531521.98962136812,437282.82118576206],[531530.6760193652,437282.92807690054],[531534.21834591159,437282.97162258904],[531534.14117323898,437282.78060443327],[531785.19209914678,437272.09711905196],[532115.16594397463,437255.79715180676],[532341.81204432016,437240.90599430352],[532530.90629120648,437228.03213059437],[532838.70860291005,437207.98915574979],[533191.50006103679,437178.51069851406],[533372.45158418955,437167.96813848708],[533491.97074284696,437156.76230174024],[533620.55138337985,437094.67518435139],[533636.03294389043,437087.10195098724],[533651.17115246912,437128.13539128564],[533660.74095183937,437137.30481335893],[533670.67415664846,437143.12610548083],[533687.65900814172,437173.80277108122],[533694.90740900021,437183.49701973423],[533692.14621472312,437186.92271421757],[533738.49501896766,437228.29249473568],[533841.0764316339,437320.0491403006],[533912.28334915463,437382.92698283214],[533932.08195694943,437395.92870732211],[533931.28710083384,437398.5534252394],[533932.45808940183,437400.86585835926],[533943.94468950306,437411.37109662406],[533990.06487120409,437453.27503547817],[534013.30889641703,437474.91198538523],[534036.17465257074,437496.38043511659],[534069.22563939006,437536.14785139821],[534082.49371703493,437552.21313989349],[534101.32636124105,437576.29556290712],[534118.82458421122,437597.7786811702],[534126.59348971618,437607.05324305221],[534156.44350753177,437643.53261280712],[534176.03570465802,437667.73462554254],[534189.73214710213,437684.80078138225],[534188.93354418874,437687.05029228795],[534197.54058528738,437698.89448679797],[534196.38211526757,437699.67988330312],[534204.947529856,437710.67519703321],[534213.69831250212,437703.85946598928],[534229.71910990565,437712.6838326361],[534258.81690818781,437747.69126784895],[534296.51438973518,437791.40601764619],[534300.38148321118,437800.11730317585],[534311.11529365485,437813.32671517041],[534318.32300900412,437822.19673669804],[534346.19735330401,437847.89886766858],[534377.01448055066,437876.89227046724],[534395.27849470847,437893.96720434912],[534418.2495005317,437913.90716647822],[534426.11685028032,437920.85856887139],[534445.66355136782,437939.5371545013],[534481.97264055128,437973.78315694351],[534491.10250210855,437981.74177446403],[534504.57725609327,437993.48809491284],[534513.22447357606,438000.92547467351],[534527.27063545841,438012.5317400787],[534542.04469872231,438024.03397902846],[534556.23958116455,438034.91307150107],[534570.88039261603,438068.34466643445],[534587.98422672995,438107.40041053016],[534608.81524152693,438224.26889002789],[534597.54637239012,438228.19106563833],[534616.41343124071,438314.69003211334],[534668.97359891934,438559.84605237562],[534677.72028427571,438578.95361244399],[534683.37893871299,438607.44030664209],[534683.41462904122,438624.69586217031],[534700.63401449763,438703.52578526363]]]},"properties":{"OBJECTID_12":1921,"NAME":"Julianów-Marysin-Rogi","NR_OKR_JP":4,"SHAPE.AREA":8269630.8426538697,"SHAPE.LEN":14609.674302343899}},{"type":"Feature","id":1922,"geometry":{"type":"Polygon","coordinates":[[[533670.67415664846,437143.12610548083],[533660.74095183937,437137.30481335893],[533651.17115246912,437128.13539128564],[533636.03294389043,437087.10195098724],[533620.55138337985,437094.67518435139],[533491.97074284696,437156.76230174024],[533372.45158418955,437167.96813848708],[533191.50006103679,437178.51069851406],[532838.70860291005,437207.98915574979],[532530.90629120648,437228.03213059437],[532341.81204432016,437240.90599430352],[532115.16594397463,437255.79715180676],[531785.19209914678,437272.09711905196],[531534.14117323898,437282.78060443327],[531462.84524479054,437106.35310032032],[531450.80926008953,437041.12343233917],[531431.87942046684,436920.81989506632],[531424.65366791119,436780.19532163069],[531407.1441202875,436655.67717875075],[531400.38906361756,436612.86204342917],[531388.69528152794,436491.59747962374],[531383.22139451769,436428.19914938603],[531356.21630226215,436204.5731423609],[531327.92951672827,436065.8937674677],[531327.54292365001,435949.65826779045],[531327.49321813358,435889.34920182638],[531327.49306792382,435845.97889986169],[531327.4929408211,435810.0856056558],[531325.53605221072,435782.47535883635],[531325.11130734382,435718.24655266386],[531327.29824593605,435640.05365239829],[531276.10216610646,435637.97052531596],[531264.04186690692,435687.03410612699],[531180.12648252584,435686.58589201421],[530970.54830019339,435727.39502074849],[531045.67606464727,435342.58537123352],[531149.84567786613,434808.78053274564],[531149.89890163857,434808.74102766346],[531169.12725504034,434826.49018464331],[531177.02614795824,434821.42962995637],[531211.62067105807,434826.53701478615],[531220.95978633338,434826.90861538425],[531298.78373660264,434838.95571090188],[531304.29724405485,434841.5455886377],[531320.8832522576,434808.50915186759],[531368.84097065334,434815.70571287908],[531379.6360542184,434817.28725749813],[531396.00016551011,434819.72852679249],[531437.07454862213,434825.90180239733],[531464.20380605373,434829.81869402155],[531536.22358998843,434840.82690056693],[531605.1414199745,434851.02369311545],[531675.57338682364,434861.52770718839],[531676.19585314009,434857.11659492832],[531685.86822726799,434858.71823199652],[531696.08978703106,434862.16624784656],[531713.91990989028,434866.9146157233],[531737.75892866042,434870.66846032534],[531745.12543188757,434821.38159422856],[531758.69065812731,434740.14806436561],[531835.55380894069,434750.74187566712],[531844.87920901179,434776.34746878222],[531921.714649742,434786.89628261235],[531905.63024978887,434894.89458125085],[532126.24227196781,434926.72972443234],[532125.8646023015,434929.59986379277],[532173.78726706433,434936.54044845607],[532247.14894630318,434947.16545679513],[532288.17027525755,434953.11058733147],[532301.76886361022,434954.3731579259],[532314.87925848039,434956.40763205476],[532325.35964348225,434958.03406086285],[532329.45985993778,434958.65719169471],[532327.05627095583,434975.04284683336],[532363.84661834768,434980.43449360039],[532363.79201240558,434980.82499200292],[532367.38862411352,434981.47521638032],[532372.11292731029,434982.01003916282],[532377.88267047831,434982.99022869952],[532377.94173826743,434982.84491148777],[532380.05607485434,434983.17978037614],[532381.63469073328,434983.42975573428],[532386.93390190206,434984.26899313182],[532393.36023842322,434985.2867477769],[532400.67543458415,434986.44521377329],[532400.63027221942,434986.79560833052],[532403.30435572308,434987.196553085],[532406.30299775593,434987.64611253608],[532415.66644534352,434989.05001171585],[532426.87500400818,434990.73061175738],[532434.33478040493,434991.85071812943],[532445.36399314064,434993.52688214649],[532458.55843135831,434995.54681079369],[532466.27375465445,434996.7114814017],[532487.90572879685,434999.87987958733],[532530.83519836282,435006.15900246706],[532578.62686654821,435013.20530479867],[532627.37232746324,435020.43449888192],[532657.91753913206,435024.9565038383],[532661.2418604265,435025.35432668123],[532662.91129810759,435025.56647972018],[532669.48697768652,435026.51442873105],[532674.69454127038,435027.30965128262],[532681.93706073763,435028.41564721614],[532692.73394111195,435030.06431579031],[532704.11276636308,435031.80184081662],[532703.35719448538,435038.11524862237],[532703.86020174541,435038.16121602803],[532703.08424400713,435044.97748013772],[532707.45993163716,435045.59703174606],[532707.8745296587,435043.1388233332],[532722.58447530586,435045.17973817512],[532722.57294306718,435045.73064203653],[532731.26345353317,435046.9694806328],[532731.61424043146,435044.95196452271],[532742.33958018955,435046.47779344115],[532742.25664365455,435046.98860299587],[532741.65577184432,435046.8969080681],[532741.733924523,435048.42005563062],[532748.59401472565,435049.28015763033],[532748.03355596936,435051.40648112446],[532750.35615042329,435051.70441524126],[532743.50240420096,435100.51417136379],[532744.51161808311,435100.64993395656],[532742.54970364447,435114.17575679813],[532740.11973205197,435130.91073863208],[532739.1086527399,435130.78469543811],[532736.6114251063,435148.35766135622],[532734.13881813467,435148.0517914407],[532732.96494430094,435157.04141810071],[532761.23338664894,435135.0814984655],[532772.39741790364,435136.62729235366],[532772.65406190476,435137.12345102988],[532778.33939988189,435134.10646838974],[532794.66811870271,435126.60300626699],[532813.25571629487,435116.88676831406],[532844.60009310674,435100.8594228765],[532852.52689337812,435098.81195605267],[532901.15725128923,435074.30344534386],[532935.68187044316,435056.68708300591],[532957.71306656674,435045.7917501023],[532984.97747152927,435032.88369564712],[533014.79617588921,435018.80574162584],[533025.60746681946,435013.70145920012],[533037.72969166283,435009.95821008645],[533066.1198140285,435001.19963836391],[533079.87274201424,434996.95753206965],[533092.70334098453,434989.28169462644],[533116.2450055863,434975.1980913626],[533153.03287019511,434953.29074509256],[533190.16869217285,434931.15627265442],[533201.47246566648,434945.70477582514],[533202.37645526405,434946.86862036306],[533202.72946455376,434947.83315459453],[533208.6853533145,434949.27049378864],[533215.47670896328,434959.16092243791],[533225.60235367506,434973.89247450698],[533232.09574048,434983.9169054376],[533235.64321116218,434989.79413588624],[533238.17262844695,434994.17690020707],[533243.15008018736,435003.54465764202],[533249.50038272119,435016.15758404881],[533257.90964876465,435035.67760426831],[533263.6147070115,435051.63073322643],[533266.59453544428,435061.58062930778],[533268.66845084669,435068.90025219694],[533272.00741559709,435083.55498842057],[533274.6282752573,435097.93515639659],[533276.22662589187,435109.18437393475],[533277.85655897856,435128.21594422497],[533278.27145204437,435140.60766701587],[533278.73472313187,435154.44279595837],[533279.17953926907,435167.72653339524],[533280.06952986354,435194.30549592059],[533280.95814813883,435220.84260420687],[533281.29263502802,435230.83267767355],[533336.57110606565,435244.97493062541],[533344.28762435471,435307.01905168127],[533396.30510664906,435271.38812551647],[533421.96668977896,435276.30078121461],[533652.39746217069,435320.80136094242],[533861.42484106671,435360.98703000974],[533880.20477051125,435342.19141990039],[533992.54797063512,435315.77805942763],[534150.18456614483,435277.63787316717],[534225.51595466153,435274.72590574622],[534288.7740488227,435280.43506376725],[534313.94836837298,435282.70710335299],[534356.30238472542,435284.76760481205],[534373.8796640049,435285.62272132095],[534374.51773164875,435292.06979902089],[534416.71924377861,435295.0557943983],[534458.51502242254,435298.01317604166],[534458.91971099772,435295.4592725113],[534482.67307969881,435296.63382104225],[534485.50057103054,435296.77362605277],[534488.6869639589,435297.3894977998],[534494.6711471054,435297.24746235088],[534495.83304556855,435296.71186255384],[534504.61129540647,435295.28541133646],[534524.98234944895,435292.20472916495],[534525.60108266422,435296.51345268264],[534583.15985163115,435293.30558669753],[534581.52628219861,435334.50137499254],[534590.2202170036,435309.87717696931],[534607.71161129302,435269.18233259581],[534610.5361455658,435262.02409644704],[534610.8431333428,435262.86104225926],[534615.08371908381,435262.93589606322],[534625.20122949977,435263.11452784017],[534643.64407646819,435263.44030751754],[534650.15824326954,435263.55533269141],[534668.11343948345,435266.23718140833],[534664.24348266632,435280.63098584954],[534634.04477094521,435317.19179607183],[534628.85777006287,435359.85719867703],[534624.28263785969,435397.50674752612],[534619.0642829868,435440.44320681412],[534614.13825719233,435478.76124070957],[534612.33592344134,435506.42739074212],[534613.05808533123,435558.97800616547],[534614.90054577542,435577.91867438238],[534617.51100301009,435605.20150893833],[534620.34662765812,435634.838630924],[534622.60073177342,435658.71255974565],[534622.70777983859,435660.17104763817],[534622.69074292958,435663.8106284868],[534622.66681806836,435668.92984729353],[534622.62748482591,435677.34834460821],[534622.57555923366,435688.45537662786],[534622.48872299131,435707.00637532305],[534622.42183166137,435721.32103905827],[534622.35334495176,435735.96381258685],[534622.2810979879,435751.43260372896],[534622.23321668466,435761.65405282285],[534622.22795442597,435762.78589332383],[534622.31995534431,435764.73567011487],[534622.81852571201,435775.30719292071],[534623.15617804683,435782.46722979099],[534623.50972862833,435789.89017848391],[534623.83774856199,435796.76323307864],[534624.18469119573,435804.03227195609],[534624.61250143009,435812.99310719408],[534624.61253784073,435820.96665187087],[534624.56994338369,435830.6189963324],[534624.53836718528,435837.75951344334],[534624.50544021092,435845.21684428304],[534624.45693358453,435856.21589927282],[534624.41845679749,435864.92979394179],[534623.64532360411,435874.82900551055],[534622.51039169775,435889.35968865268],[534621.35013357166,435904.21510952804],[534620.33660245943,435917.19233084563],[534619.55784868181,435927.16257380415],[534618.79099614767,435936.98045194894],[534618.1539598112,435941.12261756882],[534616.53473002254,435951.65243453905],[534615.02055270935,435961.49885150045],[534613.84328573593,435969.15426076483],[534611.79391701892,435982.48057383392],[534609.53123069543,435997.19441786408],[534608.2964713471,436003.32490217499],[534605.96673040837,436015.02981185168],[534603.8501951847,436025.57214685623],[534601.78885576292,436035.8399018636],[534598.84505256207,436043.40211800393],[534593.24020708574,436057.80113845132],[534589.38118246803,436067.71569597069],[534586.07502599852,436076.28423537966],[534581.44980003184,436089.11332560703],[534576.10262495605,436103.9448307557],[534570.83129079523,436118.38215002697],[534564.62473066791,436135.34537331853],[534554.60698401474,436162.04591370653],[534551.74888637697,436184.41698313039],[534549.81842930824,436199.52711342182],[534547.82948861038,436215.0946509093],[534538.14135772688,436225.7176605612],[534519.14434604009,436246.54804407433],[534540.3908266474,436266.96322723292],[534530.34759963385,436274.95421293285],[534510.40584645118,436264.25594166666],[534495.77508128621,436288.82148368005],[534479.80561145698,436327.29731264524],[534471.93875732296,436346.25154324155],[534470.52182695409,436349.00940965675],[534463.35980147705,436362.95000621211],[534442.97284273629,436402.63179431111],[534426.06401280838,436435.54351871833],[534411.58064052311,436470.81742695905],[534408.13746819913,436479.20317016542],[534401.62165264273,436494.84310203418],[534395.20465598232,436508.69683186151],[534383.61712012638,436533.71322192159],[534368.70757207496,436565.45696558524],[534345.13935030589,436610.666263639],[534328.22395589144,436638.31968642492],[534317.37601879274,436655.59712876566],[534301.55087445711,436679.29124627169],[534286.48627275007,436701.01349909883],[534269.23947452381,436723.52209902089],[534257.39703204471,436738.61770483013],[534248.21957299532,436749.82334246859],[534242.77700473997,436756.46865841281],[534232.51988462242,436768.98137254268],[534224.16522507439,436779.13289763499],[534213.20813464886,436789.53128604405],[534200.22632518737,436801.85102666821],[534186.0911449038,436815.34254310094],[534166.97428770573,436833.98511600029],[534159.81553762464,436840.96627423726],[534170.87400012836,436848.65951136127],[534161.68297252385,436859.80847522337],[534141.41344548168,436867.63165783416],[534125.53898256377,436887.68661458418],[534114.30249567679,436918.0112783052],[534090.198019212,436929.66463260446],[534052.88453349785,436926.1990640508],[534018.51370997366,436974.78950489219],[533999.83568658703,436973.32683960441],[533950.57925448532,436990.21208020858],[533908.39115536935,437010.06937949825],[533861.98179334786,437031.50141071901],[533839.03675700643,437045.64595172182],[533812.42640813661,437061.62802227121],[533781.24885978911,437079.8214620091],[533715.38357746042,437117.37058227789],[533688.8538250468,437132.2491644891],[533670.67415664846,437143.12610548083]]]},"properties":{"OBJECTID_12":1922,"NAME":"Bałuty-Doły","NR_OKR_JP":5,"SHAPE.AREA":6726286.02677463,"SHAPE.LEN":12072.1046042366}},{"type":"Feature","id":1923,"geometry":{"type":"Polygon","coordinates":[[[538592.53659547225,438213.75629753713],[538590.08992357377,438220.72173956223],[538585.02102772763,438251.88098285906],[538570.73596589081,438260.30160782672],[538565.68305665709,438264.94794663507],[538528.2166664158,438298.39049810078],[538505.49266279873,438318.86911360081],[538502.95882122463,438321.38226088043],[538448.90804747317,438374.83944825176],[538425.14607816911,438398.33035385981],[538405.01584904187,438415.56548251212],[538395.37536920921,438423.81245911308],[538365.47964762012,438453.29367318377],[538305.58863483241,438509.36936113704],[538254.44926046499,438557.24025555048],[538235.05131183146,438575.40473413095],[538204.41509799822,438604.08665218949],[538197.56691856158,438611.90557592642],[538178.8446848836,438610.85331654083],[538174.90484393004,438623.05944753718],[538168.73486225749,438643.16104792058],[538156.11557910778,438654.26706537139],[538088.9508803084,438713.37068681046],[538027.69397487841,438773.32265355717],[538026.97404759272,438774.02208218258],[537985.14294379414,438812.74118435942],[537927.68808201456,438862.09787582885],[537912.25453854795,438877.12998379301],[537873.23174291325,438915.13100965321],[537851.37187767623,438938.86568429042],[537848.34762455767,438941.32560526114],[537820.05301149772,438964.40905836411],[537794.32300051744,438989.4060533857],[537768.69167158613,439014.31175511703],[537747.42563121871,439035.43998241331],[537719.91894657374,439062.77985194698],[537717.99622111896,439064.67501738854],[537714.45694539859,439068.20131635573],[537720.42297979712,439113.34998259787],[537736.1822874865,439216.73623314314],[537749.21942524542,439269.58278774936],[537755.72471302748,439319.07121756114],[537758.6466156164,439341.1966799181],[537758.87057848368,439342.95246060565],[537759.16066078737,439345.15704096388],[537762.06258112798,439367.28277729638],[537765.96657735866,439396.88987887651],[537769.74990296713,439416.97484176978],[537774.27667067223,439440.98703699093],[537776.28058128408,439451.56262952089],[537776.64172072546,439460.40191078372],[537776.57135222107,439465.4695748603],[537801.21432996704,439624.88730935659],[537802.81342190015,439637.27727735881],[537803.40769363474,439641.98604857922],[537809.86238621257,439692.15472229011],[537819.70994686941,439768.90947951656],[537821.10876292235,439779.8131655734],[537821.85923481954,439785.70901803393],[537827.96471352968,439816.25527199171],[537833.9517849792,439846.18355406448],[537838.72644029523,439870.05243338458],[537846.92688097712,439928.73158316221],[537847.01490368613,439929.31999095529],[537847.98721379228,439950.65273634996],[537842.52741364646,440000.65512461495],[537833.39388621552,440029.82154104952],[537811.18128106464,440100.67040258739],[537810.55870204431,440102.63767014071],[537810.20464421716,440103.78178665508],[537777.31431762548,440191.76612091996],[537757.13298788073,440227.84975191951],[537726.48530062591,440282.63493260648],[537702.76925807167,440318.20744424406],[537696.42593269923,440333.68447334785],[537711.99197326088,440347.24187636096],[537713.51894345693,440348.55005456414],[537823.18531455367,440460.5310564395],[537871.87374491221,440514.42729316372],[538042.0793944461,440700.58846572321],[538075.19508869655,440741.16721476894],[538109.39966012386,440773.70624785312],[538144.01106002065,440813.31507930905],[538302.50793374272,440988.81384442933],[538325.04193309287,441012.01922380552],[538350.47672689275,441038.33273385931],[538385.64072453312,441079.61285374314],[538392.80177702312,441088.03900467418],[538435.73806409049,441121.11772526614],[538451.4741966622,441133.23369519319],[538463.61198474874,441140.2024443252],[538486.12490621884,441153.13480645511],[538505.01557987428,441167.91570974141],[538539.88670868147,441195.13900982309],[538542.86751444673,441196.06746448297],[538555.5134234305,441200.01120733935],[538585.42180712963,441209.32435639668],[538625.14626269613,441221.73066762369],[538632.60821895185,441222.22785797156],[538666.03755848331,441224.49724620953],[538687.15353335009,441225.9362924071],[538701.42757937056,441226.90961206798],[538722.93363644113,441228.37328443956],[538747.33102321334,441237.35233741719],[538772.99393213238,441246.79370647017],[538806.67320997408,441254.8958494775],[538866.54226162296,441269.3241569614],[538888.0178089292,441281.67113515362],[538908.39508431894,441293.36362427287],[538928.52064961486,441304.91965884808],[538932.85186567949,441307.39855192043],[538953.1687791294,441319.06188732199],[538957.54037284502,441321.57020638417],[538962.7379965235,441324.55686767213],[538965.40729801985,441326.08920466341],[539000.00645906874,441343.69249625131],[539005.10880974063,441346.29071953055],[539026.60278966161,441362.16513313726],[539031.44880717795,441365.74623433314],[539031.71050837601,441365.882550871],[539066.50193604431,441382.20403524395],[539082.65539153153,441389.77722276095],[539124.90022600116,441409.61403583921],[539093.97253175161,441484.0301698707],[539072.66209155275,441543.41404604167],[539055.77896053682,441590.43519852869],[539036.53182419005,441638.50813611317],[539035.16307712928,441642.17453951575],[539033.051584234,441647.7898707604],[539007.41723706899,441716.14728430007],[538995.55959913169,441747.78947164956],[538980.98278718232,441785.91477216501],[538954.92647529021,441854.10810130183],[538944.69062996446,441880.86121312901],[538929.75103473046,441920.95022036135],[538916.8643541662,441955.52463491075],[538894.95241587027,442010.39975517616],[538870.32624640095,442072.11769123748],[538864.54877660342,442086.58759611286],[538859.07444239384,442099.84413014539],[538854.26826926821,442111.54250458721],[538816.1624039755,442203.94556199387],[538811.84051283437,442216.70659195073],[538775.83754310373,442323.25154088624],[538775.1940292397,442325.14914093539],[538743.43443688925,442320.02874143608],[538566.11810396658,442291.48302750289],[538564.73597228923,442291.26215684135],[538581.97601768945,442359.06108531728],[538546.47691072884,442352.34309531096],[538526.15958077973,442346.47600863222],[538494.74465860543,442381.02498256322],[538415.71104967198,442478.9267278593],[538377.29428820824,442530.48080116976],[538329.97832819249,442583.12641408201],[538319.05283941526,442596.76759457681],[538310.09651852271,442610.44170429651],[538308.45194618043,442612.9426637888],[538303.73967747379,442606.00192227121],[538216.71418886841,442459.51289858669],[538140.62356088287,442329.18309282511],[538034.12142334157,442152.16142328735],[537981.56831989263,442055.52627347317],[537935.06563202955,442071.32472441718],[537905.65822038683,442083.95042879693],[537886.1284386107,442088.13595753163],[537851.74748889147,442094.44409557711],[537795.40605603543,442109.867939719],[537597.53846878535,442177.83155116532],[537417.8910240063,442236.48099635821],[537206.89943456417,442305.72412980814],[537195.89959153638,442309.5827147169],[537189.38306242577,442311.71084210649],[537037.91313098441,442361.32918511145],[536954.12507416948,442387.35319492035],[536898.56816262938,442404.60512316693],[536865.7941007457,442408.58273028955],[536831.92246727599,442412.685333075],[536804.03782987304,442415.39660147671],[536746.16251292347,442421.007945369],[536731.59147439001,442422.42717480566],[536691.19395131629,442427.24895318504],[536668.83522500843,442429.92434062622],[536593.3180574585,442438.93581181392],[536505.50916195347,442449.42516807839],[536502.7360154629,442449.79302197415],[536431.26914024283,442459.01872240938],[536424.17633847333,442459.93555609323],[536381.4897720461,442465.44833331369],[536354.39557064744,442468.95822953247],[536335.87046352134,442471.3511431599],[536219.64488194569,442485.83825461753],[536172.95535893599,442491.67581039201],[536150.55815542734,442494.46165882237],[536144.19323089789,442495.25857266784],[536136.10015390604,442500.47635738831],[536121.15526311472,442505.23855673801],[536078.59920922294,442518.80432369187],[536051.83363104693,442527.32645907812],[536011.02883120091,442540.33853214886],[535963.59716739086,442555.45027504489],[535901.22403326747,442575.57401404995],[535876.22106997971,442583.6422364274],[535868.1021826202,442586.25206964277],[535859.23735122778,442589.12198099587],[535835.32374939311,442597.19523719139],[535812.49443482747,442604.90383602306],[535802.07941078383,442608.41462679859],[535788.27232488338,442613.07127023209],[535781.73689517484,442615.27961318288],[535765.80106181954,442620.65503274556],[535743.10108752747,442628.32188367192],[535719.01282288495,442636.04776723962],[535705.23255543469,442640.47419268452],[535678.71647861251,442648.97292630933],[535652.50904434035,442657.38747550175],[535605.06201337592,442672.10969947185],[535602.19607877557,442672.99849198945],[535599.23063921148,442673.91863107122],[535568.88956260879,442683.32931950502],[535559.55539417104,442686.22566362191],[535533.49728109722,442694.59819203801],[535512.36404550553,442701.37410375848],[535510.60306824162,442701.94792209566],[535450.78553623846,442721.14718359523],[535420.31936197705,442730.90936743841],[535419.23493602173,442731.26403424889],[535411.81699084304,442744.16757833958],[535382.73154300195,442794.81432994176],[535356.98819073243,442839.21921711694],[535355.40657838713,442841.93918285426],[535309.76643933472,442928.59005239513],[535232.46979571285,443067.87174917944],[535156.78301091958,443196.29839056544],[535104.83533802547,443284.28510424308],[535096.50639881764,443356.76264185831],[535022.85758432804,443490.95762335509],[535020.24221026828,443499.1782368999],[535014.12926800456,443518.32983101066],[535013.66955924407,443519.78520530555],[534973.83522938576,443652.25678991433],[534940.44299639924,443706.57042282075],[534918.86907452461,443741.6641232986],[534912.77683460445,443752.86058213376],[534886.01932021161,443802.00641633291],[534875.33647133107,443824.58858425543],[534867.16095495457,443855.10117940884],[534712.69788850506,443778.46280198731],[534710.49435090204,443777.37377883308],[534838.18145945342,443516.61431155913],[534957.4050834087,443264.70350594167],[535058.3546320278,443050.46597150434],[535168.16458573309,442865.10541480035],[535275.33886738401,442626.32440683246],[535005.56628510088,442647.23101853672],[534868.0234895834,442706.79946812987],[534683.87960963428,442764.00401803385],[534656.9708474963,442607.06176327169],[534603.91007673822,442297.59046906419],[534585.42756105587,442187.78588251863],[534582.27810011676,442164.9115205938],[534559.55600550456,441999.88183585275],[534543.20222918771,441881.10469115153],[534524.09584963485,441767.8168017976],[534493.15612276271,441605.65210569929],[534466.56665772793,441448.67349591386],[534569.55561014242,441377.34767810814],[534688.27723934012,441324.91289958451],[535120.18870593805,441833.29258443043],[535493.20503779373,441459.42536454741],[535327.95486878895,440209.97058344446],[535287.20454790862,439901.85434789862],[535520.91023499973,439867.07605114765],[535503.09711045527,439739.19988964591],[535488.46427330317,439728.77757327165],[535502.15583197912,439727.41045152955],[535581.68252202403,439784.81123223808],[535584.20563913276,439802.63503774535],[535663.39849005884,439858.9178089276],[535796.88152779732,439954.77110353485],[535816.30781733675,439963.7634118842],[535838.32747163298,439980.07046522759],[535861.32944011863,440001.13654263597],[535974.52661122335,440082.56369901262],[536122.9069945158,440188.6803561803],[536335.13498534902,440342.15602210723],[536423.34353154059,440405.02106314432],[536422.58750963095,440385.61404581647],[536469.03748547588,440416.93581940327],[536482.22504057258,440431.94497031346],[536499.79941366089,440444.74531123042],[536505.33692200878,440437.54394183308],[536517.2178753576,440446.18517027982],[536516.66145326709,440461.06304951292],[536573.27995237021,440399.68267989065],[536578.85320430924,440292.4332057843],[536575.50723446067,440238.8203781778],[536563.94425002404,440058.95409454592],[536555.20892956434,439934.7495229803],[536541.99076734507,439788.95422952157],[536531.35014601098,439658.53804850765],[536666.31934248109,439568.86637208797],[536841.8259312755,439458.45808541868],[537228.95313534746,439175.8409418799],[537744.69111272704,438805.27160548978],[538038.27235613775,438594.03492544312],[538267.10474835138,438430.23417039029],[538414.57700496737,438326.17376353592],[538511.57930581411,438258.45239557605],[538552.76535733161,438230.70475883596],[538591.58585892839,438212.84164775815],[538592.53659547225,438213.75629753713]]]},"properties":{"OBJECTID_12":1923,"NAME":"Wzniesień Łódzkich","NR_OKR_JP":8,"SHAPE.AREA":9457905.6514332797,"SHAPE.LEN":22117.970990924103}},{"type":"Feature","id":1924,"geometry":{"type":"Polygon","coordinates":[[[538592.53659547225,438213.75629753713],[538591.58585892839,438212.84164775815],[538552.76535733161,438230.70475883596],[538511.57930581411,438258.45239557605],[538414.57700496737,438326.17376353592],[538267.10474835138,438430.23417039029],[538038.27235613775,438594.03492544312],[537744.69111272704,438805.27160548978],[537228.95313534746,439175.8409418799],[536841.8259312755,439458.45808541868],[536666.31934248109,439568.86637208797],[536531.35014601098,439658.53804850765],[536541.99076734507,439788.95422952157],[536555.20892956434,439934.7495229803],[536563.94425002404,440058.95409454592],[536575.50723446067,440238.8203781778],[536578.85320430924,440292.4332057843],[536573.27995237021,440399.68267989065],[536516.66145326709,440461.06304951292],[536517.2178753576,440446.18517027982],[536505.33692200878,440437.54394183308],[536499.79941366089,440444.74531123042],[536482.22504057258,440431.94497031346],[536469.03748547588,440416.93581940327],[536422.58750963095,440385.61404581647],[536423.34353154059,440405.02106314432],[536335.13498534902,440342.15602210723],[536122.9069945158,440188.6803561803],[535974.52661122335,440082.56369901262],[535861.32944011863,440001.13654263597],[535838.32747163298,439980.07046522759],[535816.30781733675,439963.7634118842],[535796.88152779732,439954.77110353485],[535663.39849005884,439858.9178089276],[535584.20563913276,439802.63503774535],[535581.68252202403,439784.81123223808],[535502.15583197912,439727.41045152955],[535488.46427330317,439728.77757327165],[535295.42983604199,439591.28785895929],[535146.9844017087,439487.71264794189],[535068.97124309256,439430.66417353228],[535008.46560914,439386.56121335458],[534932.65315548237,439332.5959999375],[534926.46458696772,439313.47334313486],[534898.30764203181,439299.9886840675],[534866.9891073443,439258.75378100574],[534842.02505344886,439230.14665616117],[534810.46146894968,439156.29779871833],[534807.89441372349,439130.35462098848],[534803.88995959284,439104.65692058578],[534795.60601348465,439061.81776284706],[534788.17476744787,439026.00305424444],[534781.15930250811,438987.24943621363],[534792.36636084295,438938.03737975936],[534751.50046545069,438937.86858739518],[534700.63401449763,438703.52578526363],[534683.41462904122,438624.69586217031],[534683.37893871299,438607.44030664209],[534677.72028427571,438578.95361244399],[534668.97359891934,438559.84605237562],[534616.41343124071,438314.69003211334],[534597.54637239012,438228.19106563833],[534608.81524152693,438224.26889002789],[534587.98422672995,438107.40041053016],[534570.88039261603,438068.34466643445],[534556.23958116455,438034.91307150107],[534542.04469872231,438024.03397902846],[534527.27063545841,438012.5317400787],[534513.22447357606,438000.92547467351],[534504.57725609327,437993.48809491284],[534491.10250210855,437981.74177446403],[534481.97264055128,437973.78315694351],[534445.66355136782,437939.5371545013],[534426.11685028032,437920.85856887139],[534418.2495005317,437913.90716647822],[534395.27849470847,437893.96720434912],[534377.01448055066,437876.89227046724],[534346.19735330401,437847.89886766858],[534318.32300900412,437822.19673669804],[534311.11529365485,437813.32671517041],[534300.38148321118,437800.11730317585],[534296.51438973518,437791.40601764619],[534258.81690818781,437747.69126784895],[534229.71910990565,437712.6838326361],[534213.69831250212,437703.85946598928],[534204.947529856,437710.67519703321],[534196.38211526757,437699.67988330312],[534197.54058528738,437698.89448679797],[534188.93354418874,437687.05029228795],[534189.73214710213,437684.80078138225],[534176.03570465802,437667.73462554254],[534156.44350753177,437643.53261280712],[534126.59348971618,437607.05324305221],[534118.82458421122,437597.7786811702],[534101.32636124105,437576.29556290712],[534082.49371703493,437552.21313989349],[534069.22563939006,437536.14785139821],[534036.17465257074,437496.38043511659],[534013.30889641703,437474.91198538523],[534000.00143343641,437462.52456049714],[533999.97899064689,437462.3965511946],[534039.82728560781,437361.24361073133],[534086.66870781675,437207.8610013416],[534150.17260653386,437043.31779699959],[534162.5815553912,436975.56490329094],[534199.06020861864,437005.46286008507],[534262.19732938241,437037.64709629212],[534358.58207079663,437093.11389399972],[534411.36916739482,437104.31054710876],[534439.07611227199,437113.63848399371],[534447.67940113158,437120.44598711189],[534533.59842051123,437142.91524348501],[534585.47334883176,436960.5928912079],[534625.15416297235,436971.34284845181],[534643.72535576113,436908.42219909746],[534602.60600133205,436894.79664331675],[534650.16547048267,436741.45343812648],[534804.45677640487,436778.00831477996],[534841.26206989808,436785.44629300572],[535010.18373345642,436797.06215632893],[535387.51109431987,436821.09895165171],[535653.7694787056,436835.17418056447],[535844.2371969088,436845.85445489082],[536084.2529236339,436822.2600262193],[536374.72116056643,436794.58371734433],[536591.11594521068,436772.43352187425],[536773.0502364001,436761.59581308253],[536667.54716520675,436218.30301202647],[536626.46618583694,436002.19681911822],[536608.29336239677,435893.40244742762],[536588.5294268349,435801.97302361857],[536555.24932162545,435642.45774215274],[536545.34459338698,435596.78365927096],[536530.22874358273,435539.53831382189],[536520.2289459079,435483.90110559203],[536501.43333748891,435370.29897244554],[536479.29057271499,435253.09351047594],[536645.69186408434,435196.21676974278],[536658.91398783424,435188.35591857042],[536702.25092176092,435142.91010473389],[536744.97973894561,435137.40837458707],[536789.78567699145,435274.89486836921],[536935.74136436114,435223.87553513236],[537088.06197176559,435171.28189831786],[537033.84142488777,434995.2505497532],[537246.38430798368,434922.52981590386],[537335.9642984682,434891.11761131138],[537441.65109818825,434840.52017009724],[537506.49828957743,434798.84189334325],[537635.10894410009,434708.91102338023],[537664.56784758752,434687.64061388467],[537716.08538561279,434645.41385139897],[537753.03632991121,434616.07139576785],[537817.72924309748,434568.85069574974],[537871.86832444929,434526.90509579889],[537966.68800677801,434448.31514928211],[538079.00843249599,434356.13943437487],[538164.11062325677,434298.28755793348],[538215.02969868132,434264.2783137532],[538328.09481654735,434525.33554280736],[538343.37924334768,434564.96282358747],[538360.59729499603,434596.50774399471],[538365.92701011884,434606.27192872856],[538383.34345178364,434657.68235341646],[538412.89562682726,434715.6767338803],[538420.89421869291,434731.38830729946],[538455.26104733138,434809.76329757273],[538532.59191761713,434985.21095310152],[538582.79095891642,435095.46650923695],[538655.41139970685,435254.9877445437],[538708.38990376028,435371.35921328422],[538686.69612598128,435406.83216985036],[538630.84187949239,435507.28421495575],[538539.10506902169,435658.13294525165],[538490.37736622675,435740.41169601027],[538391.97103412461,435904.06078393199],[538389.94476793753,435947.74717367068],[538388.69808329188,436006.87108516227],[538384.23026820517,436091.22963463049],[538380.96039685479,436113.87293319311],[538327.14496573387,436318.51170922816],[538322.78283306363,436349.06823878177],[538323.26966834359,436399.88768522348],[538321.04393335909,436470.41060429532],[538324.50175758195,436511.28696036991],[538329.21525252913,436557.92501940206],[538334.65671524836,436590.04656078201],[538343.49637906998,436636.05489158817],[538350.39708765864,436665.80834690575],[538354.43052666611,436693.14004042093],[538386.42456999607,436897.42830824293],[538400.89993743261,436987.60173749644],[538433.66441007738,437247.46671668626],[538466.41967421351,437363.41845926084],[538493.57823088439,437459.55785770901],[538507.11024988629,437499.33461763524],[538546.28120562981,437680.4318155013],[538602.73105046619,437932.1489529619],[538621.79002971516,438076.50351367518],[538606.34092091839,438164.9727351265],[538592.53659547225,438213.75629753713]]]},"properties":{"OBJECTID_12":1924,"NAME":"Dolina Łódki","NR_OKR_JP":27,"SHAPE.AREA":14089388.0005756,"SHAPE.LEN":19223.208295565102}},{"type":"Feature","id":1925,"geometry":{"type":"Polygon","coordinates":[[[534610.5361455658,435262.02409644704],[534607.71161129302,435269.18233259581],[534590.2202170036,435309.87717696931],[534581.52628219861,435334.50137499254],[534583.15985163115,435293.30558669753],[534525.60108266422,435296.51345268264],[534524.98234944895,435292.20472916495],[534504.61129540647,435295.28541133646],[534495.83304556855,435296.71186255384],[534494.6711471054,435297.24746235088],[534488.6869639589,435297.3894977998],[534485.50057103054,435296.77362605277],[534482.67307969881,435296.63382104225],[534458.91971099772,435295.4592725113],[534458.51502242254,435298.01317604166],[534416.71924377861,435295.0557943983],[534374.51773164875,435292.06979902089],[534373.8796640049,435285.62272132095],[534356.30238472542,435284.76760481205],[534313.94836837298,435282.70710335299],[534288.7740488227,435280.43506376725],[534225.51595466153,435274.72590574622],[534150.18456614483,435277.63787316717],[533992.54797063512,435315.77805942763],[533880.20477051125,435342.19141990039],[533861.42484106671,435360.98703000974],[533652.39746217069,435320.80136094242],[533421.96668977896,435276.30078121461],[533396.30510664906,435271.38812551647],[533344.28762435471,435307.01905168127],[533336.57110606565,435244.97493062541],[533281.29263502802,435230.83267767355],[533280.95814813883,435220.84260420687],[533280.06952986354,435194.30549592059],[533279.17953926907,435167.72653339524],[533278.73472313187,435154.44279595837],[533278.27145204437,435140.60766701587],[533277.85655897856,435128.21594422497],[533276.22662589187,435109.18437393475],[533274.6282752573,435097.93515639659],[533272.00741559709,435083.55498842057],[533268.66845084669,435068.90025219694],[533266.59453544428,435061.58062930778],[533263.6147070115,435051.63073322643],[533257.90964876465,435035.67760426831],[533249.50038272119,435016.15758404881],[533243.15008018736,435003.54465764202],[533238.17262844695,434994.17690020707],[533235.64321116218,434989.79413588624],[533232.09574048,434983.9169054376],[533225.60235367506,434973.89247450698],[533215.47670896328,434959.16092243791],[533208.6853533145,434949.27049378864],[533202.72946455376,434947.83315459453],[533202.37645526405,434946.86862036306],[533201.47246566648,434945.70477582514],[533190.16869217285,434931.15627265442],[533153.03287019511,434953.29074509256],[533116.2450055863,434975.1980913626],[533092.70334098453,434989.28169462644],[533079.87274201424,434996.95753206965],[533066.1198140285,435001.19963836391],[533037.72969166283,435009.95821008645],[533025.60746681946,435013.70145920012],[533014.79617588921,435018.80574162584],[532984.97747152927,435032.88369564712],[532957.71306656674,435045.7917501023],[532935.68187044316,435056.68708300591],[532901.15725128923,435074.30344534386],[532852.52689337812,435098.81195605267],[532844.60009310674,435100.8594228765],[532813.25571629487,435116.88676831406],[532794.66811870271,435126.60300626699],[532778.33939988189,435134.10646838974],[532772.65406190476,435137.12345102988],[532772.39741790364,435136.62729235366],[532761.23338664894,435135.0814984655],[532732.96494430094,435157.04141810071],[532734.13881813467,435148.0517914407],[532736.6114251063,435148.35766135622],[532739.1086527399,435130.78469543811],[532740.11973205197,435130.91073863208],[532742.54970364447,435114.17575679813],[532744.51161808311,435100.64993395656],[532743.50240420096,435100.51417136379],[532750.35615042329,435051.70441524126],[532748.03355596936,435051.40648112446],[532748.59401472565,435049.28015763033],[532741.733924523,435048.42005563062],[532741.65577184432,435046.8969080681],[532742.25664365455,435046.98860299587],[532742.33958018955,435046.47779344115],[532731.61424043146,435044.95196452271],[532731.26345353317,435046.9694806328],[532722.57294306718,435045.73064203653],[532722.58447530586,435045.17973817512],[532707.8745296587,435043.1388233332],[532707.45993163716,435045.59703174606],[532703.08424400713,435044.97748013772],[532703.86020174541,435038.16121602803],[532703.35719448538,435038.11524862237],[532704.11276636308,435031.80184081662],[532692.73394111195,435030.06431579031],[532681.93706073763,435028.41564721614],[532674.69454127038,435027.30965128262],[532669.48697768652,435026.51442873105],[532662.91129810759,435025.56647972018],[532661.2418604265,435025.35432668123],[532657.91753913206,435024.9565038383],[532627.37232746324,435020.43449888192],[532578.62686654821,435013.20530479867],[532530.83519836282,435006.15900246706],[532487.90572879685,434999.87987958733],[532466.27375465445,434996.7114814017],[532458.55843135831,434995.54681079369],[532445.36399314064,434993.52688214649],[532434.33478040493,434991.85071812943],[532426.87500400818,434990.73061175738],[532415.66644534352,434989.05001171585],[532406.30299775593,434987.64611253608],[532403.30435572308,434987.196553085],[532400.63027221942,434986.79560833052],[532400.67543458415,434986.44521377329],[532393.36023842322,434985.2867477769],[532386.93390190206,434984.26899313182],[532381.63469073328,434983.42975573428],[532380.05607485434,434983.17978037614],[532377.94173826743,434982.84491148777],[532377.88267047831,434982.99022869952],[532372.11292731029,434982.01003916282],[532367.38862411352,434981.47521638032],[532363.79201240558,434980.82499200292],[532363.84661834768,434980.43449360039],[532327.05627095583,434975.04284683336],[532329.45985993778,434958.65719169471],[532325.35964348225,434958.03406086285],[532314.87925848039,434956.40763205476],[532301.76886361022,434954.3731579259],[532288.17027525755,434953.11058733147],[532247.14894630318,434947.16545679513],[532173.78726706433,434936.54044845607],[532125.8646023015,434929.59986379277],[532126.24227196781,434926.72972443234],[531905.63024978887,434894.89458125085],[531921.714649742,434786.89628261235],[531844.87920901179,434776.34746878222],[531840.09075029835,434763.19931976404],[531842.66218476812,434751.74298507255],[531848.26941978442,434714.69801432453],[531913.32565009163,434285.68816495128],[531959.59009695693,433977.7686213851],[532019.27221085387,433783.55800238624],[532074.79506760032,433672.35937577486],[532155.0061379323,433675.35436280537],[532250.69898274122,433678.92754893657],[532384.27269348502,433683.90226184763],[532456.48150944652,433686.60883031227],[532473.85537399095,433687.26002127584],[532478.37207987276,433658.45856527798],[532524.40627038176,433665.44712882955],[532624.34970414056,433679.86361450981],[532648.57224876911,433683.18151778169],[532666.10958743806,433683.08094898053],[532672.56306125689,433682.68195618689],[532740.5273017959,433678.3868680289],[532768.56936207809,433674.7504370464],[532770.57118228113,433669.14657559525],[532781.74402235972,433670.60633156728],[532782.4746366716,433664.71649672836],[532785.86024090578,433638.45654048119],[532789.04660601041,433616.47696390189],[532790.69378262584,433616.3484455226],[532810.07077183353,433619.92387089785],[532815.64099266008,433620.95917500742],[532816.60823280853,433621.10221134499],[532835.45913828956,433623.88896241505],[532858.9507615217,433627.3320150068],[532876.69014338055,433629.91195011232],[532901.03827567108,433633.4324000692],[532932.14754100051,433637.83371215127],[532928.13293673284,433667.91942974366],[532945.49400903343,433670.26970197354],[532951.37020743859,433669.53954351507],[532951.47052531922,433668.83861827478],[533053.61250683735,433659.92884467915],[533054.59094692394,433655.48827883601],[533088.404191065,433655.8540854305],[533229.91324354429,433638.37767176889],[533229.31585769251,433642.91294674017],[533372.17130239704,433630.34090432525],[533365.84779186465,433676.85389342438],[533326.85518953169,433680.24053781666],[533325.26070327486,433729.39673937019],[533337.73896319699,433730.58475549519],[533328.67032235663,433787.83229822107],[533341.13335558434,433789.43305605464],[533341.30103024316,433787.0195106864],[533372.01406646008,433785.03936021309],[533407.73411467369,433790.49581333529],[533494.30211745005,433803.70186208189],[533707.93444301386,433836.01546889637],[533906.22467303404,433865.28843013477],[534134.00372681441,433898.89983241539],[534233.54736055946,433913.55726033915],[534448.32068894547,433946.92024308257],[534444.44122079981,433972.84432164673],[534438.03949129151,434015.56695410609],[534425.66176685318,434098.17741218582],[534416.29138637509,434160.71637775656],[534409.38954192831,434206.78021827154],[534404.61050428252,434238.67548610829],[534399.64076681866,434271.84424843173],[534389.31629254029,434303.82525852788],[534370.06010555383,434336.71824520361],[534358.43542420177,434373.72385368217],[534358.19916419953,434391.54767937586],[534357.89511774981,434414.48493141495],[534367.73882708966,434450.92630455177],[534385.11587496987,434489.42297094967],[534396.09437201836,434524.69232623465],[534403.53951215511,434559.19346422609],[534414.77986098535,434611.4138700217],[534421.5617746627,434643.45489717275],[534421.48236337234,434683.98819375783],[534400.6948996525,434687.42064232286],[534376.73370176088,434691.29875635728],[534351.69731488812,434695.36030699965],[534331.5166025135,434696.38408596814],[534320.58297664078,434696.93137480877],[534326.77967902715,434739.00695437845],[534334.24388731248,434789.79930742458],[534341.10727346467,434836.5026463531],[534368.22734411038,434833.41246708483],[534370.84078656172,434833.78636055719],[534371.44675981486,434839.38013038877],[534373.5325984899,434839.14595716726],[534384.40873717947,434900.18556093052],[534401.3251867271,434995.12376462296],[534505.55387503747,434979.53345483728],[534536.72765850881,434980.84019626398],[534567.34947862523,434982.12372738216],[534607.60622123629,434985.96877714526],[534620.37562318554,435091.45533572882],[534611.05393419263,435098.90844538528],[534622.45305248653,435107.39651925117],[534645.24594092742,435099.58706493583],[534657.17661260115,435103.4625258306],[534637.34045024798,435158.08393642865],[534630.63401149237,435182.20437962003],[534610.5361455658,435262.02409644704]]]},"properties":{"OBJECTID_12":1925,"NAME":"Śródmieście-Wschód","NR_OKR_JP":26,"SHAPE.AREA":3492953.03100958,"SHAPE.LEN":9210.8817901939292}},{"type":"Feature","id":1926,"geometry":{"type":"Polygon","coordinates":[[[538214.78787287942,434264.43982679769],[538164.11062325677,434298.28755793348],[538079.00843249599,434356.13943437487],[537966.68800677801,434448.31514928211],[537871.86832444929,434526.90509579889],[537817.72924309748,434568.85069574974],[537753.03632991121,434616.07139576785],[537716.08538561279,434645.41385139897],[537664.56784758752,434687.64061388467],[537635.10894410009,434708.91102338023],[537506.49828957743,434798.84189334325],[537441.65109818825,434840.52017009724],[537335.9642984682,434891.11761131138],[537246.38430798368,434922.52981590386],[537033.84142488777,434995.2505497532],[537088.06197176559,435171.28189831786],[536935.74136436114,435223.87553513236],[536789.78567699145,435274.89486836921],[536744.97973894561,435137.40837458707],[536702.25092176092,435142.91010473389],[536658.91398783424,435188.35591857042],[536645.69186408434,435196.21676974278],[536479.29057271499,435253.09351047594],[536501.43333748891,435370.29897244554],[536520.2289459079,435483.90110559203],[536530.22874358273,435539.53831382189],[536545.34459338698,435596.78365927096],[536555.24932162545,435642.45774215274],[536588.5294268349,435801.97302361857],[536608.29336239677,435893.40244742762],[536626.46618583694,436002.19681911822],[536667.54716520675,436218.30301202647],[536773.0502364001,436761.59581308253],[536591.11594521068,436772.43352187425],[536374.72116056643,436794.58371734433],[536084.2529236339,436822.2600262193],[535844.2371969088,436845.85445489082],[535653.7694787056,436835.17418056447],[535387.51109431987,436821.09895165171],[535010.18373345642,436797.06215632893],[534841.26206989808,436785.44629300572],[534804.45677640487,436778.00831477996],[534650.16547048267,436741.45343812648],[534602.60600133205,436894.79664331675],[534643.72535576113,436908.42219909746],[534633.43603944068,436943.28330276068],[534625.15416297235,436971.34284845181],[534585.47334883176,436960.5928912079],[534533.59842051123,437142.91524348501],[534447.67940113158,437120.44598711189],[534439.07611227199,437113.63848399371],[534411.36916739482,437104.31054710876],[534358.58207079663,437093.11389399972],[534262.19732938241,437037.64709629212],[534199.06020861864,437005.46286008507],[534162.5815553912,436975.56490329094],[534150.17260653386,437043.31779699959],[534086.66870781675,437207.8610013416],[534039.82728560781,437361.24361073133],[533999.97899064689,437462.3965511946],[534000.00143343641,437462.52456049714],[533990.06487120409,437453.27503547817],[533943.94468950306,437411.37109662406],[533932.45808940183,437400.86585835926],[533931.28710083384,437398.5534252394],[533932.08195694943,437395.92870732211],[533912.28334915463,437382.92698283214],[533841.0764316339,437320.0491403006],[533738.49501896766,437228.29249473568],[533692.14621472312,437186.92271421757],[533694.90740900021,437183.49701973423],[533687.65900814172,437173.80277108122],[533670.67415664846,437143.12610548083],[533688.8538250468,437132.2491644891],[533715.38357746042,437117.37058227789],[533781.24885978911,437079.8214620091],[533812.42640813661,437061.62802227121],[533839.03675700643,437045.64595172182],[533861.98179334786,437031.50141071901],[533908.39115536935,437010.06937949825],[533950.57925448532,436990.21208020858],[533999.83568658703,436973.32683960441],[534018.51370997366,436974.78950489219],[534052.88453349785,436926.1990640508],[534090.198019212,436929.66463260446],[534114.30249567679,436918.0112783052],[534125.53898256377,436887.68661458418],[534141.41344548168,436867.63165783416],[534161.68297252385,436859.80847522337],[534170.87400012836,436848.65951136127],[534159.81553762464,436840.96627423726],[534166.97428770573,436833.98511600029],[534186.0911449038,436815.34254310094],[534200.22632518737,436801.85102666821],[534213.20813464886,436789.53128604405],[534224.16522507439,436779.13289763499],[534232.51988462242,436768.98137254268],[534242.77700473997,436756.46865841281],[534248.21957299532,436749.82334246859],[534257.39703204471,436738.61770483013],[534269.23947452381,436723.52209902089],[534286.48627275007,436701.01349909883],[534301.55087445711,436679.29124627169],[534317.37601879274,436655.59712876566],[534328.22395589144,436638.31968642492],[534345.13935030589,436610.666263639],[534368.70757207496,436565.45696558524],[534383.61712012638,436533.71322192159],[534395.20465598232,436508.69683186151],[534401.62165264273,436494.84310203418],[534408.13746819913,436479.20317016542],[534411.58064052311,436470.81742695905],[534426.06401280838,436435.54351871833],[534442.97284273629,436402.63179431111],[534463.35980147705,436362.95000621211],[534470.52182695409,436349.00940965675],[534471.93875732296,436346.25154324155],[534479.80561145698,436327.29731264524],[534495.77508128621,436288.82148368005],[534510.40584645118,436264.25594166666],[534530.34759963385,436274.95421293285],[534540.3908266474,436266.96322723292],[534519.14434604009,436246.54804407433],[534538.14135772688,436225.7176605612],[534547.82948861038,436215.0946509093],[534549.81842930824,436199.52711342182],[534551.74888637697,436184.41698313039],[534554.60698401474,436162.04591370653],[534564.62473066791,436135.34537331853],[534570.83129079523,436118.38215002697],[534576.10262495605,436103.9448307557],[534581.44980003184,436089.11332560703],[534586.07502599852,436076.28423537966],[534589.38118246803,436067.71569597069],[534593.24020708574,436057.80113845132],[534598.84505256207,436043.40211800393],[534601.78885576292,436035.8399018636],[534603.8501951847,436025.57214685623],[534605.96673040837,436015.02981185168],[534608.2964713471,436003.32490217499],[534609.53123069543,435997.19441786408],[534611.79391701892,435982.48057383392],[534613.84328573593,435969.15426076483],[534615.02055270935,435961.49885150045],[534616.53473002254,435951.65243453905],[534618.1539598112,435941.12261756882],[534618.79099614767,435936.98045194894],[534619.55784868181,435927.16257380415],[534620.33660245943,435917.19233084563],[534621.35013357166,435904.21510952804],[534622.51039169775,435889.35968865268],[534623.64532360411,435874.82900551055],[534624.41845679749,435864.92979394179],[534624.45693358453,435856.21589927282],[534624.50544021092,435845.21684428304],[534624.53836718528,435837.75951344334],[534624.56994338369,435830.6189963324],[534624.61253784073,435820.96665187087],[534624.61250143009,435812.99310719408],[534624.18469119573,435804.03227195609],[534623.83774856199,435796.76323307864],[534623.50972862833,435789.89017848391],[534623.15617804683,435782.46722979099],[534622.81852571201,435775.30719292071],[534622.31995534431,435764.73567011487],[534622.22795442597,435762.78589332383],[534622.23321668466,435761.65405282285],[534622.2810979879,435751.43260372896],[534622.35334495176,435735.96381258685],[534622.42183166137,435721.32103905827],[534622.48872299131,435707.00637532305],[534622.57555923366,435688.45537662786],[534622.62748482591,435677.34834460821],[534622.66681806836,435668.92984729353],[534622.69074292958,435663.8106284868],[534622.70777983859,435660.17104763817],[534622.60073177342,435658.71255974565],[534620.34662765812,435634.838630924],[534617.51100301009,435605.20150893833],[534614.90054577542,435577.91867438238],[534613.05808533123,435558.97800616547],[534612.33592344134,435506.42739074212],[534614.13825719233,435478.76124070957],[534619.0642829868,435440.44320681412],[534624.28263785969,435397.50674752612],[534628.85777006287,435359.85719867703],[534634.04477094521,435317.19179607183],[534664.24348266632,435280.63098584954],[534668.11343948345,435266.23718140833],[534650.15824326954,435263.55533269141],[534643.64407646819,435263.44030751754],[534625.20122949977,435263.11452784017],[534615.08371908381,435262.93589606322],[534610.8431333428,435262.86104225926],[534610.5361455658,435262.02409644704],[534630.63401149237,435182.20437962003],[534637.34045024798,435158.08393642865],[534657.17661260115,435103.4625258306],[534645.24594092742,435099.58706493583],[534622.45305248653,435107.39651925117],[534611.05393419263,435098.90844538528],[534620.37562318554,435091.45533572882],[534607.60622123629,434985.96877714526],[534567.34947862523,434982.12372738216],[534536.72765850881,434980.84019626398],[534505.55387503747,434979.53345483728],[534401.3251867271,434995.12376462296],[534384.40873717947,434900.18556093052],[534373.5325984899,434839.14595716726],[534371.44675981486,434839.38013038877],[534370.84078656172,434833.78636055719],[534368.22734411038,434833.41246708483],[534341.10727346467,434836.5026463531],[534334.24388731248,434789.79930742458],[534326.77967902715,434739.00695437845],[534320.58297664078,434696.93137480877],[534331.5166025135,434696.38408596814],[534351.69731488812,434695.36030699965],[534376.73370176088,434691.29875635728],[534400.6948996525,434687.42064232286],[534421.48236337234,434683.98819375783],[534421.5617746627,434643.45489717275],[534414.77986098535,434611.4138700217],[534403.53951215511,434559.19346422609],[534396.09437201836,434524.69232623465],[534385.11587496987,434489.42297094967],[534367.73882708966,434450.92630455177],[534357.89511774981,434414.48493141495],[534358.19916419953,434391.54767937586],[534358.43542420177,434373.72385368217],[534370.06010555383,434336.71824520361],[534389.31629254029,434303.82525852788],[534399.64076681866,434271.84424843173],[534404.61050428252,434238.67548610829],[534409.38954192831,434206.78021827154],[534416.29138637509,434160.71637775656],[534425.66176685318,434098.17741218582],[534438.03949129151,434015.56695410609],[534444.44122079981,433972.84432164673],[534448.32027020084,433946.92614501528],[534450.44490342471,433947.23269318044],[534458.24439849402,433829.79327396583],[534470.91992588749,433642.91153723933],[534477.32908883831,433550.86439210735],[534576.96497243573,433539.96102831978],[534653.89699607051,433532.1896633869],[534719.41670938511,433525.57114349771],[534843.16374054737,433513.07079005055],[534967.34982782893,433499.10306635126],[535113.44305566419,433482.94527739659],[535200.48770116887,433473.34755201638],[535212.67287961137,433472.11365826242],[535276.28334587661,433466.40455690213],[535342.73626312381,433460.44032058958],[535456.9430736932,433449.83686140552],[535550.51791401673,433440.64568066597],[535624.21681410412,433433.40685347468],[535765.95138923684,433419.48524772283],[535915.35761464573,433404.8101741951],[536084.23741753434,433388.22235314548],[536230.50333324564,433373.85568027757],[536377.77012715361,433359.63218734972],[536443.70203562093,433353.27997071389],[536428.93094248942,433340.28588516638],[536439.40457613009,433339.26833913941],[536480.42365097685,433335.64807502553],[536493.25697107788,433334.51542704366],[536508.16118681291,433332.40919734072],[536555.92124260729,433325.6598756779],[536571.57251631073,433323.38930292521],[536595.37886838883,433319.35348324664],[536623.60167443508,433314.5688532507],[536648.57225987909,433310.33568827529],[536669.65619126358,433306.35908485297],[536697.60095441982,433301.07009884156],[536727.12130133761,433295.48298887163],[536811.01889668324,433278.855061315],[536878.21771466197,433265.38090630807],[536926.97774890123,433255.60394246504],[536968.60193201981,433247.30722604878],[536936.06178421853,433258.74116187915],[536912.18811031396,433267.55229451787],[536908.25906222442,433269.0023607295],[536899.41426957143,433272.80344536994],[536888.67964876094,433277.41663175728],[536849.02902942873,433295.04610228073],[536794.3220946244,433328.29380335659],[536758.3819840739,433354.38676510658],[536742.80508075596,433365.69564076606],[536706.92118445248,433394.74411414191],[536652.39267291641,433444.33515977301],[536579.40679697332,433510.52398264222],[536456.14716233744,433622.30451862328],[536300.7632298664,433763.21767473407],[536128.64222879929,433919.30931419414],[535944.28719820094,434086.49582194816],[535752.38621126104,434260.06344406866],[535690.52236497379,434314.77238982543],[535661.09018906171,434337.78874925431],[535636.1088025606,434355.8625390837],[535545.04488092219,434410.07612791751],[535448.76477527234,434463.96512361802],[535454.43778678752,434474.18085505255],[535457.77642403531,434480.17825368419],[535460.68031121488,434483.93616936263],[535462.55222962156,434485.4469025936],[535464.98107469524,434487.16805690341],[535468.28910054092,434488.75443376694],[535473.12558430969,434489.98726507742],[535476.59521865833,434489.13340549637],[535485.54101303569,434487.45673121139],[535492.65171656769,434485.85439127032],[535505.54931544571,434482.94368724339],[535526.60625873914,434478.19170820341],[535550.29986421275,434473.37209114339],[535585.02005612757,434467.78255883511],[535642.3813568945,434459.18258154951],[535728.56655641354,434446.17342345323],[535843.69536901149,434428.81370713841],[535944.96582881035,434414.17050746828],[535961.82054530457,434412.6367114298],[535991.48594454618,434408.19500601944],[536053.53800524864,434398.43222424388],[536094.18614987715,434392.20356794447],[536199.81613477622,434376.16835908312],[536269.48519724933,434365.49245142844],[536382.23559814366,434348.05605089199],[536510.50669784751,434328.2734974809],[536629.01901355223,434310.23992985487],[536755.71548646817,434290.59600876365],[536887.64278014936,434269.95006722491],[536973.47412764456,434256.1245448729],[537067.29111032351,434241.08523376007],[537130.25446749059,434231.10392057896],[537170.87696165103,434224.66437391378],[537285.31013514276,434206.52388788387],[537406.42941731273,434187.23820492532],[537481.18085836747,434175.26004283503],[537553.18615324609,434163.75365953986],[537646.73743313551,434148.82474886253],[537772.00265873666,434128.8773267027],[537948.79173367389,434100.85385689139],[538091.7984134407,434078.77069463022],[538136.47060459817,434071.87239533756],[538145.06588069955,434101.10127568245],[538156.53946772055,434127.82968995348],[538185.5656714458,434195.03732262645],[538214.88991777797,434263.37672034185],[538214.78787287942,434264.43982679769]]]},"properties":{"OBJECTID_12":1926,"NAME":"Stoki-Sikawa-Podgórze","NR_OKR_JP":33,"SHAPE.AREA":8025151.0359301995,"SHAPE.LEN":19946.8857225842}},{"type":"Feature","id":1927,"geometry":{"type":"Polygon","coordinates":[[[542020.41914093413,434897.21567121241],[542030.77982984495,434906.50735878292],[542197.80233372119,435051.69943116605],[542237.15151753474,435080.49041318335],[542346.82400143961,435177.02157730795],[542531.6488658099,435334.90079209581],[542637.84013993363,435420.97654064279],[542638.17342327582,435421.23179791681],[542635.75224779244,435424.67275658622],[542610.02168223879,435461.28173853923],[542603.35626468516,435470.76695956942],[542596.0534577847,435481.14034268074],[542594.2106820296,435483.76390289795],[542571.57768963359,435515.97327980027],[542564.68657869741,435525.76139980275],[542557.9231649813,435535.38787408173],[542539.83812302572,435561.1091160858],[542529.66343944427,435575.57921451982],[542524.65479653096,435582.72324384656],[542509.15736037726,435604.75141069014],[542526.41467090615,435708.11634318717],[542539.91382595955,435788.84778851829],[542549.8554951743,435848.46199456975],[542554.41734518681,435877.23039591406],[542575.94769276259,436013.07522841264],[542574.42356165475,436106.68437074684],[542573.065550272,436189.81814705487],[542572.96848329494,436195.85549510643],[542570.13544905663,436368.16067200992],[542644.33721108991,436362.38596403599],[542668.90402309969,436368.43475870043],[542702.81701838505,436389.22553175222],[542700.39521719085,436410.10499089397],[542689.4361506002,436504.35320440494],[542664.08710338944,436691.1578560546],[542662.79853025847,436701.39878452104],[542648.63703151373,436824.45195896365],[542639.33660539135,436896.82186205406],[542626.12661483802,436989.43207752798],[542622.69039520947,437019.40946356859],[542617.99628441641,437060.40684491675],[542607.22955869883,437144.62906352617],[542605.59739395266,437158.96201049071],[542595.44977951527,437238.04912284482],[542591.18818295025,437278.52091769036],[542577.323482231,437378.76510181092],[542571.33559922024,437421.60903266165],[542569.53016095527,437429.13884934317],[542532.41850824282,437537.2270077318],[542510.0253850444,437600.7525169244],[542497.23599941528,437635.87492403295],[542449.93759295053,437759.73255836964],[542446.74795098044,437765.43258809298],[542408.00214265869,437874.59252031241],[542375.14607539168,437967.26248187665],[542367.24464289402,437984.25975160953],[542289.5514876442,438151.46615983173],[542341.38853291958,438284.1169972606],[542321.61631192348,438336.90365484077],[542321.64105969644,438348.17588233761],[542357.74950908753,438509.30387025885],[542371.43913523015,438570.38563141134],[542482.18357905513,438852.78881950118],[542300.90912106528,438792.04786519986],[542264.58576672117,438784.96127276123],[542232.98199406837,438778.79926807061],[542214.54479402048,438775.20478786156],[542202.600526736,438775.04889027961],[542201.44438811252,438775.27461574413],[542167.22955621267,438782.01995345764],[542172.18337405962,438797.10199485067],[542137.80969817878,438812.66370473523],[542132.88351111056,438814.88987645414],[542128.23544175131,438816.99231106881],[542055.82314389409,438849.76497201063],[542019.35586818983,438864.23615259212],[542001.44952599541,438870.19808867015],[541900.40695557825,438903.76335167699],[541669.10607562808,438934.84878961649],[541630.7241291668,438932.86710275151],[541558.64038372377,438929.13931159582],[541517.34803182073,438921.89105074387],[541510.69203553058,438922.59198046289],[541450.97749360662,438928.86776904296],[541361.68077753054,438926.28556658793],[541340.88058899238,438927.46039322205],[541336.65725444048,438919.00394382793],[541292.06993719726,438914.87886696309],[541235.59326319944,438900.76360573899],[541217.19357984012,438899.17728667334],[541185.8274503916,438903.05541149527],[541063.54214224289,438930.31654052995],[541041.56405055686,438938.14316941518],[540921.37565580918,438963.09703519288],[540857.32305509225,438974.40908825677],[540813.2987874106,438982.18846115563],[540806.33584013907,438979.45586181991],[540800.22814027674,438974.23315472342],[540787.09363201854,438974.73317178898],[540783.38212024455,438975.17384388484],[540753.03126801446,438978.7582272552],[540718.7093957878,438982.80683087464],[540688.26861624746,438986.39244886581],[540657.47881613218,438990.0328235114],[540562.64505569707,439001.24759400822],[540556.09480662667,439006.01440474018],[540552.84267651732,439020.26970234048],[540547.28030745382,439022.74445341341],[540482.63554544689,439027.3190708058],[540459.1339893504,439026.08257567603],[540353.53953193629,439018.52742016688],[540283.97866104171,439018.78237273544],[540265.5201119401,439018.00633055996],[540239.6902552509,439017.51131721307],[540158.42156930966,439017.36728726793],[540123.22908343468,439006.03793219849],[540018.55732172972,438997.27089177724],[540011.02955748653,438997.0743816765],[539955.292597297,438985.16748928465],[539902.43038485129,438957.72130452935],[539874.26177226088,438944.0970024569],[539861.54039550084,438941.93309172802],[539824.09746590815,438948.67278832942],[539807.43279770517,438938.79807229899],[539732.9763770093,438872.1440549111],[539696.43627772934,438856.55597454589],[539609.28452021803,438831.87875981256],[539523.36325617274,438808.7536263112],[539486.32301853236,438793.13242480159],[539390.03527098661,438721.70122558624],[539320.10596938629,438655.05497012846],[539283.49200909364,438618.06188239995],[539256.65061500983,438586.09132810682],[539249.35836178169,438565.91464894358],[539233.82765050826,438543.27269463893],[539222.78004042408,438534.18032401148],[539210.1703809012,438527.77764034364],[539204.34344145469,438524.80958447512],[539202.82388219191,438524.04095047619],[539168.24072323437,438507.59652545769],[539132.01796725905,438490.37511782162],[539087.45007554977,438474.56735990103],[539084.17623093654,438473.40307015553],[539070.43823780678,438468.52487846371],[539065.39722131682,438466.02572419215],[538990.03218980366,438404.5306641981],[538966.5150867342,438389.78318461403],[538943.74366668961,438375.48517215624],[538916.67799318943,438358.48788084649],[538872.54658490664,438330.79188350774],[538865.20800265379,438326.17565506231],[538830.98157849105,438300.04264200106],[538808.03625942569,438282.53910481464],[538789.37728992873,438269.34390243795],[538747.08469293977,438239.46407346148],[538689.3449416298,438227.99429166596],[538647.7086940665,438219.73132389691],[538606.06231502711,438211.45850039646],[538602.50488106639,438210.74780538678],[538594.08186303079,438212.3124251496],[538592.97526382224,438212.50749051943],[538592.53659547225,438213.75629753713],[538606.34092091839,438164.9727351265],[538621.79002971516,438076.50351367518],[538602.73105046619,437932.1489529619],[538546.28120562981,437680.4318155013],[538507.11024988629,437499.33461763524],[538493.57823088439,437459.55785770901],[538466.41967421351,437363.41845926084],[538433.66441007738,437247.46671668626],[538400.89993743261,436987.60173749644],[538386.42456999607,436897.42830824293],[538354.43052666611,436693.14004042093],[538350.39708765864,436665.80834690575],[538343.49637906998,436636.05489158817],[538334.65671524836,436590.04656078201],[538329.21525252913,436557.92501940206],[538324.50175758195,436511.28696036991],[538321.04393335909,436470.41060429532],[538323.26966834359,436399.88768522348],[538322.78283306363,436349.06823878177],[538327.14496573387,436318.51170922816],[538380.96039685479,436113.87293319311],[538384.23026820517,436091.22963463049],[538388.69808329188,436006.87108516227],[538389.94476793753,435947.74717367068],[538391.97103412461,435904.06078393199],[538490.37736622675,435740.41169601027],[538539.10506902169,435658.13294525165],[538630.84187949239,435507.28421495575],[538686.69612598128,435406.83216985036],[538708.38990376028,435371.35921328422],[538707.48810454807,435369.37818444241],[538709.74153603159,435368.98501430638],[538732.54249028815,435328.93615555018],[538765.91148552787,435270.32499234751],[538779.34012069087,435246.75439922325],[538796.75629519729,435214.85142751504],[538820.1758433514,435167.5519305449],[538837.8736981143,435124.77470591757],[538856.87928123854,435079.01588584762],[538863.53431061225,435064.65264216904],[538869.53670368507,435035.76994737238],[538908.18529849476,435051.6810364658],[538947.66561541171,435072.77052293904],[538968.51691229513,435089.96171977837],[538992.12783142028,435120.87536873762],[539013.41740988404,435149.62788681127],[539038.27052939124,435186.32050346024],[539058.75365510187,435216.52433566004],[539070.40228394489,435231.32648617774],[539105.59705541423,435270.34444320109],[539136.71142500173,435297.63346915506],[539156.44176019437,435313.57175666653],[539235.6998118948,435274.06584096979],[539277.17227264284,435259.47850676812],[539273.41564643988,435262.65648404509],[539320.92385255592,435241.97760222014],[539444.12503556127,435188.35186713561],[539592.56835941738,435124.07290595677],[539700.96536098944,435078.88985966984],[539739.11811069329,435062.98677141126],[539787.15742237028,435042.96260302793],[539834.51030609477,435023.22447080258],[539871.17215307464,435007.94274319988],[539909.4853693659,434991.97270545922],[539930.85342646833,434983.06589202955],[539963.97891662503,434969.25823517423],[540001.09376883099,434953.78772087116],[540031.72764313221,434941.01868053712],[540081.2942428739,434920.46331956051],[540137.753967111,434896.91672457196],[540204.20050493942,434869.12706164643],[540298.63961345691,434829.7620406365],[540380.43503550289,434795.66738897748],[540478.00048543757,434754.99934175052],[540529.34268431726,434733.59849860985],[540556.77882583463,434722.16228906624],[540608.2221207876,434716.78284279816],[540672.83316553,434710.02639509179],[540781.22391605494,434698.69194911979],[540910.70781445131,434685.15178653784],[541020.09852793277,434673.71269408613],[541246.98902538023,434649.98669375293],[541302.53144571173,434667.37002900895],[541356.84429002181,434684.36858798098],[541411.71186983422,434699.18146909028],[541570.53868451738,434742.06078752689],[541672.6483910667,434769.89155462757],[541814.89226245752,434823.88279167097],[542020.41914093413,434897.21567121241]]]},"properties":{"OBJECTID_12":1927,"NAME":"Nowosolna","NR_OKR_JP":28,"SHAPE.AREA":15575501.9512469,"SHAPE.LEN":15546.619787028001}},{"type":"Feature","id":1928,"geometry":{"type":"Polygon","coordinates":[[[532478.37207987276,433658.45856527798],[532473.85537399095,433687.26002127584],[532456.48150944652,433686.60883031227],[532384.27269348502,433683.90226184763],[532250.69898274122,433678.92754893657],[532155.0061379323,433675.35436280537],[532074.79506760032,433672.35937577486],[532019.27221085387,433783.55800238624],[531959.59009695693,433977.7686213851],[531913.32565009163,434285.68816495128],[531848.26941978442,434714.69801432453],[531842.66218476812,434751.74298507255],[531840.09075029835,434763.19931976404],[531835.55380894069,434750.74187566712],[531758.69065812731,434740.14806436561],[531745.12543188757,434821.38159422856],[531737.75892866042,434870.66846032534],[531713.91990989028,434866.9146157233],[531696.08978703106,434862.16624784656],[531685.86822726799,434858.71823199652],[531676.19585314009,434857.11659492832],[531675.57338682364,434861.52770718839],[531605.1414199745,434851.02369311545],[531536.22358998843,434840.82690056693],[531464.20380605373,434829.81869402155],[531437.07454862213,434825.90180239733],[531396.00016551011,434819.72852679249],[531379.6360542184,434817.28725749813],[531368.84097065334,434815.70571287908],[531320.8832522576,434808.50915186759],[531304.29724405485,434841.5455886377],[531298.78373660264,434838.95571090188],[531220.95978633338,434826.90861538425],[531211.62067105807,434826.53701478615],[531177.02614795824,434821.42962995637],[531169.12725504034,434826.49018464331],[531149.89890163857,434808.74102766346],[531149.84567786613,434808.78053274564],[531149.86920716858,434808.65988714341],[531144.22397117224,434803.47497859783],[531140.23857202614,434799.77663963009],[531134.92349241546,434794.8444382837],[531112.87019019073,434791.75255653355],[531096.42498022609,434789.44661126379],[531085.66797760921,434787.93869545404],[531085.20991128846,434790.97303784639],[531070.96386832173,434788.89126967732],[531071.50754813221,434786.35013642628],[531062.46210085845,434784.83143973816],[531055.47137159272,434783.65772517771],[531055.52342814347,434783.2853493141],[531023.14659269829,434778.39778625034],[530967.82213816454,434770.594498978],[530920.09915966506,434763.51613132562],[530866.1216970688,434755.47700728383],[530837.02125704987,434751.09245709423],[530841.51021406613,434716.18220295943],[530846.67691742978,434677.80896567926],[530850.13787145866,434653.27817531768],[530854.35895357095,434624.12101591285],[530859.29007152922,434590.05875353701],[530863.27589948801,434562.52608346008],[530868.59974912216,434525.75146939792],[530861.01372976194,434498.2509742314],[530859.81859532965,434493.92234557122],[530865.97882387834,434484.02414873056],[530866.98304408439,434482.92107453942],[530868.40679061261,434482.53178645391],[530870.44192843977,434482.98656819854],[530871.03106213012,434482.96549732424],[530872.20114110643,434476.51097318623],[530873.13320021052,434476.66078713723],[530877.50816658104,434446.61998448242],[530876.30217031005,434446.12674942426],[530890.81568953162,434338.60922642425],[530896.66827593709,434295.94353296328],[530894.75352039561,434293.32138636243],[530897.46500385692,434276.79476034269],[530918.71430317301,434281.48097443581],[530987.07719456824,434291.28031461686],[531015.99167244742,434295.60877374094],[531033.57653942285,434298.27086644247],[531049.36819435819,434300.6589412326],[531062.66360604926,434302.67230976652],[531071.99984097586,434304.08719006926],[531080.46343267616,434305.38531967159],[531083.1091615801,434305.78785666544],[531085.17687786999,434304.26046151668],[531086.076603672,434297.39581267349],[531087.21327096561,434288.7233705502],[531085.21998747438,434288.39103556518],[531086.373877718,434280.74859731272],[531089.17793322843,434262.17651671171],[531091.48232582782,434246.91417252272],[531092.70969241718,434238.78513791598],[531094.57685051346,434239.04415073432],[531095.835670745,434230.73829784989],[531098.47510025557,434213.32253609225],[531101.09322240134,434195.94164454658],[531102.96203633433,434183.02157748118],[531103.98740271793,434175.93244885001],[531101.72137514513,434175.5768709667],[531103.19811170024,434165.30009072181],[531105.33818524168,434150.40746528003],[531106.97621614928,434139.00819100905],[531109.16919683281,434139.32779441401],[531110.90576442075,434128.13983277325],[531113.22423236631,434112.97813217156],[531114.67207459966,434103.3562292615],[531116.14619807992,434093.17302536964],[531118.00328514026,434079.74744380452],[531119.99402458232,434065.35534758121],[531121.83210942871,434052.06713894662],[531124.29865261586,434034.23581745941],[531126.65248726588,434017.2876768671],[531127.76461465319,434009.29593664128],[531128.39995730552,434004.73014383297],[531129.12691320956,433993.63247872237],[531130.1931501216,433977.35307795275],[531130.98423173465,433972.06131332647],[531133.82094904385,433952.80952322204],[531136.6788888874,433932.37969687022],[531137.71918477002,433924.94338675868],[531139.56163572264,433925.20803594962],[531141.69179941388,433910.65633005183],[531143.61051242903,433897.54860053118],[531143.90200312401,433895.55737662502],[531143.67164554959,433895.52056105901],[531146.56606178812,433876.20562056731],[531148.94861256285,433860.32370422967],[531148.43701994931,433847.30606454611],[531150.71114812815,433846.25553341303],[531151.24641272938,433843.02026172448],[531151.0460303172,433842.98303510156],[531151.89861405257,433837.19134729914],[531152.54577523458,433832.79498418234],[531153.33985282737,433827.40094441548],[531153.89822355099,433823.61330962554],[531154.4635563785,433819.77950889058],[531155.31773352984,433813.98739956878],[531155.90367472835,433810.00940846931],[531157.06320629432,433801.99083586782],[531157.58943738579,433798.35184688773],[531157.71974212537,433798.38014080469],[531158.24761215271,433794.7805041289],[531159.27337447286,433787.78551124316],[531159.12322468031,433787.76758298185],[531160.34109252063,433779.11301753204],[531161.41745608277,433771.46454909723],[531161.93732884317,433767.76998303086],[531162.12744580989,433767.809249226],[531162.67543130182,433764.04404268786],[531162.48504198587,433764.00677894522],[531162.86234237719,433761.48821565416],[531163.47090352396,433757.41067807749],[531163.92215955083,433754.3311594585],[531164.52845035004,433749.78195526917],[531165.39588536171,433743.27312349156],[531165.59776973014,433741.7582240561],[531165.42763787438,433741.74066972174],[531165.56146468141,433740.80143526569],[531165.75582586951,433739.43754230347],[531165.68574683357,433739.428509661],[531167.64292989776,433724.40338207316],[531168.53390686621,433717.56343951542],[531169.0245971235,433717.63665974792],[531169.68379828695,433713.02506962698],[531171.39529198746,433700.95541964751],[531172.55981725198,433692.67414732836],[531172.74008057138,433692.70175622124],[531173.51367962977,433687.34467417654],[531173.34594305023,433687.32688710839],[531173.95685910562,433683.06393619347],[531175.08802990185,433675.17067299038],[531175.28827528551,433675.19790795166],[531176.05111672531,433669.87255323585],[531175.86429977731,433669.83344163187],[531177.12773118913,433661.35313988198],[531177.65826506948,433657.81652654149],[531175.57118929503,433655.01695735287],[531178.46356015711,433642.93511263095],[531179.96681783884,433641.78512323368],[531183.21128814749,433618.27736903541],[531186.19427000196,433597.14867852442],[531191.51038660598,433560.45464971103],[531196.63779441023,433525.06287637912],[531203.35300663568,433477.62513714656],[531207.98343262495,433444.91506583057],[531213.2898134276,433406.0745492084],[531214.10508157965,433400.07560760155],[531214.34536450659,433398.30724401679],[531214.56363121246,433397.55703003239],[531214.66368538747,433397.56565169897],[531215.47910117707,433392.16782287322],[531215.61926059425,433392.18598815426],[531216.17737714318,433388.43063706625],[531216.00724394352,433388.41298271529],[531217.44727233134,433378.35157252382],[531219.45793018502,433364.30308816489],[531221.09230605687,433352.88398164231],[531222.41757333663,433344.6493754955],[531223.07208984345,433340.38103060611],[531218.47684164264,433339.60167937074],[531219.83792536531,433330.37871520501],[531220.17325407383,433329.94459253084],[531220.55919850024,433327.32747438177],[531220.28791029099,433326.64513388555],[531221.17931157572,433319.56614006963],[531210.53423581959,433317.90456075314],[531213.2198198816,433299.39247667696],[531213.68799688248,433299.44182144385],[531213.77011314721,433298.87106054276],[531209.6610075928,433284.89639503788],[531228.74219188211,433285.87396607641],[531232.91229521541,433254.88920810446],[531234.24163557298,433246.00406342652],[531234.02140816906,433245.97720224783],[531234.92449763662,433239.82345539797],[531235.24137276132,433237.66449141875],[531237.10834169341,433238.60947027709],[531237.54451810697,433235.61800299492],[531237.70712188643,433235.63316229638],[531238.67201300024,433228.47661026288],[531239.89199664898,433219.50202347897],[531241.5985528233,433206.94765510783],[531243.22404441156,433194.98971678782],[531244.15171496919,433188.16516280081],[531239.44628098421,433186.04787968565],[531241.95154489949,433169.16552678403],[531244.24483753101,433153.71116711665],[531247.50059929991,433154.14471944328],[531247.45849207905,433154.49207453895],[531248.93048323458,433154.72782737855],[531249.07674641884,433153.72616260312],[531248.72836017632,433153.64529437385],[531249.09153825988,433151.16070391331],[531249.43180334428,433151.20320815779],[531249.57861123723,433150.19753847551],[531249.22675364523,433150.09673065227],[531249.57906499633,433147.68694134802],[531249.93339747703,433147.69857237395],[531250.09382440615,433146.60017527081],[531249.79523144267,433146.54300867021],[531249.79768397519,433146.52508650906],[531249.73989614088,433146.51598520391],[531250.09147803939,433144.11130263843],[531250.44375033898,433144.10387414973],[531250.59768732905,433143.04963778611],[531250.30858484784,433142.97035514936],[531250.664192467,433140.48027209286],[531250.95455943432,433140.54244834557],[531261.28436227597,433065.72717377078],[531262.80155490013,433054.87191544101],[531263.53872373025,433049.59798177425],[531263.67828225135,433049.61605544016],[531264.98072168359,433040.71479120478],[531264.78565972601,433040.68658554181],[531265.92209666874,433032.50623683166],[531266.17257456551,433032.55277044233],[531266.63981027703,433028.72881095298],[531266.45968538988,433028.71129349712],[531266.63906509359,433027.48641749937],[531266.8225197593,433027.47710646503],[531266.95346843684,433026.58298294432],[531266.76967501733,433026.53843314759],[531267.49881565943,433021.4151131697],[531268.74772475695,433012.64030245412],[531268.56759850017,433012.62268507574],[531271.67377932963,432989.89463626128],[531269.95525549701,432989.64497435093],[531270.28747108008,432987.39485862013],[531270.44052526413,432987.4132469371],[531272.10270156863,432975.9876654204],[531271.81233600096,432975.92558900546],[531272.56989611825,432970.26562320907],[531272.85812660342,432966.94309835602],[531272.44307914772,432962.91147692688],[531271.40605842392,432957.24923408683],[531269.18292005442,432953.27228441276],[531268.35006530699,432932.61695045698],[531282.49767946696,432912.6956166178],[531304.79600782483,432755.99543763697],[531309.84361553483,432720.52362582739],[531307.58055609826,432720.19488460664],[531312.04017316084,432688.30414457992],[531313.94565585547,432688.58871998824],[531315.15847713477,432682.49508713651],[531315.56430165935,432682.20970240142],[531315.87473271519,432680.10539245699],[531315.53771628649,432679.54177744128],[531315.86795540072,432677.30777888093],[531313.9131013155,432677.02298092842],[531317.10978617833,432656.29571176693],[531316.36885430082,432656.10569871031],[531316.96689692663,432652.10595802683],[531317.80783226807,432651.95831556153],[531324.07460286084,432614.21513566747],[531328.5491084985,432585.16657117661],[531364.68228579138,432334.35805798508],[531393.30993116018,432138.1731170956],[531389.54772587644,432137.55222709384],[531402.0347812348,432052.54713202827],[531406.96903736296,432039.23797659948],[531412.14921192639,432001.04060771316],[531415.6365552448,431979.77550402936],[531416.44720157643,431971.23695891816],[531422.34728674486,431929.90272715781],[531433.33378593542,431860.69089851249],[531428.70029791084,431858.10601860564],[531440.86104530166,431774.01532627083],[531448.34925427963,431721.74122922495],[531452.49002371042,431692.46720180288],[531457.59980885021,431654.28029852733],[531446.47697852575,431652.48233127221],[531449.48344361084,431637.87295918912],[531451.81262474181,431638.17001772951],[531460.26924407459,431579.44577646255],[531467.90334660059,431525.98124642111],[531482.90865407162,431503.0201389119],[531487.87427528622,431468.72841874696],[531490.92109934113,431447.68782032933],[531492.44716063561,431437.14934653044],[531493.60832229012,431429.13076188788],[531488.43059564405,431428.14311991539],[531498.46313784411,431356.54552629683],[531504.90853492531,431312.2675160747],[531510.45750049292,431313.03480804525],[531521.23948337464,431236.08677171264],[531530.46239273262,431172.34994896408],[531525.50264645671,431171.51681569405],[531527.5459224357,431154.79191746842],[531528.26532566152,431154.78205584455],[531529.29769039969,431147.71243029088],[531528.60661870614,431147.60198046919],[531531.65896917612,431127.64901201054],[531536.71655199095,431128.33629719913],[531538.538892376,431115.46955488622],[531598.87785415468,431124.17960931174],[531671.24672728195,431134.41606996674],[531708.25913853163,431140.17288219463],[531729.55571429047,431143.63174036425],[531769.3129394172,431149.45265994221],[531791.52411037299,431153.50818892755],[531831.33005360968,431158.70603885315],[531866.28727379837,431165.97186957672],[531862.573547384,431189.88315751683],[531854.98905045912,431207.42593002319],[531847.82579391182,431258.0014162967],[531830.76923772448,431380.9710337678],[531864.23082671629,431385.56908028293],[531865.80690466065,431389.30086473934],[531882.62785370124,431395.07092224713],[531924.34951098589,431408.6995625291],[531946.29340592364,431411.00227251835],[531983.38828120707,431416.21458272357],[531980.29246955866,431424.97722107545],[531982.34977314202,431425.72262159828],[531963.89581624721,431470.75244123023],[531951.45862187957,431502.10801058821],[531968.70276886784,431509.22459399607],[532019.26325772551,431530.23153810576],[532068.85753432952,431550.55836947262],[532076.48227026348,431553.5132784294],[532085.83594799985,431552.76145175658],[532120.19580178219,431566.84037270024],[532197.4365070893,431598.49577390589],[532275.73751957587,431630.58104525227],[532291.26353107928,431637.01732689608],[532290.1582317173,431639.04318690952],[532292.49903618987,431639.94049963448],[532291.59925791714,431642.1014535306],[532347.23908126983,431665.10741173383],[532348.87392890302,431661.16352069378],[532428.68254243443,431693.93305391539],[532528.79637020582,431735.04806581698],[532593.131500046,431761.47422350571],[532641.604708381,431781.37456743792],[532664.37345795031,431793.49722638447],[532644.53628755338,431855.25282138493],[532639.68537641084,431874.64089330751],[532633.97389766516,431901.30239168089],[532631.54174839298,431912.02435850631],[532630.05920330063,431918.57048500981],[532614.71915900172,431967.75218407158],[532602.41586981143,432007.0569800986],[532603.61072469491,432008.19585602544],[532604.72162075946,432019.24750696868],[532601.35910141643,432021.82197919302],[532580.50051345641,432059.69766209181],[532576.82600955886,432066.36987878289],[532566.6570191842,432087.10604381468],[532560.6742442114,432085.16536675114],[532539.6863698716,432150.54593792837],[532514.95124469348,432229.74943161104],[532503.69784920535,432264.26181899942],[532499.12359937828,432279.04506519716],[532495.42540005059,432290.35232858639],[532486.72420885589,432318.77402169257],[532482.85292446159,432331.44458344486],[532481.38096250698,432335.60610105377],[532477.38797722675,432349.14557389729],[532468.91671940521,432376.26095437817],[532466.2454675812,432384.06258454826],[532460.54639228457,432403.2374403188],[532458.0697781631,432410.9634491168],[532451.1769257728,432432.6132915318],[532446.63704996859,432447.06068485323],[532436.29306593142,432480.8430737881],[532420.85251172155,432530.10383315943],[532398.82703899639,432600.41840028483],[532408.46216547664,432603.43027613871],[532418.42367651535,432604.00723959319],[532409.71894869546,432646.25949809607],[532398.70246466389,432644.54174239002],[532392.79372465936,432687.36127873044],[532396.60938355001,432687.9525496522],[532387.0983566168,432731.16525578871],[532409.37659710308,432734.26761314459],[532409.3230308363,432734.73404817376],[532414.3194907977,432735.4390455503],[532414.32797556138,432735.32899989281],[532417.92135239427,432735.84556812886],[532435.87797201041,432738.41595802736],[532449.19481981033,432740.37739510927],[532452.11973792105,432740.87294777203],[532464.76738912589,432742.70125144999],[532482.5204750601,432745.26703625452],[532481.15975718782,432758.1469225632],[532480.41993975407,432763.81812581699],[532478.86380264314,432774.2456702413],[532476.71722159034,432789.21969192848],[532472.68293878424,432818.28904892318],[532469.01735647325,432842.80557537917],[532466.48640255828,432859.7095301915],[532463.47563009558,432879.82580268104],[532460.29641363351,432901.06796249561],[532459.233441405,432908.17037956882],[532440.14901909034,433035.81674513128],[532436.96359114686,433058.23083855212],[532436.78341181576,433058.20932446886],[532436.22836190055,433062.188381535],[532436.39863173547,433062.21602763236],[532435.87042073824,433065.94407785404],[532433.70764898683,433081.20903702639],[532431.50560282869,433096.75095711276],[532429.53149794193,433111.76718789991],[532424.2447783188,433149.81176343467],[532416.07191141217,433208.00118761696],[532407.65605839097,433266.99612964131],[532404.04264501738,433291.16896737646],[532398.95260700199,433326.05018156394],[532399.17291754961,433326.08313758764],[532397.51663182687,433337.20871062856],[532397.396457455,433337.19037128519],[532396.70250385837,433342.70035062172],[532396.9530635064,433342.75287902169],[532395.82128519611,433350.58737127203],[532396.07157083636,433350.61991627421],[532393.83674693166,433363.60323312599],[532391.97129023494,433376.47025687806],[532386.36397102452,433415.20559259597],[532386.21382155595,433415.18766428437],[532385.61875239667,433419.16327341739],[532385.76903887012,433419.19119342603],[532385.16053462459,433423.60090785008],[532384.73820160504,433426.66163504403],[532384.45094606956,433428.74313835334],[532384.23071771429,433428.71617738437],[532383.39130107814,433434.54994470533],[532384.04207578371,433436.72861505859],[532387.52480627398,433437.18553557061],[532390.53096980287,433443.60616123397],[532403.13145396882,433450.63085675333],[532406.7635875725,433455.48979731929],[532407.63371465215,433457.07763769571],[532417.41763167153,433458.55764294043],[532427.85502251424,433459.97162437998],[532434.80989209434,433460.90749619715],[532434.80162207829,433460.99675228447],[532436.57393242826,433461.2554684002],[532440.41131861985,433461.81325769611],[532445.92291162605,433462.62491227314],[532448.76644136594,433463.08100346662],[532448.75244779978,433463.20471592899],[532453.40817691293,433463.84042676166],[532453.42566855229,433463.68758503068],[532455.92582907574,433464.06423859484],[532461.68802424113,433464.9461095091],[532461.71594423533,433464.79582305159],[532465.1724966357,433465.29687413201],[532479.39275923371,433467.38901511114],[532488.6915149698,433468.74715514295],[532500.3124332088,433470.45191022474],[532504.76483249315,433471.10509954672],[532503.48559795716,433481.29709795676],[532501.80703335407,433494.71869885642],[532500.11098871566,433506.69057189208],[532498.29769283405,433519.30184265412],[532496.86338504823,433529.27710842062],[532496.52626944054,433531.62152646855],[532495.3747933933,433539.62997626793],[532493.55346452817,433552.29672180396],[532491.42449456104,433567.10331264324],[532489.81044704141,433578.32804147713],[532478.37207987276,433658.45856527798]]]},"properties":{"OBJECTID_12":1928,"NAME":"Katedralna","NR_OKR_JP":25,"SHAPE.AREA":3638975.2483522901,"SHAPE.LEN":10490.8952505499}},{"type":"Feature","id":1929,"geometry":{"type":"Polygon","coordinates":[[[538863.53431061225,435064.65264216904],[538856.87928123854,435079.01588584762],[538837.8736981143,435124.77470591757],[538820.1758433514,435167.5519305449],[538796.75629519729,435214.85142751504],[538779.34012069087,435246.75439922325],[538765.91148552787,435270.32499234751],[538732.54249028815,435328.93615555018],[538709.74153603159,435368.98501430638],[538707.48810454807,435369.37818444241],[538655.41139970685,435254.9877445437],[538582.79095891642,435095.46650923695],[538532.59191761713,434985.21095310152],[538455.26104733138,434809.76329757273],[538420.89421869291,434731.38830729946],[538412.89562682726,434715.6767338803],[538383.34345178364,434657.68235341646],[538365.92701011884,434606.27192872856],[538360.59729499603,434596.50774399471],[538343.37924334768,434564.96282358747],[538328.09481654735,434525.33554280736],[538215.02969868132,434264.2783137532],[538214.78787287942,434264.43982679769],[538214.88991777797,434263.37672034185],[538185.5656714458,434195.03732262645],[538156.53946772055,434127.82968995348],[538145.06588069955,434101.10127568245],[538136.47060459817,434071.87239533756],[538091.7984134407,434078.77069463022],[537948.79173367389,434100.85385689139],[537772.00265873666,434128.8773267027],[537646.73743313551,434148.82474886253],[537553.18615324609,434163.75365953986],[537481.18085836747,434175.26004283503],[537406.42941731273,434187.23820492532],[537285.31013514276,434206.52388788387],[537170.87696165103,434224.66437391378],[537130.25446749059,434231.10392057896],[537067.29111032351,434241.08523376007],[536973.47412764456,434256.1245448729],[536887.64278014936,434269.95006722491],[536755.71548646817,434290.59600876365],[536629.01901355223,434310.23992985487],[536510.50669784751,434328.2734974809],[536382.23559814366,434348.05605089199],[536269.48519724933,434365.49245142844],[536199.81613477622,434376.16835908312],[536094.18614987715,434392.20356794447],[536053.53800524864,434398.43222424388],[535991.48594454618,434408.19500601944],[535961.82054530457,434412.6367114298],[535944.96582881035,434414.17050746828],[535843.69536901149,434428.81370713841],[535728.56655641354,434446.17342345323],[535642.3813568945,434459.18258154951],[535585.02005612757,434467.78255883511],[535550.29986421275,434473.37209114339],[535526.60625873914,434478.19170820341],[535505.54931544571,434482.94368724339],[535492.65171656769,434485.85439127032],[535485.54101303569,434487.45673121139],[535476.59521865833,434489.13340549637],[535473.12558430969,434489.98726507742],[535468.28910054092,434488.75443376694],[535464.98107469524,434487.16805690341],[535462.55222962156,434485.4469025936],[535460.68031121488,434483.93616936263],[535457.77642403531,434480.17825368419],[535454.43778678752,434474.18085505255],[535448.76477527234,434463.96512361802],[535545.04488092219,434410.07612791751],[535636.1088025606,434355.8625390837],[535661.09018906171,434337.78874925431],[535690.52236497379,434314.77238982543],[535752.38621126104,434260.06344406866],[535944.28719820094,434086.49582194816],[536128.64222879929,433919.30931419414],[536300.7632298664,433763.21767473407],[536456.14716233744,433622.30451862328],[536579.40679697332,433510.52398264222],[536652.39267291641,433444.33515977301],[536706.92118445248,433394.74411414191],[536742.80508075596,433365.69564076606],[536758.3819840739,433354.38676510658],[536794.3220946244,433328.29380335659],[536838.80652029556,433301.25872259773],[536849.02902942873,433295.04610228073],[536888.67964876094,433277.41663175728],[536899.41426957143,433272.80344536994],[536908.25906222442,433269.0023607295],[536912.18811031396,433267.55229451787],[536936.06178421853,433258.74116187915],[536954.56344723701,433252.24003494717],[536968.60193201981,433247.30722604878],[536964.08711752947,433248.20718704164],[536967.90028084605,433246.59241827391],[537265.52311662771,433177.91133548506],[538028.19752132485,432999.45547945518],[538331.25531138608,432927.92591805104],[538735.6686621682,432833.9294955181],[538832.25170240807,432808.84066685289],[538928.86446726613,432779.04041918367],[539299.66423934535,432653.55756680667],[539766.62527786219,432494.49477293901],[539835.73087827128,432470.79850422498],[540171.50650068629,432357.49463998061],[540456.29788613995,432260.95985287521],[540590.38766029919,432200.09131980315],[540758.60400281381,432093.12022339087],[540836.64422851801,432031.25774900056],[540941.21457668161,431943.20254955813],[540993.59183547681,431900.20986771584],[541005.53815726796,431890.40402774233],[541020.04621286434,431902.69351542275],[541097.50137163373,431968.30418033898],[541187.63991521939,432042.84635006078],[541274.24414465658,432115.3449289687],[541427.4222380264,432243.57436256111],[541612.4602507751,432398.47446261905],[541705.36821098521,432476.24997524172],[541755.82871665724,432518.49174414203],[541893.89055917109,432634.13495625742],[542047.92022784578,432762.41360231396],[542221.06358654238,432906.61053396855],[542313.94292513852,432983.96205759887],[542450.07600209955,433099.66307588853],[542529.6176252726,433166.24925033841],[542568.14593460527,433198.50221573003],[542568.17180727085,433198.50875641406],[542568.13809668447,433198.55009167083],[542565.38609180576,433201.9156302372],[542566.59904908051,433202.91832537856],[542631.00883305538,433256.28932299744],[542696.10584789491,433310.22050936054],[542724.07558505691,433333.41141706146],[542728.69514269009,433337.24549916759],[542738.81338471861,433345.62113328092],[542757.38715599594,433361.36587989703],[542820.69198568829,433415.05179616716],[542883.81477425992,433468.58030269947],[542946.77577877918,433521.9711086154],[543009.24130591529,433574.93898131605],[543068.27942641347,433625.0157835139],[542946.02319003863,433769.52786726318],[542937.6709641862,433779.16610818263],[542747.9867699428,434010.21636996791],[542630.91462985671,434153.08855638932],[542608.93695802451,434179.8924532095],[542586.93013409246,434206.75671224482],[542548.31988506741,434253.70556144137],[542495.83042904024,434317.53373988811],[542483.14073861775,434332.97768734861],[542470.45077426673,434348.40165242273],[542457.76081003109,434363.82561816275],[542392.01106578554,434443.75516521465],[542326.18219190801,434522.28673826531],[542323.04778600601,434526.18717955984],[542309.2620661878,434543.32505985908],[542295.47607247555,434560.44295790326],[542281.68008739047,434577.56099378224],[542273.08247284614,434588.25193039887],[542267.82346814917,434594.62989497092],[542234.63825178007,434634.91873743758],[542221.92816959845,434650.33299808204],[542209.21822455991,434665.75725092646],[542196.51827116671,434681.18136741035],[542183.80832635774,434696.60562158842],[542171.09851869091,434712.03986796457],[542161.96670629445,434723.1278778566],[542159.67677341378,434725.937451398],[542126.68687989563,434766.62336642947],[542100.9871034011,434798.19524704944],[542073.40060711058,434832.10148448683],[542020.41914093413,434897.21567121241],[541814.89226245752,434823.88279167097],[541672.6483910667,434769.89155462757],[541570.53868451738,434742.06078752689],[541411.71186983422,434699.18146909028],[541356.84429002181,434684.36858798098],[541302.53144571173,434667.37002900895],[541246.98902538023,434649.98669375293],[541020.09852793277,434673.71269408613],[540910.70781445131,434685.15178653784],[540781.22391605494,434698.69194911979],[540672.83316553,434710.02639509179],[540608.2221207876,434716.78284279816],[540556.77882583463,434722.16228906624],[540529.34268431726,434733.59849860985],[540478.00048543757,434754.99934175052],[540380.43503550289,434795.66738897748],[540298.63961345691,434829.7620406365],[540204.20050493942,434869.12706164643],[540137.753967111,434896.91672457196],[540081.2942428739,434920.46331956051],[540031.72764313221,434941.01868053712],[540001.09376883099,434953.78772087116],[539963.97891662503,434969.25823517423],[539930.85342646833,434983.06589202955],[539909.4853693659,434991.97270545922],[539871.17215307464,435007.94274319988],[539834.51030609477,435023.22447080258],[539787.15742237028,435042.96260302793],[539739.11811069329,435062.98677141126],[539700.96536098944,435078.88985966984],[539592.56835941738,435124.07290595677],[539444.12503556127,435188.35186713561],[539320.92385255592,435241.97760222014],[539273.41564643988,435262.65648404509],[539277.17227264284,435259.47850676812],[539235.6998118948,435274.06584096979],[539156.44176019437,435313.57175666653],[539136.71142500173,435297.63346915506],[539105.59705541423,435270.34444320109],[539070.40228394489,435231.32648617774],[539058.75365510187,435216.52433566004],[539038.27052939124,435186.32050346024],[539013.41740988404,435149.62788681127],[538992.12783142028,435120.87536873762],[538968.51691229513,435089.96171977837],[538947.66561541171,435072.77052293904],[538908.18529849476,435051.6810364658],[538869.53670368507,435035.76994737238],[538863.53431061225,435064.65264216904]]]},"properties":{"OBJECTID_12":1929,"NAME":"Mileszki","NR_OKR_JP":29,"SHAPE.AREA":12518632.532313401,"SHAPE.LEN":18593.245439644103}},{"type":"Feature","id":1930,"geometry":{"type":"Polygon","coordinates":[[[534458.24439849402,433829.79327396583],[534450.44490342471,433947.23269318044],[534448.32027020084,433946.92614501528],[534448.32068894547,433946.92024308257],[534233.54736055946,433913.55726033915],[534134.00372681441,433898.89983241539],[533906.22467303404,433865.28843013477],[533707.93444301386,433836.01546889637],[533494.30211745005,433803.70186208189],[533407.73411467369,433790.49581333529],[533372.01406646008,433785.03936021309],[533341.30103024316,433787.0195106864],[533341.13335558434,433789.43305605464],[533328.67032235663,433787.83229822107],[533337.73896319699,433730.58475549519],[533325.26070327486,433729.39673937019],[533326.85518953169,433680.24053781666],[533365.84779186465,433676.85389342438],[533372.17130239704,433630.34090432525],[533229.31585769251,433642.91294674017],[533229.91324354429,433638.37767176889],[533088.404191065,433655.8540854305],[533054.59094692394,433655.48827883601],[533053.61250683735,433659.92884467915],[532951.47052531922,433668.83861827478],[532951.37020743859,433669.53954351507],[532945.49400903343,433670.26970197354],[532928.13293673284,433667.91942974366],[532932.14754100051,433637.83371215127],[532901.03827567108,433633.4324000692],[532876.69014338055,433629.91195011232],[532858.9507615217,433627.3320150068],[532835.45913828956,433623.88896241505],[532816.60823280853,433621.10221134499],[532815.64099266008,433620.95917500742],[532810.07077183353,433619.92387089785],[532790.69378262584,433616.3484455226],[532789.04660601041,433616.47696390189],[532785.86024090578,433638.45654048119],[532782.4746366716,433664.71649672836],[532781.74402235972,433670.60633156728],[532770.57118228113,433669.14657559525],[532768.56936207809,433674.7504370464],[532740.5273017959,433678.3868680289],[532672.56306125689,433682.68195618689],[532666.10958743806,433683.08094898053],[532648.57224876911,433683.18151778169],[532624.34970414056,433679.86361450981],[532524.40627038176,433665.44712882955],[532478.37207987276,433658.45856527798],[532489.81044704141,433578.32804147713],[532491.42449456104,433567.10331264324],[532493.55346452817,433552.29672180396],[532495.3747933933,433539.62997626793],[532496.52626944054,433531.62152646855],[532496.86338504823,433529.27710842062],[532498.29769283405,433519.30184265412],[532500.11098871566,433506.69057189208],[532501.80703335407,433494.71869885642],[532503.48559795716,433481.29709795676],[532504.76483249315,433471.10509954672],[532500.3124332088,433470.45191022474],[532488.6915149698,433468.74715514295],[532479.39275923371,433467.38901511114],[532465.1724966357,433465.29687413201],[532461.71594423533,433464.79582305159],[532461.68802424113,433464.9461095091],[532455.92582907574,433464.06423859484],[532453.42566855229,433463.68758503068],[532453.40817691293,433463.84042676166],[532448.75244779978,433463.20471592899],[532448.76644136594,433463.08100346662],[532445.92291162605,433462.62491227314],[532440.41131861985,433461.81325769611],[532436.57393242826,433461.2554684002],[532434.80162207829,433460.99675228447],[532434.80989209434,433460.90749619715],[532427.85502251424,433459.97162437998],[532417.41763167153,433458.55764294043],[532407.63371465215,433457.07763769571],[532406.7635875725,433455.48979731929],[532403.13145396882,433450.63085675333],[532390.53096980287,433443.60616123397],[532387.52480627398,433437.18553557061],[532384.04207578371,433436.72861505859],[532383.39130107814,433434.54994470533],[532384.23071771429,433428.71617738437],[532384.45094606956,433428.74313835334],[532384.73820160504,433426.66163504403],[532385.16053462459,433423.60090785008],[532385.76903887012,433419.19119342603],[532385.61875239667,433419.16327341739],[532386.21382155595,433415.18766428437],[532386.36397102452,433415.20559259597],[532391.97129023494,433376.47025687806],[532393.83674693166,433363.60323312599],[532396.07157083636,433350.61991627421],[532395.82128519611,433350.58737127203],[532396.9530635064,433342.75287902169],[532396.70250385837,433342.70035062172],[532397.396457455,433337.19037128519],[532397.51663182687,433337.20871062856],[532399.17291754961,433326.08313758764],[532398.95260700199,433326.05018156394],[532404.04264501738,433291.16896737646],[532407.65605839097,433266.99612964131],[532416.07191141217,433208.00118761696],[532424.2447783188,433149.81176343467],[532429.53149794193,433111.76718789991],[532431.50560282869,433096.75095711276],[532433.70764898683,433081.20903702639],[532435.87042073824,433065.94407785404],[532436.39863173547,433062.21602763236],[532436.22836190055,433062.188381535],[532436.78341181576,433058.20932446886],[532436.96359114686,433058.23083855212],[532440.14901909034,433035.81674513128],[532459.233441405,432908.17037956882],[532460.29641363351,432901.06796249561],[532463.47563009558,432879.82580268104],[532466.48640255828,432859.7095301915],[532469.01735647325,432842.80557537917],[532472.68293878424,432818.28904892318],[532476.71722159034,432789.21969192848],[532478.86380264314,432774.2456702413],[532480.41993975407,432763.81812581699],[532481.15975718782,432758.1469225632],[532482.5204750601,432745.26703625452],[532464.76738912589,432742.70125144999],[532452.11973792105,432740.87294777203],[532449.19481981033,432740.37739510927],[532435.87797201041,432738.41595802736],[532417.92135239427,432735.84556812886],[532414.32797556138,432735.32899989281],[532414.3194907977,432735.4390455503],[532409.3230308363,432734.73404817376],[532409.37659710308,432734.26761314459],[532387.0983566168,432731.16525578871],[532396.60938355001,432687.9525496522],[532392.79372465936,432687.36127873044],[532398.70246466389,432644.54174239002],[532409.71894869546,432646.25949809607],[532418.42367651535,432604.00723959319],[532408.46216547664,432603.43027613871],[532398.82703899639,432600.41840028483],[532420.85251172155,432530.10383315943],[532436.29306593142,432480.8430737881],[532446.63704996859,432447.06068485323],[532451.1769257728,432432.6132915318],[532458.0697781631,432410.9634491168],[532460.54639228457,432403.2374403188],[532466.2454675812,432384.06258454826],[532468.91671940521,432376.26095437817],[532477.38797722675,432349.14557389729],[532481.38096250698,432335.60610105377],[532482.85292446159,432331.44458344486],[532486.72420885589,432318.77402169257],[532495.42540005059,432290.35232858639],[532499.12359937828,432279.04506519716],[532503.69784920535,432264.26181899942],[532514.95124469348,432229.74943161104],[532539.6863698716,432150.54593792837],[532560.6742442114,432085.16536675114],[532566.6570191842,432087.10604381468],[532576.82600955886,432066.36987878289],[532580.50051345641,432059.69766209181],[532601.35910141643,432021.82197919302],[532604.72162075946,432019.24750696868],[532603.61072469491,432008.19585602544],[532602.41586981143,432007.0569800986],[532614.71915900172,431967.75218407158],[532630.05920330063,431918.57048500981],[532631.54174839298,431912.02435850631],[532633.97389766516,431901.30239168089],[532639.68537641084,431874.64089330751],[532644.53628755338,431855.25282138493],[532664.37345795031,431793.49722638447],[532641.604708381,431781.37456743792],[532593.131500046,431761.47422350571],[532528.79637020582,431735.04806581698],[532428.68254243443,431693.93305391539],[532348.87392890302,431661.16352069378],[532347.23908126983,431665.10741173383],[532291.59925791714,431642.1014535306],[532292.49903618987,431639.94049963448],[532290.1582317173,431639.04318690952],[532291.26353107928,431637.01732689608],[532275.73751957587,431630.58104525227],[532197.4365070893,431598.49577390589],[532120.19580178219,431566.84037270024],[532085.83594799985,431552.76145175658],[532076.48227026348,431553.5132784294],[532068.85753432952,431550.55836947262],[532019.26325772551,431530.23153810576],[531968.70276886784,431509.22459399607],[531951.45862187957,431502.10801058821],[531963.89581624721,431470.75244123023],[531982.34977314202,431425.72262159828],[531980.29246955866,431424.97722107545],[531983.38828120707,431416.21458272357],[532005.54844412173,431418.69291270711],[532010.20044413721,431407.39245810825],[532094.72629372729,431430.00236461498],[532105.41226701951,431404.55563017912],[532120.65688588074,431409.38990894798],[532151.34804656578,431319.05695226882],[532182.04127419775,431305.42079075146],[532189.78618826938,431323.2809752496],[532200.19060996606,431302.5775607815],[532219.74459052458,431353.35670161247],[532221.16666004888,431355.0322179459],[532224.48409135675,431360.10345278215],[532225.35598597256,431361.74044073187],[532229.31141851644,431365.2378353551],[532235.19184802065,431367.19951125607],[532262.37734634371,431375.96736530587],[532341.64760441007,431401.76790680643],[532369.3150996099,431410.70423750021],[532371.20318352408,431404.66791891586],[532435.9121333895,431426.99412838742],[532498.07153949479,431447.09853480943],[532514.5562481056,431457.69169418421],[532566.21961991501,431474.46611542627],[532630.65718726162,431495.50645917375],[532677.30934004392,431510.43400338106],[532712.30098240729,431519.06954766251],[532721.40285111242,431514.50792785827],[532740.74583830871,431533.87982305977],[532750.51133327826,431539.11249666382],[532762.06205338484,431544.08085122053],[532775.64040159038,431548.97144144215],[532795.43316362065,431555.02213786542],[532820.30743526947,431562.98869445082],[532821.72176849679,431558.52316753753],[532863.88566215197,431571.79333672952],[532887.87586848636,431579.42223627586],[532895.2952025776,431581.90885951556],[532904.96184025262,431584.95319586713],[532918.73696981848,431589.1739157699],[532926.45677944925,431591.50521692261],[532926.50468326977,431591.35465673264],[532932.3592867679,431593.42301342823],[532932.32398243586,431593.61057695653],[532936.68762009218,431594.96264740359],[532936.73538693727,431594.80209552962],[532951.54927646392,431599.42590601463],[532951.46291261958,431599.68692265823],[532955.37692950142,431600.89245512988],[532955.45316468261,431600.62158377469],[532955.65450515109,431600.72875284031],[532955.6928282039,431600.60830469243],[532957.54268587555,431601.19505110011],[532964.03855010797,431603.25421687495],[532973.87103720463,431606.36833248101],[532986.12096895918,431610.24799319264],[532995.33897997322,431613.16736317705],[533010.84556337411,431618.07848547958],[533033.72432622488,431625.32437422313],[533125.32669463719,431654.33570761234],[533203.70057654008,431679.15559856314],[533203.05300105293,431681.45969732292],[533241.29217836703,431693.43072419707],[533244.27133412869,431684.31672949996],[533318.74525294709,431707.49916562717],[533317.33050687169,431715.58656053524],[533345.67667834705,431722.12119831238],[533351.57556957775,431729.11157199088],[533483.26554276748,431755.61486786045],[533500.36000491888,431760.93523554783],[533545.70417368738,431774.07193247043],[533616.49363419367,431791.95470622554],[533659.61101248616,431802.22519414313],[533711.76291387901,431811.9019270651],[533782.14543512883,431822.7660021726],[533812.16936432349,431827.62849232648],[533990.66569932597,431857.06055292394],[534271.25661799498,431907.32557400595],[534308.1304246356,431911.67251944169],[534356.19310088595,431917.27346145827],[534426.26140719594,431931.05743266921],[534500.36663219088,431945.65319556743],[534571.85868504713,431954.07089792006],[534759.79321910837,431975.95298157353],[535433.12606469507,432054.22216980625],[535449.77438791306,432294.7978600692],[535472.08351168991,432543.95781356003],[535501.5457533896,432682.45623815898],[535545.46772312303,432797.92019535042],[535606.83595475694,432908.16935287695],[535649.80664891587,432970.26462959405],[535701.06163376255,433031.70096187945],[535735.40496024443,433067.74958288204],[535775.62974871148,433106.31826911587],[535841.20838631957,433158.05673969537],[535919.8453211973,433210.79168449529],[535984.86842493212,433245.40356712602],[536051.13912679313,433274.4700233005],[536099.96160808508,433291.71924674325],[536194.98508510762,433317.8524851203],[536241.42762357707,433327.02799806558],[536338.91713343502,433340.51300320681],[536428.81997268251,433339.37909690198],[536431.49655582604,433340.03664470557],[536428.93094248942,433340.28588516638],[536443.70203562093,433353.27997071389],[536377.77012715361,433359.63218734972],[536230.50333324564,433373.85568027757],[536084.23741753434,433388.22235314548],[535915.35761464573,433404.8101741951],[535765.95138923684,433419.48524772283],[535624.21681410412,433433.40685347468],[535550.51791401673,433440.64568066597],[535456.9430736932,433449.83686140552],[535342.73626312381,433460.44032058958],[535276.28334587661,433466.40455690213],[535212.67287961137,433472.11365826242],[535200.48770116887,433473.34755201638],[535113.44305566419,433482.94527739659],[534967.34982782893,433499.10306635126],[534843.16374054737,433513.07079005055],[534719.41670938511,433525.57114349771],[534653.89699607051,433532.1896633869],[534576.96497243573,433539.96102831978],[534477.32908883831,433550.86439210735],[534470.91992588749,433642.91153723933],[534458.24439849402,433829.79327396583]]]},"properties":{"OBJECTID_12":1930,"NAME":"Stary Widzew","NR_OKR_JP":32,"SHAPE.AREA":5910652.70174741,"SHAPE.LEN":13352.8564971461}},{"type":"Feature","id":1931,"geometry":{"type":"Polygon","coordinates":[[[530156.70693029009,431140.57555080671],[530079.1282812492,431166.43215411529],[530078.52237745398,431167.08165011089],[530078.62886257563,431166.56062243972],[529696.36614352302,431239.21735276189],[529517.75937770039,431205.91083466168],[529113.34866410075,431012.90968379844],[528387.74414266495,430669.70175517164],[527853.76742906182,430416.1736624511],[527850.97366896027,430417.06791184284],[527851.80593470705,430415.39056263026],[527371.67211266037,430185.46546838898],[526795.5141835016,429909.08145137597],[526240.97795534809,429643.36501161475],[525647.29015544022,429341.58794094343],[525529.56325012539,429715.7630200414],[525421.40053889318,430173.97314225696],[525336.76277221914,430613.63928634766],[525330.5964521463,430611.50950499997],[525328.42356536561,430610.46996338386],[525239.64371592877,430567.75457841065],[525223.29374851822,430559.71389888506],[525199.43797770236,430547.98848891165],[525162.18052083731,430529.69103335962],[525144.58293800044,430521.03784955572],[525021.20096951001,430460.53823008202],[524967.86824703473,430435.28562456928],[524955.0188274259,430494.52451388538],[524948.33980451408,430532.2023677323],[524934.21325327456,430612.00581505802],[524932.67554385413,430620.85132985376],[524922.91782434413,430675.98041309975],[524917.19634710986,430709.14798088837],[524907.63953185303,430711.85735183954],[524845.53064035601,430698.14786026813],[524796.56607928756,430686.81658365019],[524697.93096214707,430665.87262493931],[524656.45261526888,430656.79724341631],[524639.65180222585,430653.05003722198],[524610.76535924128,430645.4210373275],[524576.78569032019,430638.7812702693],[524546.22925145179,430632.53430346958],[524491.35649411881,430622.52321787737],[524450.57537037448,430613.27837356273],[524391.98754221608,430601.26949587278],[524358.80213449802,430593.51952845231],[524326.44332008355,430587.01743765734],[524318.0108793251,430584.99436582532],[524300.77685343823,430581.72279754374],[524292.53192892019,430579.52726218849],[524254.99582818878,430572.25666219089],[524245.66371046077,430570.21594045404],[524163.86655459524,430552.08922800235],[524158.03185810667,430550.75009567477],[524152.1550029224,430549.25164176058],[524140.55692209053,430546.67233663984],[524109.83703151543,430540.16776356567],[524092.8745480036,430535.5633066101],[524064.04321979603,430525.39513397589],[524046.19227139652,430519.40373399109],[524030.55746815959,430514.69113428984],[524014.33110353601,430511.29581949022],[523980.08670738654,430507.21805690415],[523957.36222174473,430503.66196649428],[523937.49553847982,430500.07669845317],[523928.02682894887,430499.73677851167],[523922.6720478388,430502.78830271959],[523914.25667110644,430563.25571101345],[523909.06062819087,430561.84786194097],[523852.45849808719,430546.7037023399],[523829.93532094569,430539.60707665328],[523829.50375436107,430539.47307996731],[523807.41214303824,430532.51045040693],[523757.71148570871,430516.3322787853],[523714.09940670378,430498.87140350137],[523713.91845787317,430498.79393394291],[523692.70049228187,430489.22095901612],[523671.33182669664,430479.59008664172],[523654.68029337318,430472.88268040773],[523650.04762061423,430471.01739044208],[523628.64419652865,430462.49629629124],[523606.53613833681,430453.60509818047],[523605.37176631007,430456.14946966805],[523583.93630517408,430446.74936576094],[523562.170433519,430438.0333631523],[523562.02972594358,430437.97532943357],[523540.45465738885,430429.32666696794],[523517.60046012839,430416.30829130113],[523494.75611718092,430403.27978581376],[523494.53368866083,430402.36341185868],[523473.92958487023,430390.91318920441],[523453.73857020366,430379.70714686997],[523412.51242512133,430356.22730726097],[523411.57963949139,430358.16888157465],[523394.1837504342,430348.19372896105],[523362.34354996448,430329.95186867192],[523377.31857797859,430309.85909891687],[523393.363270731,430288.33255986869],[523400.53693473386,430278.72020788584],[523407.32749034668,430269.59280598722],[523408.31749393098,430268.1801150497],[523416.81471616047,430255.97124120034],[523426.27265133656,430242.40004695207],[523471.20898640674,430185.12971114181],[523493.08516241098,430155.22846054193],[523502.43716525543,430142.67808151245],[523561.31549793412,430059.21300363168],[523621.31458198064,429978.04113168176],[523636.95085194986,429957.33969370741],[523696.75120061659,429876.25051630381],[523696.50441218429,429875.74421892315],[523714.53090002586,429851.52221845277],[523727.0717797759,429834.66082501318],[523762.3593617283,429787.24668016098],[523777.25909165567,429783.53467652388],[523746.03843392938,429766.74339084979],[523658.43926915224,429729.97782852594],[523579.0629769275,429774.7382805692],[523471.96911470487,429672.57112541888],[523433.93655287649,429606.47419922519],[523420.22562523367,429597.7577003343],[523402.8711197513,429592.98868985754],[523386.77210720122,429600.34484962747],[523369.11543266813,429603.42505544331],[523340.73081154423,429609.08076537028],[523242.37938398268,429611.03830592614],[523196.93891361478,429592.15331565868],[523163.08712509187,429559.84781870712],[523149.91039390414,429526.66933575924],[523122.69011878181,429373.72857029643],[523175.6292295655,429386.2947125705],[523210.72171789571,429296.929551946],[523245.05444702879,429437.25068014208],[523286.26721886912,429449.54779179953],[523377.22557431902,429439.00705133937],[523362.09242257982,429370.26773068495],[523361.39436106809,429347.77142553218],[523374.59325826477,429314.75115396362],[523400.01819185389,429278.35534481332],[523407.9869662727,429266.96321965661],[523404.75272468128,429238.7952561453],[523352.92387591198,429234.31880285591],[523322.70101068937,429214.4956959812],[523326.01217744709,429196.50158449728],[523332.97409611865,429112.36892641429],[523318.39498039137,429055.61447316688],[523277.03762550466,428933.58818667661],[523276.17708215147,428931.32140968088],[523247.13638332178,428854.82763985265],[523243.39335621812,428844.95516182203],[523253.96388694231,428839.64354726672],[523257.15581380087,428841.38868283853],[523317.94518326409,428874.75416689645],[523422.17376432777,428931.92903056275],[523513.84022131667,428983.26979859825],[523530.84901873028,428996.35834132414],[523542.03008045763,429004.96960974298],[523542.26249459671,429005.15630544443],[523610.02192220045,429065.0994808292],[523613.61106922542,429068.84790859651],[523624.94640644756,429080.69502604567],[523703.39093738014,429162.64782987814],[523712.48757955851,429178.86289844476],[523702.06163993286,429191.07819467969],[523679.12338678108,429193.07149647176],[523625.6005360859,429223.95605795551],[523644.51114846783,429272.99592547584],[523674.94523375435,429276.14659661241],[523709.79270430352,429279.74646333884],[523762.60415051237,429285.1888273051],[523913.44315181597,429300.78053179011],[523933.64012394205,429307.31945382245],[523945.67936386599,429289.58550632372],[523848.96044553287,429229.80941247847],[523854.15440138918,429225.96060627978],[523931.32311228901,429168.87826907728],[523946.13976764469,429143.06131991837],[523952.59183141013,429131.83989831712],[523958.52075060143,429094.84185860399],[523951.69879496295,429047.71503949258],[523950.61785531894,429040.30452175811],[523949.04962308507,429029.42286869138],[523913.45211932453,429005.36613555904],[523909.68282809498,428922.83970763534],[523906.79293032642,428859.26930261031],[523903.76515393279,428811.89060807507],[523901.54733181541,428776.94299136847],[523899.48309749644,428744.45172411297],[523894.80914718111,428671.02197957318],[523894.59519632114,428667.80693458952],[523894.37795930088,428664.35208543018],[523872.05970354797,428656.16326576564],[523810.5994250034,428590.6072258763],[523848.27493522957,428583.98477957025],[523912.23088663717,428516.6101719467],[523938.14328653127,428517.64521156624],[523993.55943873065,428520.26330131665],[524017.26699043758,428521.25230227318],[524055.59696952248,428523.54128321167],[524069.98856125766,428524.81344593596],[524085.54797166138,428523.84330595285],[524094.6478109131,428523.84792629723],[524103.45476670831,428524.58420239575],[524110.68220658437,428525.18851976376],[524114.97943798249,428526.50376883801],[524113.9942940934,428528.95683395118],[524129.78396698995,428530.24081846327],[524179.87450542982,428533.35142049473],[524230.64221253456,428536.21399260033],[524275.42121205473,428538.23990783095],[524330.9640034039,428541.48885955382],[524395.5812062748,428544.96603825781],[524463.5188282876,428548.63406609464],[524496.26501368964,428550.39933758043],[524507.70601365971,428551.04145375919],[524544.58572622645,428490.5716417525],[524619.8976285269,428368.98616052419],[524682.9651054854,428267.16834606417],[524774.42780857766,428175.83890549745],[524837.93893532827,428256.85531142261],[524855.87453099084,428280.34647880867],[524882.50572700438,428317.19719208125],[524925.05917135021,428376.50202407129],[524999.74674060161,428480.8395318035],[525018.94876922132,428466.24184003565],[525051.96935596317,428510.49595449306],[525033.94992700417,428525.02387511823],[525042.45264185837,428533.10998615902],[525098.3821718276,428521.72615835629],[525170.86269556521,428507.39164667297],[525268.73308250483,428484.75733029749],[525303.1239584795,428476.94509382173],[525307.13094278227,428476.94604960922],[525328.37279609288,428472.29022062104],[525408.07525913662,428454.41322925966],[525413.30701008451,428454.57029271778],[525471.6366737677,428442.22987199947],[525547.22178263753,428426.2464493243],[525690.6745764903,428393.8732921565],[525819.13362243946,428365.79642568249],[525988.4163028188,428328.73248891067],[526122.11615885166,428300.435927324],[526203.97732412303,428283.44661895745],[526324.67750188324,428258.99658914376],[526364.88599213993,428251.56037094537],[526389.96475163277,428246.66909604706],[526392.10905260814,428180.46649769042],[526390.58074129873,428067.43090028223],[526386.18936686148,427966.37117855623],[526372.66354389698,427845.06871069781],[526369.66310632322,427818.16048087738],[526376.82026747719,427840.09126856923],[526399.60944918066,427913.55100820307],[526423.43134418211,427988.56120121945],[526456.41465788928,428095.83005113341],[526498.15579197276,428231.04950961843],[526536.77968110656,428353.27671966795],[526605.15936651477,428432.68132194784],[526653.16349687846,428488.61286493484],[526739.54960534093,428589.06619344838],[526884.42579621868,428756.03879517131],[526952.01913546317,428833.93664228544],[526992.72564338241,428800.13657520153],[527058.81704089709,428722.66731016897],[527141.49700835336,428720.71270263102],[527263.10956782824,428717.62784997188],[527371.90823150566,428714.3094562348],[527417.64953354758,428708.95892541017],[527480.6430719808,428730.1820562128],[527518.93955764419,428743.08972085547],[527627.698561589,428779.54231053498],[527684.91224421433,428799.02198996581],[527788.50295229198,428840.8161360193],[527932.21858900914,428898.80265116505],[528125.65877076506,428976.84241676982],[528175.17188390635,428795.55203630403],[528182.2447685384,428780.12705798633],[528199.70665289974,428711.58340311889],[528202.80328529561,428693.53431979381],[528207.06576671498,428686.59118648618],[528214.73299737275,428681.9463040242],[528234.41204645473,428681.01764631551],[528258.74855086056,428679.87885709945],[528272.06823175668,428679.25560784154],[528312.97330397251,428678.97807482164],[528328.72042565106,428680.20616153348],[528346.59558505402,428679.04168976564],[528366.60095501854,428677.7872648295],[528394.62661203695,428676.90412574541],[528424.82909493323,428677.52418042719],[528461.98487427761,428676.68011990283],[528498.16946709226,428671.85411132034],[528517.2532276205,428672.27036087215],[528558.94052170287,428671.50691103004],[528579.3145190794,428671.62855570484],[528606.6130353167,428669.9291075347],[528613.48359546904,428669.50136750937],[528618.12050648336,428671.13224559743],[528628.05788455054,428670.49088791944],[528628.23984621244,428681.58133117203],[528673.06355063093,428676.91745635495],[528680.57912154635,428677.48313894309],[528684.23012448766,428675.63285291102],[528709.76590055309,428672.86445701867],[528773.46807504003,428665.38570571039],[528863.2515509564,428655.09380918648],[528943.54040615435,428644.4914077241],[528963.8247292405,428640.70287442207],[528968.87412536168,428640.89351337217],[528980.7342055355,428627.56537710689],[528988.32589705533,428613.42708757706],[528991.64983363333,428637.26351631992],[528994.91946126008,428636.65906700026],[529001.10874671722,428665.3359192377],[529014.06781074218,428699.71500558034],[529025.30103306973,428755.59665054549],[529023.82620217104,428793.24277892429],[529024.02434380981,428819.22360186279],[529030.40481801995,428852.59693577234],[529031.7260270858,428871.80167712364],[529028.96249166096,428900.26423108578],[529019.22881280957,428927.83073760569],[529017.31165322918,428941.9574234942],[528976.00498835777,429027.05962418392],[528970.47719025216,429061.8933282895],[528959.10793778615,429092.11987423524],[528952.70584452187,429101.87884851079],[528943.95721966855,429127.09535140451],[528953.35782654118,429128.30566708837],[528948.0548193031,429130.75682666246],[528936.48640730698,429174.81739095598],[528932.15188042133,429266.20309957862],[528926.11925584613,429411.70301587135],[528927.276940985,429422.06653608754],[528941.92397133389,429477.03764156345],[528945.08428229752,429485.76783843338],[528949.31121443026,429509.73809630144],[528943.29010553122,429543.83144447673],[528933.37939573708,429587.6169597134],[528927.55663343519,429623.60388304852],[528927.96616954508,429645.46433750354],[528944.4037165544,429744.25376116484],[528949.30968859175,429756.73692468461],[528953.4945428858,429762.46967916191],[528964.38516015885,429764.47904102318],[528986.91658326413,429781.38696217351],[529008.6906691998,429797.6955504138],[529032.24730275176,429809.32177510578],[529069.89819887036,429829.67943822592],[529076.8273786573,429833.30309840571],[529087.18067143788,429840.2878560666],[529102.6271799854,429849.80734676775],[529118.07871903118,429858.65119868703],[529130.61126040888,429864.45751929376],[529137.31017067342,429867.67169777118],[529191.14941090299,429902.36229825765],[529223.55110877834,429920.60259072389],[529223.61969216482,429921.9607840497],[529244.94053242134,429928.84658544604],[529244.85644382681,429927.08626126032],[529258.77380619955,429930.89516056888],[529288.53543232009,429938.52252571285],[529323.23458874319,429949.20362561103],[529331.6614284016,429951.90253266692],[529353.33955274662,429956.41974245012],[529372.77278037043,429956.2027600091],[529385.98793809244,429956.15085121524],[529390.7105800237,429956.27150462847],[529394.93373362499,429956.47185752913],[529417.68076087604,429950.75093877595],[529436.59350289404,429947.02563318796],[529445.51892446238,429944.59147692658],[529457.63703781972,429940.6719817305],[529479.38750670536,429936.11099143792],[529520.36796848872,429927.61737824511],[529578.00463447708,429916.2974361442],[529644.39407314896,429903.53857364878],[529731.28028767463,429885.96518279053],[529761.16893961444,429880.56492038257],[529778.13032072503,429880.07001799997],[529791.23672480218,429879.61605891865],[529810.70724673395,429877.67336936947],[529817.85357059096,429876.97980343271],[529817.86869530834,429880.99992842786],[529833.67902770336,429880.33132313844],[529874.31158765429,429879.29692469444],[529916.93749866262,429878.89158641826],[529970.32827223069,429877.95715037361],[530026.64835363114,429876.54764363263],[530093.04690930515,429874.89177218173],[530121.11899218988,429876.55611089151],[530129.57546333282,429877.05751321837],[530138.11840299482,429878.37730651256],[530148.41349972889,429881.91205371637],[530179.13020610414,429892.45864348207],[530192.83732401265,429898.11543886364],[530233.47078979784,429915.8952970393],[530242.35987853212,429919.82337443158],[530250.25760894211,429922.21353124175],[530247.39123293769,429928.86269118637],[530275.42166769062,429937.99582189601],[530291.55934647075,429943.2236550618],[530282.34057279176,429966.9449191466],[530278.19113330264,429967.52145907748],[530255.37956973119,430032.36005558167],[530253.92367872456,430036.44161315635],[530246.59646483092,430062.47176142875],[530236.19755307271,430100.19256389048],[530226.70060950029,430117.47176674847],[530213.28167528391,430166.50445933733],[530198.93909652159,430262.55506339762],[530197.35725067114,430282.22238548286],[530189.82075862528,430393.27935365308],[530181.47756164195,430522.99806014635],[530177.07359241799,430612.62586908415],[530172.27446706803,430656.69931976032],[530167.14674426091,430705.86822116934],[530160.81589835975,430767.87631875742],[530159.14742513222,430783.40257922467],[530137.4759737578,430923.17798820417],[530140.65188160993,430992.63753003068],[530146.25666204561,431100.89785521012],[530147.61641716619,431114.90445128735],[530156.70693029009,431140.57555080671]]]},"properties":{"OBJECTID_12":1931,"NAME":"Lublinek-Pienista","NR_OKR_JP":21,"SHAPE.AREA":10813661.9813543,"SHAPE.LEN":24227.110295865099}},{"type":"Feature","id":1932,"geometry":{"type":"Polygon","coordinates":[[[528206.72020498314,428687.15406699572],[528202.80328529561,428693.53431979381],[528199.70665289974,428711.58340311889],[528182.2447685384,428780.12705798633],[528175.17188390635,428795.55203630403],[528125.65877076506,428976.84241676982],[527932.21858900914,428898.80265116505],[527788.50295229198,428840.8161360193],[527684.91224421433,428799.02198996581],[527627.698561589,428779.54231053498],[527518.93955764419,428743.08972085547],[527480.6430719808,428730.1820562128],[527417.64953354758,428708.95892541017],[527371.90823150566,428714.3094562348],[527263.10956782824,428717.62784997188],[527141.49700835336,428720.71270263102],[527058.81704089709,428722.66731016897],[526992.72564338241,428800.13657520153],[526952.01913546317,428833.93664228544],[526884.42579621868,428756.03879517131],[526739.54960534093,428589.06619344838],[526653.16349687846,428488.61286493484],[526605.15936651477,428432.68132194784],[526536.77968110656,428353.27671966795],[526498.15579197276,428231.04950961843],[526456.41465788928,428095.83005113341],[526423.43134418211,427988.56120121945],[526399.60944918066,427913.55100820307],[526376.82026747719,427840.09126856923],[526369.66310632322,427818.16048087738],[526372.66354389698,427845.06871069781],[526386.18936686148,427966.37117855623],[526390.58074129873,428067.43090028223],[526392.10905260814,428180.46649769042],[526389.96475163277,428246.66909604706],[526364.88599213993,428251.56037094537],[526324.67750188324,428258.99658914376],[526203.97732412303,428283.44661895745],[526122.11615885166,428300.435927324],[525988.4163028188,428328.73248891067],[525819.13362243946,428365.79642568249],[525690.6745764903,428393.8732921565],[525547.22178263753,428426.2464493243],[525471.6366737677,428442.22987199947],[525413.30701008451,428454.57029271778],[525408.07525913662,428454.41322925966],[525328.37279609288,428472.29022062104],[525307.13094278227,428476.94604960922],[525303.1239584795,428476.94509382173],[525268.73308250483,428484.75733029749],[525170.86269556521,428507.39164667297],[525098.3821718276,428521.72615835629],[525042.45264185837,428533.10998615902],[525033.94992700417,428525.02387511823],[525051.96935596317,428510.49595449306],[525018.94876922132,428466.24184003565],[524999.74674060161,428480.8395318035],[524925.05917135021,428376.50202407129],[524882.50572700438,428317.19719208125],[524855.87453099084,428280.34647880867],[524837.93893532827,428256.85531142261],[524774.42780857766,428175.83890549745],[524682.9651054854,428267.16834606417],[524619.8976285269,428368.98616052419],[524544.58572622645,428490.5716417525],[524507.70601365971,428551.04145375919],[524496.26501368964,428550.39933758043],[524463.5188282876,428548.63406609464],[524395.5812062748,428544.96603825781],[524330.9640034039,428541.48885955382],[524275.42121205473,428538.23990783095],[524230.64221253456,428536.21399260033],[524179.87450542982,428533.35142049473],[524129.78396698995,428530.24081846327],[524113.9942940934,428528.95683395118],[524114.97943798249,428526.50376883801],[524110.68220658437,428525.18851976376],[524103.45476670831,428524.58420239575],[524094.6478109131,428523.84792629723],[524085.54797166138,428523.84330595285],[524069.98856125766,428524.81344593596],[524055.59696952248,428523.54128321167],[524017.26699043758,428521.25230227318],[523993.55943873065,428520.26330131665],[523938.14328653127,428517.64521156624],[523912.23088663717,428516.6101719467],[523848.27493522957,428583.98477957025],[523810.5994250034,428590.6072258763],[523803.85517024045,428583.42421841063],[523739.39455799083,428479.0536963325],[523736.4102592938,428474.2276495304],[523724.78219405899,428439.55887847673],[523720.03093918005,428425.39292880613],[523718.45873063081,428410.57379905507],[523716.82903266285,428395.2058024304],[523723.42043167824,428379.56525172852],[523698.33860259212,428292.22404976655],[523693.54230836459,428275.50032317545],[523676.64790317917,428216.7888624575],[523667.83649007499,428190.0264952248],[523657.06473582669,428157.31474423409],[523655.63547342358,428152.92709814664],[523644.67798049399,428119.7881609695],[523621.18683734973,428004.85246398486],[523613.94429806329,427980.26721270196],[523786.60187177896,427871.30838593561],[523827.73862317501,427811.69184260163],[523864.40520361258,427755.50444077328],[523891.84783399565,427705.89937299304],[523908.82557359571,427651.81060794089],[523942.48258549668,427557.58840408921],[523952.56703842717,427540.8706559781],[524009.18429647182,427473.97648970503],[524029.21455977118,427443.55100833625],[524057.56621009216,427400.47939705662],[524060.93041890924,427389.99986564461],[524069.6741683376,427365.87516435701],[524123.41953918431,427300.89919491392],[524150.49245980947,427236.70841704961],[524157.93209147663,427219.51723828353],[524185.6932220622,427154.49755464401],[524257.18990283861,426988.31195649784],[524277.78037641733,426941.8789006779],[524315.70496660681,426856.42277627531],[524319.99332356302,426826.59276500251],[524314.44610454235,426765.99695801735],[524324.92507488735,426766.40304616094],[524339.09604365309,426736.48760968819],[524348.25127339119,426720.51215875428],[524349.99860724562,426717.48011357803],[524357.27386937512,426702.87956989929],[524362.35612105159,426682.85250680335],[524376.11412568705,426641.75977307092],[524377.82189985004,426636.56962939445],[524402.66711432359,426573.89849379845],[524444.40283208294,426450.03435507417],[524449.97386991186,426429.94063885789],[524452.73652614467,426415.67175319698],[524457.43974561035,426362.87053237669],[524459.78025149519,426317.78684081882],[524461.65062458511,426301.85123730078],[524466.65101989545,426261.98779661208],[524469.61476154241,426262.39691152796],[524492.77445910906,426265.62740012351],[524559.62993813271,426274.93507095706],[524606.88020811812,426281.50321753416],[524655.66250923567,426288.29022362735],[524665.56523294037,426289.67360331584],[524675.81821797101,426291.09215932805],[524682.87723956839,426292.07477354351],[524693.35059203242,426293.5302853277],[524696.49226907513,426293.79705042113],[524748.33726047876,426298.00369648542],[524767.45668938709,426299.57061531767],[524793.71945215401,426301.70925113],[524816.7606027713,426303.58221683465],[524825.67072484456,426161.01994717121],[524824.80970617745,426034.70138305426],[524824.7607010908,426026.74706934579],[524824.93329676776,426021.10825825576],[524825.1331296796,426013.81011988129],[524826.8313035575,425954.66412879247],[524827.66088826454,425925.4911485957],[524836.33967696468,425923.61336705461],[524869.031691632,425916.50971686002],[525103.98512665113,425863.37259460893],[525204.43616397423,425841.07972905692],[525428.10364866268,425792.1047358932],[525447.22880191565,425788.25501066539],[525469.43362311553,425783.79345782194],[525488.97227184626,425779.4883527495],[525613.9264524621,425751.99292753171],[525626.71720240556,425748.98949779477],[525626.71227519459,425753.00702707656],[525629.9408619717,425752.32320374157],[525633.89693468227,425751.48950319923],[525639.18848814839,425750.38766618259],[525641.57009781525,425749.8853380084],[525648.93433597102,425748.34536683839],[525664.30037163512,425745.11677928269],[525692.93977358646,425739.09801252],[525722.39631257427,425732.90815366153],[525732.2716419663,425730.83410007507],[525751.71351231565,425726.76017887145],[525767.71737865708,425723.40293073282],[525794.93191654584,425717.69350144174],[525810.30794034619,425714.46477854345],[525824.96674359473,425711.40577966534],[525837.85138474032,425708.69088235218],[525859.51006417698,425703.02758086752],[525868.01405007788,425700.79242742807],[525896.87216728099,425693.23164156079],[525911.23148805078,425689.46719471924],[525924.83403183834,425685.90299477056],[525926.09943247924,425685.62582485843],[525939.98037773557,425682.68741325382],[525955.2663347862,425679.44993205275],[525985.61924927367,425673.03793217987],[526000.27736397006,425669.92897613999],[526015.08494476182,425666.78799173608],[526027.44124815369,425664.1702767266],[526036.2400583846,425662.30085186753],[526044.59060604463,425660.53750439826],[526074.71397836588,425654.14863807801],[526103.4723046493,425648.05829447694],[526132.01135741733,425642.01092985738],[526147.63867349736,425638.15916019399],[526160.44734284247,425635.00558466651],[526174.46105062263,425631.54568541609],[526217.35927698947,425620.99434875138],[526246.90065280278,425613.70403405838],[526274.93819281657,425606.79409259558],[526318.50353596394,425596.06372838188],[526333.86189000832,425592.27560740896],[526343.73720955697,425590.20155814849],[526357.63853957667,425587.29285235144],[526377.37932281964,425583.15488288738],[526404.05564529728,425577.55277453922],[526422.25180458301,425573.73577475827],[526441.12562620162,425569.77957455907],[526464.20462515217,425564.93629561272],[526478.4945375236,425561.94231858756],[526499.29143608478,425557.57002284937],[526518.26489953988,425553.59247133508],[526533.25232014107,425550.44902869593],[526574.00940260896,425541.90578035824],[526591.24702890322,425538.15188129619],[526607.20912681392,425534.6652968172],[526637.50931260991,425528.05415937398],[526658.43349852844,425523.49024250824],[526679.0588880349,425519.00037463475],[526698.77735050628,425514.69282278698],[526708.74122158519,425512.51762623899],[526718.43613532954,425510.40607602615],[526738.00526713545,425506.14054496028],[526758.41138202662,425501.69365657121],[526786.32023709151,425495.60496907961],[526820.29711954982,425488.19394599646],[526841.36077368271,425483.59814029001],[526861.48957867722,425479.33493798599],[526880.67190038948,425475.28457442392],[526890.96549756615,425473.10486244131],[526921.27839852218,425466.69342999533],[526940.05214998103,425462.72861319873],[526950.156449656,425460.59146932233],[526962.13414118649,425458.05889779888],[526980.98755195504,425454.07300299592],[526999.46223229787,425450.16225200146],[527019.34192175104,425445.95243256539],[527040.40762208041,425441.50650659855],[527061.1719256494,425436.9447855819],[527081.92651046847,425432.40318531916],[527101.19642455957,425428.18173248321],[527121.30318438972,425423.76893074438],[527141.5297081148,425419.34449507855],[527161.79578770499,425414.88953687251],[527181.83287679486,425410.49767765868],[527201.8601103141,425406.11594738159],[527221.80754577764,425401.74530412909],[527241.31643706514,425397.46061765961],[527247.76305432071,425396.05314805452],[527261.44303899817,425393.0375524126],[527291.38376200211,425386.45133982599],[527321.30463684734,425379.87539339904],[527342.95559899136,425375.11165139452],[527361.75698609452,425370.97656922042],[527381.72412618203,425366.58567094523],[527400.28625682869,425362.49384125415],[527419.71534506266,425358.2202440016],[527441.10733865644,425353.52001277823],[527456.05271650606,425350.22725050151],[527461.1342899726,425349.11830264796],[527483.37353035738,425344.25656158477],[527504.38747653947,425339.68143366463],[527526.17831712321,425334.91577834822],[527546.26562693459,425330.54322356079],[527565.82460365852,425326.26784905419],[527585.71248721809,425321.92800751794],[527605.22177753202,425317.6733014537],[527620.61596014851,425314.31443122495],[527634.02725347353,425311.38246886991],[527648.65412157448,425308.18401439767],[527661.56733100477,425305.36880522035],[527687.49567037506,425388.16081378516],[527697.97880730836,425421.70581077412],[527702.24255241978,425435.30872556008],[527707.02847012843,425450.55343965441],[527728.91153113032,425520.36912993994],[527741.85976753314,425561.69538878649],[527755.16264603171,425604.10609566979],[527767.79731037503,425644.42728788871],[527778.72858491016,425679.31527998205],[527783.25362723554,425693.75407834537],[527791.96563312621,425690.65662799496],[527805.20254379103,425685.9381833626],[527831.71633142082,425676.50074722711],[527859.7216296664,425666.51321691182],[527884.94250710018,425657.53321401961],[527963.79716249893,425629.43019524496],[528015.22494571039,425611.22683530208],[528057.55282296683,425596.25615701918],[528062.53543129796,425594.48898312077],[528087.22003041673,425585.75617981888],[528132.66081819555,425569.68353673257],[528180.71082321787,425552.21601842437],[528205.47193029325,425543.23232940771],[528217.92208367749,425538.7145476602],[528230.36224506237,425534.19690296985],[528255.57078984473,425525.04718797095],[528267.13591810723,425520.85133325215],[528272.9234780469,425518.75333751924],[528274.81342759717,425518.10784251802],[528288.60703280731,425513.65630481765],[528356.10045459692,425608.66299970169],[528686.82368986169,426050.57039723918],[529048.69966231333,426531.44069517497],[529426.84118610248,427041.99366900325],[529274.88546743384,427176.39520714525],[529264.82463165128,427180.34462163225],[529245.7087099104,427197.55722127948],[529241.78302554647,427204.93953360803],[529235.51495405997,427212.08251289837],[529225.58347546961,427216.56731326785],[529209.82817194588,427230.68451516703],[529202.1626301324,427237.55312952679],[529187.1374431242,427243.20811942406],[529175.03431157488,427252.22700266913],[529175.8204898159,427255.18683648761],[529138.39919778483,427288.7637750376],[529114.64090580144,427308.95013346151],[529111.26623333932,427313.60913016461],[529066.14593681158,427351.26243250258],[529028.25987108052,427383.19330489077],[529010.53772163065,427398.06190307159],[528995.69621436624,427408.02753277309],[528981.60679262225,427412.81205403805],[528970.90203741717,427416.54074347205],[528952.80375250429,427419.2525491761],[528946.89759060973,427421.13972205762],[528925.89908283635,427422.45328224171],[528898.01735484006,427427.84361605532],[528893.12861211062,427422.0846124934],[528883.42478266114,427418.88899193704],[528866.62738373829,427415.76707967557],[528840.11509964161,427407.37362052221],[528831.88740770565,427405.05899973959],[528823.98050287494,427401.7518131882],[528808.28652119322,427411.14759675879],[528796.7762959674,427417.24092395231],[528794.3414928274,427418.39666966628],[528789.39255039254,427422.0074211238],[528774.46450648527,427428.33445940353],[528767.68505737162,427433.74875907972],[528755.96828828659,427440.31072038785],[528731.25075450249,427460.80035612918],[528726.59817203623,427468.15635950584],[528714.42203081353,427480.06721320283],[528709.29651060677,427488.14244304597],[528706.35276379611,427496.25873370748],[528698.67845530005,427507.35268629622],[528684.98319642781,427522.46652931813],[528664.0554927995,427568.27558552567],[528659.52384572581,427575.66161339916],[528657.69283965265,427578.30393488333],[528649.07296388003,427586.48990569822],[528639.17773380689,427593.27795289643],[528628.2203276587,427598.88061829098],[528611.53660671553,427603.39938564878],[528604.81182887277,427603.92745055724],[528595.35370024596,427603.92373012844],[528582.58741301519,427603.14216200262],[528569.95672052773,427601.93620494381],[528555.62789496453,427598.65055441018],[528545.47390580771,427595.14570356533],[528538.32204358827,427591.47589653451],[528531.48248855805,427585.82267018314],[528525.21779662347,427578.93164996803],[528520.15421783819,427572.65167262685],[528511.91707105353,427560.2021341864],[528521.42305877001,427587.1257617129],[528526.38082312082,427601.16744846758],[528537.77561823302,427640.71683986485],[528545.62700632005,427660.81689504534],[528550.27167614223,427669.01679261774],[528558.02654855326,427682.70745097101],[528570.14586193487,427700.99444250017],[528585.89253889245,427720.25677801017],[528591.56469784584,427728.51085230336],[528610.55705431313,427777.4244047571],[528640.58445169532,427854.75765469298],[528650.49790152186,427880.28897182923],[528547.22872185498,427925.91356288176],[528512.21004659287,427941.38496241719],[528494.31905696657,427958.89772226475],[528479.33460533316,427973.56524183881],[528458.9654382416,428002.21079690568],[528437.49309893721,428049.14953745343],[528418.1056416895,428091.53049528599],[528392.13444288308,428163.9639051808],[528329.9004914402,428337.53399884515],[528286.81741360389,428457.69250868075],[528232.98883874353,428607.82021993864],[528206.85856917861,428679.69751214515],[528206.53142369667,428686.92060413957],[528206.72020498314,428687.15406699572]]]},"properties":{"OBJECTID_12":1932,"NAME":"Nad Nerem","NR_OKR_JP":9,"SHAPE.AREA":13362422.940216601,"SHAPE.LEN":17887.019254453902}},{"type":"Feature","id":1933,"geometry":{"type":"Polygon","coordinates":[[[531144.25199889392,430982.19301282894],[531103.58675647958,430976.43338999059],[531103.20951570652,430984.54166865349],[530843.2757717279,430948.59577713907],[530704.8531946335,430928.23327975441],[530603.41284612683,430915.57877657842],[530570.21246762446,430947.96154447738],[530549.74821444659,430973.19049835764],[530525.17578390148,431014.88087166939],[530506.74444559647,430997.88456021249],[530385.18297159905,431050.97110852879],[530315.18244171969,431090.93012659624],[530231.26971182437,431125.91066680662],[530165.00657725253,431154.21958537307],[530156.84402195993,431140.53029927891],[530156.70693029009,431140.57555080671],[530147.61641716619,431114.90445128735],[530146.25666204561,431100.89785521012],[530140.65188160993,430992.63753003068],[530137.4759737578,430923.17798820417],[530159.14742513222,430783.40257922467],[530160.81589835975,430767.87631875742],[530167.14674426091,430705.86822116934],[530172.27446706803,430656.69931976032],[530177.07359241799,430612.62586908415],[530181.47756164195,430522.99806014635],[530189.82075862528,430393.27935365308],[530197.35725067114,430282.22238548286],[530198.93909652159,430262.55506339762],[530213.28167528391,430166.50445933733],[530226.70060950029,430117.47176674847],[530236.19755307271,430100.19256389048],[530246.59646483092,430062.47176142875],[530253.92367872456,430036.44161315635],[530255.37956973119,430032.36005558167],[530278.19113330264,429967.52145907748],[530282.34057279176,429966.9449191466],[530291.55934647075,429943.2236550618],[530275.42166769062,429937.99582189601],[530247.39123293769,429928.86269118637],[530250.25760894211,429922.21353124175],[530242.35987853212,429919.82337443158],[530233.47078979784,429915.8952970393],[530192.83732401265,429898.11543886364],[530179.13020610414,429892.45864348207],[530148.41349972889,429881.91205371637],[530138.11840299482,429878.37730651256],[530129.57546333282,429877.05751321837],[530121.11899218988,429876.55611089151],[530093.04690930515,429874.89177218173],[530026.64835363114,429876.54764363263],[529970.32827223069,429877.95715037361],[529916.93749866262,429878.89158641826],[529874.31158765429,429879.29692469444],[529833.67902770336,429880.33132313844],[529817.86869530834,429880.99992842786],[529817.85357059096,429876.97980343271],[529810.70724673395,429877.67336936947],[529791.23672480218,429879.61605891865],[529778.13032072503,429880.07001799997],[529761.16893961444,429880.56492038257],[529731.28028767463,429885.96518279053],[529644.39407314896,429903.53857364878],[529578.00463447708,429916.2974361442],[529520.36796848872,429927.61737824511],[529479.38750670536,429936.11099143792],[529457.63703781972,429940.6719817305],[529445.51892446238,429944.59147692658],[529436.59350289404,429947.02563318796],[529417.68076087604,429950.75093877595],[529394.93373362499,429956.47185752913],[529390.7105800237,429956.27150462847],[529385.98793809244,429956.15085121524],[529372.77278037043,429956.2027600091],[529353.33955274662,429956.41974245012],[529331.6614284016,429951.90253266692],[529323.23458874319,429949.20362561103],[529288.53543232009,429938.52252571285],[529258.77380619955,429930.89516056888],[529244.85644382681,429927.08626126032],[529244.94053242134,429928.84658544604],[529223.61969216482,429921.9607840497],[529223.55110877834,429920.60259072389],[529191.14941090299,429902.36229825765],[529137.31017067342,429867.67169777118],[529130.61126040888,429864.45751929376],[529118.07871903118,429858.65119868703],[529102.6271799854,429849.80734676775],[529087.18067143788,429840.2878560666],[529076.8273786573,429833.30309840571],[529069.89819887036,429829.67943822592],[529032.24730275176,429809.32177510578],[529008.6906691998,429797.6955504138],[528986.91658326413,429781.38696217351],[528964.38516015885,429764.47904102318],[528953.4945428858,429762.46967916191],[528949.30968859175,429756.73692468461],[528944.4037165544,429744.25376116484],[528927.96616954508,429645.46433750354],[528927.55663343519,429623.60388304852],[528933.37939573708,429587.6169597134],[528943.29010553122,429543.83144447673],[528949.31121443026,429509.73809630144],[528945.08428229752,429485.76783843338],[528941.92397133389,429477.03764156345],[528927.276940985,429422.06653608754],[528926.11925584613,429411.70301587135],[528932.15188042133,429266.20309957862],[528936.48640730698,429174.81739095598],[528948.0548193031,429130.75682666246],[528953.35782654118,429128.30566708837],[528943.95721966855,429127.09535140451],[528952.70584452187,429101.87884851079],[528959.10793778615,429092.11987423524],[528970.47719025216,429061.8933282895],[528976.00498835777,429027.05962418392],[529017.31165322918,428941.9574234942],[529019.22881280957,428927.83073760569],[529028.96249166096,428900.26423108578],[529031.7260270858,428871.80167712364],[529030.40481801995,428852.59693577234],[529024.02434380981,428819.22360186279],[529023.82620217104,428793.24277892429],[529025.30103306973,428755.59665054549],[529014.06781074218,428699.71500558034],[529001.10874671722,428665.3359192377],[528994.91946126008,428636.65906700026],[528991.64983363333,428637.26351631992],[528988.32589705533,428613.42708757706],[528980.7342055355,428627.56537710689],[528968.87412536168,428640.89351337217],[528963.8247292405,428640.70287442207],[528943.54040615435,428644.4914077241],[528863.2515509564,428655.09380918648],[528773.46807504003,428665.38570571039],[528709.76590055309,428672.86445701867],[528684.23012448766,428675.63285291102],[528680.57912154635,428677.48313894309],[528673.06355063093,428676.91745635495],[528628.23984621244,428681.58133117203],[528628.05788455054,428670.49088791944],[528618.12050648336,428671.13224559743],[528613.48359546904,428669.50136750937],[528606.6130353167,428669.9291075347],[528579.3145190794,428671.62855570484],[528558.94052170287,428671.50691103004],[528517.2532276205,428672.27036087215],[528498.16946709226,428671.85411132034],[528461.98487427761,428676.68011990283],[528424.82909493323,428677.52418042719],[528394.62661203695,428676.90412574541],[528366.60095501854,428677.7872648295],[528346.59558505402,428679.04168976564],[528328.72042565106,428680.20616153348],[528312.97330397251,428678.97807482164],[528272.06823175668,428679.25560784154],[528258.74855086056,428679.87885709945],[528234.41204645473,428681.01764631551],[528214.73299737275,428681.9463040242],[528207.06576671498,428686.59118648618],[528206.72020498314,428687.15406699572],[528206.53142369667,428686.92060413957],[528206.85856917861,428679.69751214515],[528232.98883874353,428607.82021993864],[528286.81741360389,428457.69250868075],[528329.9004914402,428337.53399884515],[528392.13444288308,428163.9639051808],[528418.1056416895,428091.53049528599],[528437.49309893721,428049.14953745343],[528458.9654382416,428002.21079690568],[528479.33460533316,427973.56524183881],[528494.31905696657,427958.89772226475],[528512.21004659287,427941.38496241719],[528547.22872185498,427925.91356288176],[528650.49790152186,427880.28897182923],[528640.58445169532,427854.75765469298],[528610.55705431313,427777.4244047571],[528591.56469784584,427728.51085230336],[528585.89253889245,427720.25677801017],[528570.14586193487,427700.99444250017],[528558.02654855326,427682.70745097101],[528550.27167614223,427669.01679261774],[528545.62700632005,427660.81689504534],[528537.77561823302,427640.71683986485],[528526.38082312082,427601.16744846758],[528521.42305877001,427587.1257617129],[528511.91707105353,427560.2021341864],[528520.15421783819,427572.65167262685],[528525.21779662347,427578.93164996803],[528531.48248855805,427585.82267018314],[528538.32204358827,427591.47589653451],[528545.47390580771,427595.14570356533],[528555.62789496453,427598.65055441018],[528569.95672052773,427601.93620494381],[528582.58741301519,427603.14216200262],[528595.35370024596,427603.92373012844],[528604.81182887277,427603.92745055724],[528611.53660671553,427603.39938564878],[528628.2203276587,427598.88061829098],[528639.17773380689,427593.27795289643],[528649.07296388003,427586.48990569822],[528657.69283965265,427578.30393488333],[528659.52384572581,427575.66161339916],[528664.0554927995,427568.27558552567],[528684.98319642781,427522.46652931813],[528698.67845530005,427507.35268629622],[528706.35276379611,427496.25873370748],[528709.29651060677,427488.14244304597],[528714.42203081353,427480.06721320283],[528726.59817203623,427468.15635950584],[528731.25075450249,427460.80035612918],[528755.96828828659,427440.31072038785],[528767.68505737162,427433.74875907972],[528774.46450648527,427428.33445940353],[528789.39255039254,427422.0074211238],[528794.3414928274,427418.39666966628],[528796.7762959674,427417.24092395231],[528808.28652119322,427411.14759675879],[528823.98050287494,427401.7518131882],[528831.88740770565,427405.05899973959],[528840.11509964161,427407.37362052221],[528866.62738373829,427415.76707967557],[528883.42478266114,427418.88899193704],[528893.12861211062,427422.0846124934],[528898.01735484006,427427.84361605532],[528925.89908283635,427422.45328224171],[528946.89759060973,427421.13972205762],[528952.80375250429,427419.2525491761],[528970.90203741717,427416.54074347205],[528981.60679262225,427412.81205403805],[528995.69621436624,427408.02753277309],[529010.53772163065,427398.06190307159],[529028.25987108052,427383.19330489077],[529066.14593681158,427351.26243250258],[529111.26623333932,427313.60913016461],[529114.64090580144,427308.95013346151],[529138.39919778483,427288.7637750376],[529175.8204898159,427255.18683648761],[529175.03431157488,427252.22700266913],[529187.1374431242,427243.20811942406],[529202.1626301324,427237.55312952679],[529209.82817194588,427230.68451516703],[529225.58347546961,427216.56731326785],[529235.51495405997,427212.08251289837],[529241.78302554647,427204.93953360803],[529245.7087099104,427197.55722127948],[529264.82463165128,427180.34462163225],[529274.88546743384,427176.39520714525],[529426.84118610248,427041.99366900325],[530230.50788067444,428117.89862430468],[530721.78984939749,428776.84682054725],[530808.20432474359,428880.58959916793],[531014.9176792166,429163.65057276934],[531238.94746602781,429456.82998627052],[531269.02579896897,429538.75466605648],[531258.49803558853,429627.01275887433],[531251.18150232709,429999.25035202969],[531246.48963550618,430289.63233961258],[531180.84903009248,430732.94168255664],[531144.30957007036,430982.01133958064],[531144.25199889392,430982.19301282894]]]},"properties":{"OBJECTID_12":1933,"NAME":"Rokicie","NR_OKR_JP":12,"SHAPE.AREA":5972674.7244876605,"SHAPE.LEN":12803.8488472271}},{"type":"Feature","id":1934,"geometry":{"type":"Polygon","coordinates":[[[531269.02579896897,429538.75466605648],[531691.18852922448,430081.33451774437],[532150.76360236516,429884.65281386115],[532448.86324920226,430008.79501239769],[532242.615221899,430332.49822598789],[532389.09509590897,430378.82119405642],[532447.07524929952,430393.30384806544],[532501.07935472345,430397.18545173295],[532535.42505558732,430399.81698614825],[532585.56594933406,430403.72126020771],[532604.28105869039,430401.61052846164],[532669.10876770515,430391.92970436346],[532784.71049326519,430374.66656590533],[532956.34794449876,430349.03565947711],[533036.89868349512,430337.00680792797],[533096.65473387972,430330.82720145769],[533134.23282996658,430326.97797723114],[533364.06622317713,430288.97838315647],[533627.26284704276,430250.6026669303],[533702.30205748137,430241.67293271888],[533751.99881476234,430233.29012989718],[533756.64342608361,430333.25791377481],[533752.52197232237,430426.3037967803],[533748.9156170123,430507.72202004865],[533747.41336330806,430541.63713897299],[533749.13114888582,430588.99022041261],[533751.73922761634,430619.45538833831],[533748.10732661013,430619.48858234473],[533734.85464752105,430634.21355529316],[533730.1685461069,430633.54825962801],[533707.96758657671,430633.38167763874],[533686.4925849404,430633.11500288174],[533652.98386666342,430632.28114956524],[533622.83337262273,430630.03964245971],[533582.10266662808,430626.72384704929],[533567.70629932068,430627.93023062032],[533548.67193266028,430626.57098416332],[533524.96167495719,430749.29834595881],[533522.81251641014,430760.42055152636],[533522.95759854955,430777.62456638366],[533511.52546504093,430835.92667457927],[533509.00071413768,430835.46160506271],[533505.34631559497,430853.6838791389],[533496.30478583579,430904.42127814516],[533498.82379102812,430905.19622635841],[533495.32551978447,430925.57107161358],[533496.15800581081,430928.70763010532],[533492.19047734607,430942.55312271975],[533486.89342649002,430968.3709318256],[533484.0247221014,430983.69140161946],[533482.5863208822,430991.37337809801],[533480.92706456187,430996.45286218822],[533477.45526925882,431014.36283495557],[533469.21166080295,431060.39233004302],[533468.92094336543,431060.3263602946],[533467.93696180393,431065.35551455338],[533463.50811939372,431087.99206817057],[533456.18748991424,431125.43134394661],[533442.41735310841,431199.69584521744],[533437.37014986819,431229.3262738362],[533433.54541555489,431251.77996133827],[533432.5321619733,431257.7282252172],[533434.34873707406,431258.29294290766],[533428.43366487534,431286.80569784995],[533426.59301136306,431286.26329614129],[533420.25654673541,431305.58575720154],[533416.47100265324,431326.87395975739],[533416.21997793496,431326.78745889571],[533415.2909783849,431331.63547669817],[533411.11153541494,431353.44464699458],[533400.09372492507,431410.91103462782],[533392.34913063596,431451.18920472916],[533386.02346584981,431450.25298035238],[533385.81268068578,431450.21499627642],[533385.56648832827,431451.85151843727],[533385.46463743073,431452.5282793045],[533385.73496067955,431452.56454777438],[533384.5480600904,431458.88745303638],[533382.81833736366,431468.06276571285],[533380.75024076249,431479.05384958535],[533378.82354942395,431489.31566392351],[533384.71619718429,431491.24358853232],[533380.6171948394,431513.11012086179],[533370.65428105299,431566.25812791847],[533370.6305382764,431573.82077864464],[533370.50794653746,431591.30399045441],[533364.56937496632,431622.47536097653],[533355.30435969029,431671.54392751865],[533345.67667834705,431722.12119831238],[533317.33050687169,431715.58656053524],[533318.74525294709,431707.49916562717],[533244.27133412869,431684.31672949996],[533241.29217836703,431693.43072419707],[533203.05300105293,431681.45969732292],[533203.70057654008,431679.15559856314],[533125.32669463719,431654.33570761234],[533033.72432622488,431625.32437422313],[533010.84556337411,431618.07848547958],[532995.33897997322,431613.16736317705],[532986.12096895918,431610.24799319264],[532973.87103720463,431606.36833248101],[532964.03855010797,431603.25421687495],[532957.54268587555,431601.19505110011],[532955.6928282039,431600.60830469243],[532955.65450515109,431600.72875284031],[532955.45316468261,431600.62158377469],[532955.37692950142,431600.89245512988],[532951.46291261958,431599.68692265823],[532951.54927646392,431599.42590601463],[532936.73538693727,431594.80209552962],[532936.68762009218,431594.96264740359],[532932.32398243586,431593.61057695653],[532932.3592867679,431593.42301342823],[532926.50468326977,431591.35465673264],[532926.45677944925,431591.50521692261],[532918.73696981848,431589.1739157699],[532904.96184025262,431584.95319586713],[532895.2952025776,431581.90885951556],[532887.87586848636,431579.42223627586],[532863.88566215197,431571.79333672952],[532821.72176849679,431558.52316753753],[532820.30743526947,431562.98869445082],[532795.43316362065,431555.02213786542],[532775.64040159038,431548.97144144215],[532762.06205338484,431544.08085122053],[532750.51133327826,431539.11249666382],[532740.74583830871,431533.87982305977],[532721.40285111242,431514.50792785827],[532712.30098240729,431519.06954766251],[532677.30934004392,431510.43400338106],[532630.65718726162,431495.50645917375],[532566.21961991501,431474.46611542627],[532514.5562481056,431457.69169418421],[532498.07153949479,431447.09853480943],[532435.9121333895,431426.99412838742],[532371.20318352408,431404.66791891586],[532369.3150996099,431410.70423750021],[532341.64760441007,431401.76790680643],[532262.37734634371,431375.96736530587],[532235.19184802065,431367.19951125607],[532229.31141851644,431365.2378353551],[532225.35598597256,431361.74044073187],[532224.48409135675,431360.10345278215],[532221.16666004888,431355.0322179459],[532219.74459052458,431353.35670161247],[532200.19060996606,431302.5775607815],[532189.78618826938,431323.2809752496],[532182.04127419775,431305.42079075146],[532151.34804656578,431319.05695226882],[532120.65688588074,431409.38990894798],[532105.41226701951,431404.55563017912],[532094.72629372729,431430.00236461498],[532010.20044413721,431407.39245810825],[532005.54844412173,431418.69291270711],[531983.38828120707,431416.21458272357],[531946.29340592364,431411.00227251835],[531924.34951098589,431408.6995625291],[531882.62785370124,431395.07092224713],[531865.80690466065,431389.30086473934],[531864.23082671629,431385.56908028293],[531830.76923772448,431380.9710337678],[531847.82579391182,431258.0014162967],[531854.98905045912,431207.42593002319],[531862.573547384,431189.88315751683],[531866.28727379837,431165.97186957672],[531831.33005360968,431158.70603885315],[531791.52411037299,431153.50818892755],[531769.3129394172,431149.45265994221],[531729.55571429047,431143.63174036425],[531708.25913853163,431140.17288219463],[531671.24672728195,431134.41606996674],[531598.87785415468,431124.17960931174],[531538.538892376,431115.46955488622],[531543.34130504099,431081.60540635418],[531535.78126411093,431080.51980185416],[531537.602640011,431066.85358581971],[531538.19338503631,431066.93553017359],[531539.22533853841,431059.83582986612],[531538.6345948847,431059.75398542173],[531539.08877489506,431054.49552905001],[531526.50824046368,431052.66526642069],[531527.56374679215,431046.55470838677],[531525.22469810897,431044.07238478586],[531459.55373724352,431035.09892696422],[531332.8354951787,431016.43504308909],[531246.8891033805,431004.66148329899],[531240.16004046821,431007.07633506693],[531238.26600628253,431023.46171130892],[531174.5670802847,431014.73104053829],[531173.61323295184,430986.22839190066],[531144.87521060044,430982.28130793571],[531144.25199889392,430982.19301282894],[531144.30957007036,430982.01133958064],[531180.84903009248,430732.94168255664],[531246.48963550618,430289.63233961258],[531251.18150232709,429999.25035202969],[531258.49803558853,429627.01275887433],[531269.02579896897,429538.75466605648]]]},"properties":{"OBJECTID_12":1934,"NAME":"Górniak","NR_OKR_JP":13,"SHAPE.AREA":2957014.78466804,"SHAPE.LEN":9462.9543957492715}},{"type":"Feature","id":1935,"geometry":{"type":"Polygon","coordinates":[[[533062.06776119675,429062.99451396521],[533091.94966370997,429060.77436204441],[533151.9566161359,429055.7877763696],[533212.47260942671,429049.77846996486],[533248.32470998808,429044.99539936613],[533304.43186489947,429036.38493156619],[533342.88022512419,429030.09523025155],[533392.2294985957,429022.02219156548],[533429.32137174322,429015.95445076469],[533490.57236281619,429005.93445779849],[533539.72868231486,428997.89304838423],[533592.75571778347,428989.21846836619],[533755.79835162545,428962.54662954435],[533870.10618742008,428943.15101768915],[533929.40191113995,428931.18510778621],[534151.00525762781,428885.06021164265],[534273.76922184683,428857.276186754],[534345.32165726006,428841.81537405122],[534418.58173925942,428827.89025483932],[534526.98203573516,428810.3516960172],[534597.55139524373,428798.92486619018],[534662.22174596402,428788.40834310371],[534734.25128732307,428776.81690102164],[534860.80449568597,428755.58252080251],[534895.37839984696,428749.12039296422],[534953.0753826584,428738.25013406668],[535015.27783509856,428726.7522003483],[535074.67057713948,428713.32005090918],[535186.05793337477,428686.92950227391],[535277.49636792089,428664.16846732702],[535388.31572171592,428635.77002626099],[535493.76300168422,428608.17833809182],[535588.06249352009,428583.50363391172],[535670.75925587711,428562.09292446263],[535722.83434714377,428548.3300635526],[535772.29524425173,428535.81524266023],[535817.9500896174,428525.479600586],[535882.90977403685,428514.54392936826],[535915.31842257723,428509.08796312287],[535980.7135857523,428499.57230171189],[536075.89059978677,428485.65901140217],[536144.14745485957,428478.35067974776],[536234.96863214881,428471.27488351148],[536307.88312097196,428471.84097012877],[536405.05022575066,428481.17179363035],[536480.07847489114,428492.06817755662],[536601.51123690919,428517.49827868585],[536739.56530013762,428551.42681686673],[536930.6409380564,428598.40956735797],[537106.95961963851,428641.7965876013],[537252.39474702824,428674.22152665351],[537407.57806134701,428705.63812825177],[537455.06984481111,428715.17885355745],[537525.72472222708,428725.49223617185],[537635.33053547039,428734.35732202698],[537719.16927697731,428740.37430836726],[537765.32099835854,428743.68656385131],[538105.09734166169,428774.86501024105],[538103.71350439044,428821.88229388371],[538081.72884125262,428843.5682198694],[537932.59174660256,428990.80870763026],[537838.95767410903,429083.06278230716],[537753.20533472346,429167.75333016552],[537506.08882130985,429530.32593632955],[537418.17523968616,429657.45568513684],[537343.8466102978,429755.05459467229],[537265.37852531974,429871.04522272013],[537185.55068956641,429994.27981424797],[537167.31163427362,430015.35624300316],[537121.17994673224,430035.64574081078],[537074.27455895767,430060.73273014277],[537057.18444663123,430072.81865914073],[537004.06616975018,430110.7431107536],[536975.61746189743,430167.08662717603],[536884.01643089019,430161.93633167073],[536846.5536938759,430157.04323457088],[536787.51098260412,430154.04508342035],[536787.98270505515,430144.71468289103],[536770.90495672496,430143.33980616089],[536779.85029319231,430241.12351084687],[536759.38842716115,430254.06673905347],[536741.06873564317,430263.23094472382],[536695.42818528763,430291.64855352975],[536687.99329007207,430501.64396636654],[536358.02177242353,430510.6839945782],[536357.2639230201,430479.45468026772],[536217.09052638395,430482.77514003124],[536214.59736839251,430558.8774078628],[536207.15426727408,430619.64253247436],[536124.44171895355,430616.9987524664],[536097.29809740675,430611.80443270504],[536001.25111466937,430613.31085418165],[535679.58536602685,430616.63072862569],[535660.54789215117,430713.60895490833],[535504.48126549856,430709.87453914061],[535484.76417675312,430709.40279106423],[535462.17165618914,430689.19577591401],[535454.76317114197,430655.41928679124],[535447.10020866222,430617.65886968188],[535351.16439133661,430618.53417432122],[535322.03651160002,430614.39637837466],[535282.94604946394,430616.16140572634],[535164.25730823877,430617.93820815347],[535057.29391725501,430618.58251710888],[534864.07437482662,430618.86496149655],[534864.74421442091,430664.81603432074],[534857.60986252502,430723.21609497257],[534854.00347408897,430740.26712629758],[534845.67544841708,430772.2934301747],[534841.51278622961,430788.28477805946],[534801.70212388888,430780.52585868258],[534769.29907082615,430775.77098876238],[534730.22060051782,430768.29424184561],[534623.80147559685,430724.16696811002],[534500.07418673858,430673.13254653756],[534438.91319234378,430644.65985043067],[534401.16886387498,430652.77231356874],[534342.57761006791,430668.87555332109],[534325.89848024258,430633.88694013096],[534287.81182556157,430641.81421894673],[534242.32370649383,430644.42335463222],[534205.64801581053,430644.7013241481],[534199.61609272892,430644.53216816392],[534199.12395574548,430650.9147947561],[534163.31572652922,430651.49347211048],[534095.35606061795,430646.18114841171],[534030.59028923395,430641.25266747456],[533986.68381339591,430637.77294119075],[533989.42645645398,430613.2188777253],[533981.59025686618,430618.74818935897],[533953.02429046726,430618.74010785576],[533834.58757474239,430618.70561789256],[533751.73923035571,430619.45558817219],[533749.13114888582,430588.99022041261],[533747.41336330806,430541.63713897299],[533748.9156170123,430507.72202004865],[533752.52197232237,430426.3037967803],[533756.64342608361,430333.25791377481],[533751.99881476234,430233.29012989718],[533702.30205748137,430241.67293271888],[533627.26284704276,430250.6026669303],[533364.06622317713,430288.97838315647],[533134.23282996658,430326.97797723114],[533096.65473387972,430330.82720145769],[533036.89868349512,430337.00680792797],[532956.34794449876,430349.03565947711],[532784.71049326519,430374.66656590533],[532669.10876770515,430391.92970436346],[532604.28105869039,430401.61052846164],[532585.56594933406,430403.72126020771],[532535.42505558732,430399.81698614825],[532501.07935472345,430397.18545173295],[532447.07524929952,430393.30384806544],[532389.09509590897,430378.82119405642],[532242.615221899,430332.49822598789],[532448.86324920226,430008.79501239769],[532812.0880706805,429418.42915383913],[532897.84288859356,429316.23591950815],[533062.06776119675,429062.99451396521]]]},"properties":{"OBJECTID_12":1935,"NAME":"Chojny-Dąbrowa","NR_OKR_JP":15,"SHAPE.AREA":8501265.9548085704,"SHAPE.LEN":14495.558392107601}},{"type":"Feature","id":1936,"geometry":{"type":"Polygon","coordinates":[[[532448.86324920226,430008.79501239769],[532150.76360236516,429884.65281386115],[531691.18852922448,430081.33451774437],[531269.02579896897,429538.75466605648],[531238.94746602781,429456.82998627052],[531014.9176792166,429163.65057276934],[530808.20432474359,428880.58959916793],[530985.98840311752,428697.82335612085],[531222.87313834438,428582.40823268984],[531502.58122644888,428464.92951739579],[531547.80288904614,428448.27141430229],[531621.37012683344,428429.11703455355],[531667.34134452138,428421.9573621694],[531711.19939718151,428418.23126268294],[531734.10027868964,428417.48621903919],[531756.57299697271,428417.62817698531],[531787.65164696029,428419.1162640648],[531829.7640342263,428423.39925893582],[531847.61507411161,428426.09784817789],[531873.28319764149,428431.15233436786],[531904.03316091839,428438.58460929338],[531943.99049179093,428450.68303197715],[531991.24544614751,428467.84363344125],[532025.90528485074,428483.68388905004],[532050.14152958,428496.44005668722],[532070.69365209516,428508.35108447168],[532094.56990218256,428523.46826923452],[532127.09757390188,428546.85400657263],[532170.97494582715,428583.54115900397],[532242.62169781514,428649.16751164012],[532340.77435982937,428740.05163761321],[532526.87890992209,428911.73956794478],[532585.83393624262,428957.88921713457],[532619.9867557463,428979.78748179134],[532653.79214966577,428998.92578436527],[532683.41207475623,429013.67700476665],[532704.52251699404,429022.86000073235],[532738.17409658351,429036.09090977814],[532760.72845233104,429043.54161825683],[532788.37053452898,429050.88312662952],[532818.48923922086,429057.04463113565],[532852.60172170086,429061.52534897905],[532888.42654827796,429065.16372661572],[532923.69308860402,429067.09256067686],[532967.2173246108,429067.93605240341],[533010.01411274087,429066.14611598849],[533039.73260612518,429064.65393573977],[533062.06776119675,429062.99451396521],[532897.84288859356,429316.23591950815],[532812.0880706805,429418.42915383913],[532448.86324920226,430008.79501239769]]]},"properties":{"OBJECTID_12":1936,"NAME":"Piastów-Kurak","NR_OKR_JP":14,"SHAPE.AREA":2183093.6425672998,"SHAPE.LEN":6045.9859980988103}},{"type":"Feature","id":1937,"geometry":{"type":"Polygon","coordinates":[[[535915.31842257723,428509.08796312287],[535882.90977403685,428514.54392936826],[535817.9500896174,428525.479600586],[535772.29524425173,428535.81524266023],[535722.83434714377,428548.3300635526],[535670.75925587711,428562.09292446263],[535588.06249352009,428583.50363391172],[535493.76300168422,428608.17833809182],[535388.31572171592,428635.77002626099],[535277.49636792089,428664.16846732702],[535186.05793337477,428686.92950227391],[535074.67057713948,428713.32005090918],[535015.27783509856,428726.7522003483],[534953.0753826584,428738.25013406668],[534895.37839984696,428749.12039296422],[534860.80449568597,428755.58252080251],[534734.25128732307,428776.81690102164],[534662.22174596402,428788.40834310371],[534597.55139524373,428798.92486619018],[534526.98203573516,428810.3516960172],[534418.58173925942,428827.89025483932],[534345.32165726006,428841.81537405122],[534273.76922184683,428857.276186754],[534151.00525762781,428885.06021164265],[533929.40191113995,428931.18510778621],[533870.10618742008,428943.15101768915],[533755.79835162545,428962.54662954435],[533592.75571778347,428989.21846836619],[533539.72868231486,428997.89304838423],[533490.57236281619,429005.93445779849],[533429.32137174322,429015.95445076469],[533392.2294985957,429022.02219156548],[533342.88022512419,429030.09523025155],[533304.43186489947,429036.38493156619],[533248.32470998808,429044.99539936613],[533212.47260942671,429049.77846996486],[533151.9566161359,429055.7877763696],[533091.94966370997,429060.77436204441],[533062.06776119675,429062.99451396521],[533039.73260612518,429064.65393573977],[533010.01411274087,429066.14611598849],[532967.2173246108,429067.93605240341],[532923.69308860402,429067.09256067686],[532888.42654827796,429065.16372661572],[532852.60172170086,429061.52534897905],[532818.48923922086,429057.04463113565],[532788.37053452898,429050.88312662952],[532760.72845233104,429043.54161825683],[532738.17409658351,429036.09090977814],[532704.52251699404,429022.86000073235],[532683.41207475623,429013.67700476665],[532653.79214966577,428998.92578436527],[532619.9867557463,428979.78748179134],[532585.83393624262,428957.88921713457],[532526.87890992209,428911.73956794478],[532340.77435982937,428740.05163761321],[532242.62169781514,428649.16751164012],[532170.97494582715,428583.54115900397],[532127.09757390188,428546.85400657263],[532094.56990218256,428523.46826923452],[532070.69365209516,428508.35108447168],[532050.14152958,428496.44005668722],[532025.90528485074,428483.68388905004],[531991.24544614751,428467.84363344125],[531943.99049179093,428450.68303197715],[531904.03316091839,428438.58460929338],[531873.28319764149,428431.15233436786],[531847.61507411161,428426.09784817789],[531829.7640342263,428423.39925893582],[531787.65164696029,428419.1162640648],[531756.57299697271,428417.62817698531],[531734.10027868964,428417.48621903919],[531711.19939718151,428418.23126268294],[531593.82243565982,428366.22613700572],[531516.16565354029,428202.9882186763],[531498.78232973814,428092.17247904371],[531553.38845759013,427996.1855362989],[531331.08128437703,427855.77695125062],[531307.09663709113,427800.9801531611],[531302.59570057876,427774.42339754663],[531289.07888557168,427735.74783059768],[531267.71547156444,427674.62064391468],[531254.18786852027,427599.89323863201],[531357.08377540228,427573.56344107259],[531430.99703670829,427569.20742800273],[531435.49324321444,427448.81142299064],[531439.48923945846,427391.50939908531],[531453.51252878911,427300.93474610243],[531458.00290216634,427268.58343868982],[531476.75594335725,427238.80083958805],[531514.48306956841,427202.99786808342],[531531.37902372668,427138.44664738886],[531558.11356442585,427062.76438813005],[531575.8794879677,427022.94097860157],[531661.07507702091,426831.46878098231],[531704.46648844075,426722.03826627508],[531739.17938513274,426646.15430223662],[531799.7936772902,426538.38793888129],[531884.13241353363,426396.34228372481],[532125.9417585698,426024.35618230049],[532234.01090308966,425858.22187623195],[532375.98890994105,425646.71480862424],[532418.86354945949,425587.52977826726],[532467.08812485496,425588.66800961737],[532496.26880075573,425589.35757292621],[532512.0337781572,425589.73123462312],[532518.06178090908,425589.86851764657],[532536.81577976618,425590.31116298959],[532556.83940745506,425590.78638392314],[532644.16337958851,425591.52891508769],[532656.59687664919,425591.63841274101],[532661.91409908957,425591.68549673073],[532666.58158778679,425591.72149406374],[532698.39485907985,425591.99523811415],[532762.31663093739,425604.61090810224],[532763.24093071045,425604.96800831426],[532765.89351912541,425606.01097634621],[532766.42608989356,425606.2235392509],[532795.12126510963,425617.4329812564],[532863.52382182283,425644.17812475935],[532884.48268886772,425652.37554925494],[532900.60886316828,425658.69043045212],[532900.98142996046,425658.89519155677],[532902.88956864609,425659.57859532442],[532918.07145958382,425665.53664984927],[532934.54953215085,425672.00660670735],[532942.91928146605,425675.29975575488],[532945.99371004291,425676.49684140924],[532949.9022392052,425678.03227552306],[532953.66992661322,425679.49968405161],[532955.27763018326,425680.13723548409],[532963.16490393993,425683.22712884471],[532996.43284151074,425694.12408249639],[533027.01055013761,425704.14847393241],[533035.70413833798,425707.00746264774],[533048.61380727217,425711.23777481914],[533069.25211360434,425719.37962412741],[533098.22978070506,425729.32599612791],[533098.68159649801,425729.47970369365],[533120.03834425518,425736.81222503632],[533159.00646173186,425750.17944342084],[533167.5008989505,425753.09112670738],[533219.53183962416,425770.92639969196],[533240.81836805143,425778.23989271466],[533258.99200754869,425784.46675678343],[533262.12460542098,425785.53312807903],[533313.80322936154,425803.18334392644],[533363.09192130843,425819.99685711693],[533405.83441639494,425834.59153337684],[533445.15291057504,425848.00390615501],[533458.95867488848,425852.72161396127],[533470.4381551675,425853.2239295803],[533495.06695710088,425854.29562733509],[533514.79600364529,425855.15462791361],[533535.57499686338,425856.05920635816],[533558.56379237515,425857.05343494564],[533581.03274608473,425858.03479770664],[533610.7813876376,425859.33616399579],[533643.52999399393,425860.7763170395],[533657.81918446359,425861.39004482795],[533660.4991433305,425861.51322846673],[533670.94674005255,425862.55933766998],[533684.59646308818,425863.91135463398],[533700.03756989527,425865.44869560748],[533729.22845193488,425868.34667612612],[533758.80969218537,425871.2892764667],[533788.88148106821,425874.29511118215],[533818.08235043765,425877.19295386039],[533818.95299468166,425877.28096221574],[533848.11416965048,425880.19933542144],[533856.17991272651,425880.99825401418],[533877.62436688133,425882.33343036752],[533886.20611761918,425882.86544778943],[533892.5075772556,425883.26880661398],[533906.59049546835,425884.14519134443],[533921.16355270136,425885.05483568832],[533935.84651794774,425885.96297432575],[533961.21181005822,425887.54424419533],[533984.9667998082,425889.02765122987],[534009.42188981222,425890.55143500865],[534031.87672883668,425891.96271088626],[534056.72190259083,425893.51113114227],[534081.16699796682,425895.03505136818],[534083.7675690921,425895.19929641951],[534106.16299850889,425889.35607401934],[534131.54675632704,425882.80234701559],[534179.25613512227,425870.41634935979],[534200.96487374441,425864.7824066449],[534223.96814800368,425858.81093697343],[534245.31841703528,425853.27184765227],[534248.20628152194,425852.5227450151],[534267.03043955541,425850.06629123911],[534288.58779599948,425847.24260831811],[534309.62640641513,425844.48599318508],[534337.84737908305,425840.78153527621],[534352.31215831963,425838.89447231777],[534367.04602771276,425836.95375544764],[534396.61395578273,425833.09093653224],[534412.47523935768,425831.01485288236],[534430.98006966105,425828.59275542293],[534496.03727668663,425819.78664858546],[534539.04014769674,425814.00090941135],[534581.27393161133,425808.24569384009],[534613.73272308277,425803.85359206796],[534636.98960700945,425801.0765848374],[534651.3169595527,425799.37128977571],[534669.75485212146,425797.16996874101],[534685.4887006575,425795.27551609743],[534694.70757804508,425794.1698598545],[534703.93658382318,425793.07405842375],[534714.73181580391,425791.77691760566],[534781.04028278892,425799.17317736428],[534781.22040634404,425799.19069689699],[534831.98910505313,425805.87043727376],[534849.63956954516,425808.19697895087],[534867.30987995281,425810.51325506996],[534910.56704058545,425822.56248426717],[534940.684620974,425822.34977022],[534954.94394149585,425822.24437169731],[534957.38204163522,425822.22096537426],[534988.5587347605,425821.99374235794],[535020.77469488129,425821.76227577869],[535037.25476072729,425821.81633193698],[535052.43550084089,425821.8582071336],[535084.1164252772,425821.96385633759],[535094.68006359437,425821.99902710319],[535122.87294181937,425822.08250475675],[535150.72610261408,425822.17063619196],[535183.17651560472,425822.27573737223],[535184.2862730117,425822.31050227396],[535282.16952365974,425825.71650917362],[535285.39887884771,425825.82217259519],[535294.6842686478,425828.84293012414],[535465.52675897325,425821.05606464017],[535483.95430552494,426006.09125857241],[535532.47558251699,426498.13017979078],[535575.43369542621,426933.75159878656],[535629.5093084093,427098.33066173829],[535650.97901712905,427181.75978368148],[535656.28890453849,427291.0219001146],[535653.08232019434,427435.40120076574],[535639.34420245746,427604.44670152199],[535644.76205460378,427686.72044597194],[535682.16999132885,427828.34815590922],[535703.49464753619,427925.9952118285],[535720.88774350949,427972.54542200733],[535733.9434545961,428033.38243311178],[535749.77782804682,428060.6762056062],[535767.98150700144,428095.33161214832],[535872.86583166628,428270.98653759435],[535921.96202797629,428391.81688531116],[535944.71916466928,428459.90153175872],[535915.31842257723,428509.08796312287]]]},"properties":{"OBJECTID_12":1937,"NAME":"Chojny","NR_OKR_JP":11,"SHAPE.AREA":12038393.571623299,"SHAPE.LEN":13853.686972879301}},{"type":"Feature","id":1938,"geometry":{"type":"Polygon","coordinates":[[[532418.86354945949,425587.52977826726],[532375.98890994105,425646.71480862424],[532234.01090308966,425858.22187623195],[532125.9417585698,426024.35618230049],[531884.13241353363,426396.34228372481],[531799.7936772902,426538.38793888129],[531739.17938513274,426646.15430223662],[531704.46648844075,426722.03826627508],[531661.07507702091,426831.46878098231],[531575.8794879677,427022.94097860157],[531558.11356442585,427062.76438813005],[531531.37902372668,427138.44664738886],[531514.48306956841,427202.99786808342],[531476.75594335725,427238.80083958805],[531458.00290216634,427268.58343868982],[531453.51252878911,427300.93474610243],[531439.48923945846,427391.50939908531],[531435.49324321444,427448.81142299064],[531430.99703670829,427569.20742800273],[531357.08377540228,427573.56344107259],[531254.18786852027,427599.89323863201],[531267.71547156444,427674.62064391468],[531289.07888557168,427735.74783059768],[531302.59570057876,427774.42339754663],[531307.09663709113,427800.9801531611],[531331.08128437703,427855.77695125062],[531553.38845759013,427996.1855362989],[531498.78232973814,428092.17247904371],[531516.16565354029,428202.9882186763],[531593.82243565982,428366.22613700572],[531711.19939718151,428418.23126268294],[531667.34134452138,428421.9573621694],[531621.37012683344,428429.11703455355],[531547.80288904614,428448.27141430229],[531502.58122644888,428464.92951739579],[531222.87313834438,428582.40823268984],[530985.98840311752,428697.82335612085],[530808.20432474359,428880.58959916793],[530721.78984939749,428776.84682054725],[530230.50788067444,428117.89862430468],[529426.84118610248,427041.99366900325],[529048.69966231333,426531.44069517497],[528686.82368986169,426050.57039723918],[528356.10045459692,425608.66299970169],[528288.60703280731,425513.65630481765],[528303.88632031309,425508.72530804761],[528318.85371255968,425503.3935417328],[528330.25089590042,425499.33989938535],[528332.50835066207,425498.52947205026],[528341.64794217434,425495.27626542561],[528362.58247074857,425487.82405745517],[528370.21043091931,425485.11122722179],[528380.9413131933,425481.29656646214],[528384.56134344079,425480.00776685961],[528397.45003612363,425475.40403135028],[528411.40319368965,425470.44593095314],[528428.97624409606,425464.1890396066],[528445.28636239853,425458.389168703],[528467.07621007797,425450.63543135766],[528483.97283029708,425444.60766709037],[528498.83003535878,425439.25742600206],[528502.7780138097,425437.83421729691],[528522.66709778924,425430.6661621863],[528534.85910186893,425426.27184488438],[528550.71069150395,425420.5582061084],[528561.97797797003,425416.50634618476],[528581.81737511628,425409.35896035004],[528599.61817847181,425402.94904815406],[528617.94594413228,425396.34203883447],[528635.59755446739,425389.98413923848],[528658.81799715641,425381.61119213328],[528672.15439752908,425376.86141709797],[528692.34309235145,425369.67926819436],[528710.88081925875,425363.07937842235],[528714.44117089361,425361.81138496194],[528717.54395464272,425360.69956384227],[528750.39275529864,425349.0067597013],[528781.16313152434,425338.06196879037],[528794.349926817,425333.33423221391],[528797.68128879729,425332.12933761068],[528800.18730408861,425331.22556401789],[528803.20057222771,425330.144950293],[528805.82594111108,425329.19956727419],[528853.86891690292,425311.95204312541],[528877.70651408716,425303.40075641777],[528902.59817239852,425294.46526750177],[528927.34063779016,425285.58179110847],[528927.84656511096,425221.10595538095],[528927.14105294959,425133.85124469455],[528926.27050690632,425025.06252288818],[528876.07959137578,425027.03919474408],[528935.46034565265,424887.58420120925],[528935.74148433527,424886.9507517051],[528939.96267140436,424877.01922690868],[528997.99155317061,424739.5515260715],[529002.5620430425,424729.58523813821],[529035.54289496422,424650.92336745746],[529058.83554517315,424596.019137864],[529076.17588368733,424599.03955229744],[529108.05188909499,424604.60912083741],[529139.59734391328,424610.12325447053],[529212.04449310177,424622.77225269936],[529225.68842852802,424625.15373460017],[529339.23311991256,424645.37462753709],[529344.22750829579,424633.52373897005],[529344.43008412479,424631.53223346267],[529344.77501034923,424628.25959453452],[529352.94018821965,424549.4879567856],[529361.931667572,424548.55531913135],[529366.202798162,424548.10706716683],[529377.3197823891,424546.94544455316],[529408.78489393136,424543.676285672],[529434.40209380013,424541.01688644569],[529511.89206360653,424532.94999737572],[529542.69853399787,424529.74982270785],[529542.88925671321,424499.16673659626],[529548.85569383611,424500.64402065054],[529582.22782845213,424508.92135488987],[529616.34195053799,424517.37840406597],[529643.14567748609,424524.00681269821],[529669.93968526658,424530.655341045],[529694.81842649356,424536.83042088803],[529698.05725489103,424537.62552318163],[529719.62640342687,424542.94650772586],[529749.16731427074,424550.2269827202],[529788.72569149453,424559.97858311981],[529833.45800559432,424570.98846627492],[529834.42874420993,424552.11722065881],[529841.56448842736,424552.13940719049],[529864.87165637582,424552.28987348825],[529906.4574909322,424582.38068467565],[529971.63189888059,424612.73802426644],[530027.10325400229,424629.28717225231],[530128.03539162443,424623.93724862579],[530300.16899011703,424627.12599837501],[530305.74533431814,424627.11957477033],[530440.64354663412,424626.72095458955],[530560.55359003297,424626.48765130341],[530777.99748443137,424624.52868059371],[530888.18564847496,424625.89759434853],[530975.88366567879,424625.47589872964],[531046.1147927104,424615.70958999265],[531088.80460276548,424622.79994921945],[531136.45598105353,424672.55494797789],[531141.77895690303,424678.12841834221],[531152.45488377358,424689.27494819369],[531262.07520197099,424803.86900397204],[531289.19983333664,424804.01713716798],[531296.31216403167,424797.22401279397],[531315.63657577604,424778.75100215431],[531337.93003613001,424757.4291266771],[531355.5769082359,424757.29734348878],[531385.16483521869,424757.07195642963],[531414.39305905695,424756.85149626806],[531467.85337278538,424756.45902172755],[531473.30925797659,424756.41427214351],[531503.3258646141,424756.11305816472],[531514.5772156039,424756.00891409721],[531525.40864080854,424755.8905346645],[531546.77201302163,424755.67786497343],[531566.47676058114,424755.48791378736],[531588.39966704953,424755.26758002117],[531616.85756117501,424754.98771595862],[531645.27535023121,424754.69840762019],[531645.66502687358,424754.69307013974],[531663.75043006008,424754.47533147596],[531685.22302174952,424754.2111978028],[531742.23680031602,424753.51021719817],[531760.82192273566,424753.29562733136],[531808.56886520947,424753.12131962366],[531855.99606924446,424752.95139133651],[531882.4777826292,424752.85849249922],[531900.39537244115,424752.79295599367],[531908.95976853988,424752.78557705507],[531960.02640800388,424752.74568284769],[531992.95495484036,424752.72437748965],[532003.93829965999,424752.75382069964],[532115.62074866868,424753.06290049665],[532252.47774190246,424751.96783946268],[532388.79788889689,424751.08000257518],[532365.99828081112,424907.63178562839],[532367.41586497938,424911.89961033221],[532355.73864398326,424982.32435963769],[532337.68244434206,425100.67571775801],[532334.29154619831,425122.33826161921],[532318.09808242205,425224.19470640179],[532301.12733379437,425332.04795473628],[532285.94922710629,425429.23349851184],[532267.54737460997,425544.96131251194],[532418.86354945949,425587.52977826726]]]},"properties":{"OBJECTID_12":1938,"NAME":"Ruda","NR_OKR_JP":10,"SHAPE.AREA":10075413.3683907,"SHAPE.LEN":14755.983858411799}},{"type":"Feature","id":1939,"geometry":{"type":"Polygon","coordinates":[[[536740.93377548759,430263.31494115852],[536732.99807364342,430400.16018177755],[536703.94926136627,430903.32749149203],[536667.98955110763,431521.1921889428],[536654.05371450575,431761.51200703159],[536668.82091219281,431941.88365199324],[536535.35130694066,431934.10071154591],[536328.34196891193,431903.63445266616],[536131.51173526526,431869.71906891838],[535940.0754255692,431833.1202064734],[535629.21955151751,431750.86264449637],[535409.59763081465,431704.15850679018],[535433.12606469507,432054.22216980625],[534759.79321910837,431975.95298157353],[534571.85868504713,431954.07089792006],[534500.36663219088,431945.65319556743],[534426.26140719594,431931.05743266921],[534356.19310088595,431917.27346145827],[534308.1304246356,431911.67251944169],[534271.25661799498,431907.32557400595],[533990.66569932597,431857.06055292394],[533812.16936432349,431827.62849232648],[533782.14543512883,431822.7660021726],[533711.76291387901,431811.9019270651],[533659.61101248616,431802.22519414313],[533616.49363419367,431791.95470622554],[533545.70417368738,431774.07193247043],[533500.36000491888,431760.93523554783],[533483.26554276748,431755.61486786045],[533351.57556957775,431729.11157199088],[533345.67667834705,431722.12119831238],[533355.30435969029,431671.54392751865],[533364.56937496632,431622.47536097653],[533370.50794653746,431591.30399045441],[533370.6305382764,431573.82077864464],[533370.65428105299,431566.25812791847],[533380.6171948394,431513.11012086179],[533384.71619718429,431491.24358853232],[533378.82354942395,431489.31566392351],[533380.75024076249,431479.05384958535],[533382.81833736366,431468.06276571285],[533384.5480600904,431458.88745303638],[533385.73496067955,431452.56454777438],[533385.46463743073,431452.5282793045],[533385.56648832827,431451.85151843727],[533385.81268068578,431450.21499627642],[533386.02346584981,431450.25298035238],[533392.34913063596,431451.18920472916],[533400.09372492507,431410.91103462782],[533411.11153541494,431353.44464699458],[533415.2909783849,431331.63547669817],[533416.21997793496,431326.78745889571],[533416.47100265324,431326.87395975739],[533420.25654673541,431305.58575720154],[533426.59301136306,431286.26329614129],[533428.43366487534,431286.80569784995],[533434.34873707406,431258.29294290766],[533432.5321619733,431257.7282252172],[533433.54541555489,431251.77996133827],[533437.37014986819,431229.3262738362],[533442.41735310841,431199.69584521744],[533456.18748991424,431125.43134394661],[533463.50811939372,431087.99206817057],[533467.93696180393,431065.35551455338],[533468.92094336543,431060.3263602946],[533469.21166080295,431060.39233004302],[533477.45526925882,431014.36283495557],[533480.92706456187,430996.45286218822],[533482.5863208822,430991.37337809801],[533484.0247221014,430983.69140161946],[533486.89342649002,430968.3709318256],[533492.19047734607,430942.55312271975],[533496.15800581081,430928.70763010532],[533495.32551978447,430925.57107161358],[533498.82379102812,430905.19622635841],[533496.30478583579,430904.42127814516],[533505.34631559497,430853.6838791389],[533509.00071413768,430835.46160506271],[533511.52546504093,430835.92667457927],[533522.95759854955,430777.62456638366],[533522.81251641014,430760.42055152636],[533524.96167495719,430749.29834595881],[533548.67193266028,430626.57098416332],[533567.70629932068,430627.93023062032],[533582.10266662808,430626.72384704929],[533622.83337262273,430630.03964245971],[533652.98386666342,430632.28114956524],[533686.4925849404,430633.11500288174],[533707.96758657671,430633.38167763874],[533730.1685461069,430633.54825962801],[533734.85464752105,430634.21355529316],[533748.10732661013,430619.48858234473],[533751.73923035571,430619.45558817219],[533834.58757474239,430618.70561789256],[533953.02429046726,430618.74010785576],[533981.59025686618,430618.74818935897],[533989.42645645398,430613.2188777253],[533986.68381339591,430637.77294119075],[534030.59028923395,430641.25266747456],[534095.35606061795,430646.18114841171],[534163.31572652922,430651.49347211048],[534199.12395574548,430650.9147947561],[534199.61609272892,430644.53216816392],[534205.64801581053,430644.7013241481],[534242.32370649383,430644.42335463222],[534287.81182556157,430641.81421894673],[534325.89848024258,430633.88694013096],[534342.57761006791,430668.87555332109],[534401.16886387498,430652.77231356874],[534438.91319234378,430644.65985043067],[534500.07418673858,430673.13254653756],[534623.80147559685,430724.16696811002],[534730.22060051782,430768.29424184561],[534769.29907082615,430775.77098876238],[534801.70212388888,430780.52585868258],[534841.51278622961,430788.28477805946],[534845.67544841708,430772.2934301747],[534854.00347408897,430740.26712629758],[534857.60986252502,430723.21609497257],[534864.74421442091,430664.81603432074],[534864.07437482662,430618.86496149655],[535057.29391725501,430618.58251710888],[535164.25730823877,430617.93820815347],[535282.94604946394,430616.16140572634],[535322.03651160002,430614.39637837466],[535351.16439133661,430618.53417432122],[535447.10020866222,430617.65886968188],[535454.76317114197,430655.41928679124],[535462.17165618914,430689.19577591401],[535484.76417675312,430709.40279106423],[535504.48126549856,430709.87453914061],[535660.54789215117,430713.60895490833],[535679.58536602685,430616.63072862569],[536001.25111466937,430613.31085418165],[536097.29809740675,430611.80443270504],[536124.44171895355,430616.9987524664],[536207.15426727408,430619.64253247436],[536214.59736839251,430558.8774078628],[536217.09052638395,430482.77514003124],[536357.2639230201,430479.45468026772],[536358.02177242353,430510.6839945782],[536687.99329007207,430501.64396636654],[536695.42818528763,430291.64855352975],[536740.93377548759,430263.31494115852]]]},"properties":{"OBJECTID_12":1939,"NAME":"Zarzew","NR_OKR_JP":31,"SHAPE.AREA":4117383.0140990498,"SHAPE.LEN":10531.499647287599}},{"type":"Feature","id":1940,"geometry":{"type":"Polygon","coordinates":[[[538331.25531138608,432927.92591805104],[538028.19752132485,432999.45547945518],[537265.52311662771,433177.91133548506],[536967.90028084605,433246.59241827391],[536964.08711752947,433248.20718704164],[536926.97774890123,433255.60394246504],[536878.21771466197,433265.38090630807],[536811.01889668324,433278.855061315],[536727.12130133761,433295.48298887163],[536697.60095441982,433301.07009884156],[536669.65619126358,433306.35908485297],[536648.57225987909,433310.33568827529],[536623.60167443508,433314.5688532507],[536595.37886838883,433319.35348324664],[536571.57251631073,433323.38930292521],[536555.92124260729,433325.6598756779],[536508.16118681291,433332.40919734072],[536493.25697107788,433334.51542704366],[536480.42365097685,433335.64807502553],[536439.40457613009,433339.26833913941],[536431.49655582604,433340.03664470557],[536428.81997268251,433339.37909690198],[536338.91713343502,433340.51300320681],[536241.42762357707,433327.02799806558],[536194.98508510762,433317.8524851203],[536099.96160808508,433291.71924674325],[536051.13912679313,433274.4700233005],[535984.86842493212,433245.40356712602],[535919.8453211973,433210.79168449529],[535841.20838631957,433158.05673969537],[535775.62974871148,433106.31826911587],[535735.40496024443,433067.74958288204],[535701.06163376255,433031.70096187945],[535649.80664891587,432970.26462959405],[535606.83595475694,432908.16935287695],[535545.46772312303,432797.92019535042],[535501.5457533896,432682.45623815898],[535472.08351168991,432543.95781356003],[535449.77438791306,432294.7978600692],[535433.12606469507,432054.22216980625],[535409.59763081465,431704.15850679018],[535629.21955151751,431750.86264449637],[535940.0754255692,431833.1202064734],[536131.51173526526,431869.71906891838],[536328.34196891193,431903.63445266616],[536535.35130694066,431934.10071154591],[536668.78440714919,431941.88155415189],[536668.82402506389,431941.92118488625],[536745.962207773,431937.76197009534],[536857.43829073454,431931.78377528023],[536956.02236923506,431913.75088437647],[537062.94009488972,431894.19356653281],[537201.81984090002,431860.00981030986],[537251.2118021393,431847.85254894104],[537436.98463060916,431771.21257902589],[537517.67056391574,431726.06133152638],[537716.50083495409,431596.6896895906],[538127.96193261945,432196.69017670024],[538211.64102854859,432556.51229882147],[538293.20573314989,432809.82077729516],[538331.25531138608,432927.92591805104]]]},"properties":{"OBJECTID_12":1940,"NAME":"Widzew-Wschód","NR_OKR_JP":35,"SHAPE.AREA":3601332.7531705899,"SHAPE.LEN":8051.68141795678}},{"type":"Feature","id":1941,"geometry":{"type":"Polygon","coordinates":[[[529056.1402894113,436276.4319999991],[528269.4327375812,436528.14614757244],[527333.22809207253,436822.61494658981],[526509.84230742604,437083.27329823561],[525346.09880153858,437452.08143030293],[525209.53805835999,437238.22165156621],[525008.61857312557,436923.22442137357],[524638.75582466833,436342.01103826798],[524713.46738428716,436301.23197920248],[524788.33075450931,436274.03479287401],[524892.02844919544,436251.99580920115],[524975.51918772759,436231.51809131261],[525020.69644715695,436221.06481655687],[525080.57449519006,436204.73597731721],[525108.2996593921,436193.97752931155],[525139.74727542466,436181.41213062964],[525217.49081268942,436158.69092512317],[525237.07505869283,436152.43187830597],[525243.47284176026,436154.57521735691],[525297.37011307967,436154.11326961126],[525343.64439812582,436152.90891542286],[525399.95267637889,436145.17096653301],[525481.26784646255,436149.2855216423],[525567.18074011547,436152.9072825266],[525610.29123733495,436153.35221025627],[526003.68524162401,436158.09117940068],[526183.26415425155,436152.17559241317],[526401.51851870795,436101.39796230569],[526494.18004658713,436079.57979101781],[526493.66369780852,436001.56983439811],[526941.35760413914,435998.18406848051],[527074.80016286997,435997.36831119098],[527066.59953772044,435906.71290899161],[527434.56370366307,435759.0906585902],[527878.25481160928,435582.95140416175],[528175.88260731264,435706.06786169484],[528260.32358405564,435740.22964422125],[528297.55907728872,435656.85721353162],[528301.94903089153,435636.17451415863],[528354.4060473541,435515.85178997461],[528358.62645487499,435486.8072378505],[528426.94429715921,435334.85978189111],[528439.94199135655,435329.46483591013],[528704.18366846093,434740.2034088457],[528766.81620085076,434768.53597941343],[528759.23078601283,434784.549878194],[528739.95971455367,434773.12810309604],[528732.40606743144,434790.00101989508],[528745.15472722659,434784.91281085555],[528756.01778930554,434791.46956460271],[528748.28291078436,434798.77106126025],[528742.65315308073,434806.54337006249],[528745.64885692578,434808.30763724353],[528747.43061074498,434804.1458357675],[528773.58763810364,434819.76054504048],[528870.56647826778,434877.94675992336],[528979.20005713066,434943.51991065312],[529026.07464724116,434971.85519324057],[529066.32212430378,434981.4023868721],[529057.86220405123,435218.74797242787],[529026.83143363416,436089.35144252703],[529056.1402894113,436276.4319999991]]]},"properties":{"OBJECTID_12":1941,"NAME":"Teofilów-Wielkopolska","NR_OKR_JP":7,"SHAPE.AREA":4584279.2528450303,"SHAPE.LEN":12097.304115761401}},{"type":"Feature","id":1942,"geometry":{"type":"Polygon","coordinates":[[[527878.61321910983,435583.09969114885],[527878.25481160928,435582.95140416175],[527434.56370366307,435759.0906585902],[527066.59953772044,435906.71290899161],[527074.80016286997,435997.36831119098],[526941.35760413914,435998.18406848051],[526493.66369780852,436001.56983439811],[526494.18004658713,436079.57979101781],[526401.51851870795,436101.39796230569],[526183.26415425155,436152.17559241317],[526003.68524162401,436158.09117940068],[525610.29123733495,436153.35221025627],[525567.18074011547,436152.9072825266],[525481.26784646255,436149.2855216423],[525399.95267637889,436145.17096653301],[525343.64439812582,436152.90891542286],[525297.37011307967,436154.11326961126],[525243.47284176026,436154.57521735691],[525237.07505869283,436152.43187830597],[525217.49081268942,436158.69092512317],[525139.74727542466,436181.41213062964],[525108.2996593921,436193.97752931155],[525080.57449519006,436204.73597731721],[525020.69644715695,436221.06481655687],[524975.51918772759,436231.51809131261],[524892.02844919544,436251.99580920115],[524788.33075450931,436274.03479287401],[524713.46738428716,436301.23197920248],[524638.75582466833,436342.01103826798],[524638.68371445732,436341.89769935142],[524632.5777965117,436345.38311053999],[524602.45219718642,436298.43574465811],[524523.68288443587,436175.38431002945],[524410.54800585983,435999.34783859272],[524343.95228739188,435888.77140167728],[524268.65411897359,435763.04390425235],[524141.80814835348,435560.06239176448],[524060.02632305084,435428.66735309456],[524054.79264329036,435428.15949769877],[523976.59321431082,435420.24765405897],[523972.30548166111,435420.21651703771],[523953.42596239434,435420.1156766098],[523915.23034379847,435423.05801158305],[523882.92524988943,435425.57977148984],[523880.93796975375,435425.68697690871],[523844.31720846583,435427.59834732022],[523816.75424980384,435429.03570934385],[523808.76118683524,435429.17531581968],[523768.98040682939,435431.66968741361],[523768.01188321772,435431.73293938581],[523760.73086818174,435433.51174440235],[523752.52376349713,435435.53310646955],[523751.27862012858,435435.83000794146],[523744.3397942835,435437.78400692064],[523717.52057160728,435445.35730921011],[523716.51509539119,435445.64092993923],[523693.51882691419,435447.77518342435],[523641.34791281936,435452.60812660586],[523622.84971755155,435452.62198162638],[523618.85229401285,435452.62683802657],[523599.77249136387,435451.0396799827],[523591.32620534941,435449.46658185683],[523559.29429266445,435443.48992987815],[523512.29837980686,435435.08016540296],[523469.85080997576,435426.75792467967],[523468.85887620953,435426.57165453397],[523435.63669377874,435420.52138089482],[523408.23539649451,435415.53055806737],[523400.85562007618,435413.0234085666],[523369.42888051772,435402.35139322933],[523354.88147332758,435396.77453503292],[523308.22566119093,435378.91602351796],[523261.04181532841,435354.618794268],[523225.73880276707,435235.46800664905],[523172.88082404796,435056.85540375486],[523142.76443742751,434953.72336227447],[523227.70227097126,434932.67097912449],[523247.52056798112,434928.35172588471],[523278.6776635882,434921.54843126051],[523311.20979622577,434914.44645536598],[523387.00553188304,434897.19715138897],[523436.44024814817,434885.95582600124],[523437.62557837443,434885.66973957513],[523445.39537735627,434883.8242749162],[523534.6276083485,434862.563111661],[523563.97328755801,434855.57479701377],[523592.65143007913,434848.73554981407],[523602.45326040382,434846.40250729304],[523612.0956321237,434844.10163284373],[523621.81780143111,434841.78967039194],[523578.53874207055,434663.52549300808],[523568.3999093055,434619.42231029458],[523502.72364120465,434352.88084955048],[523498.96716821514,434337.66194831766],[523486.06721448334,434286.0613482222],[523476.07560899638,434246.13351198845],[523451.18571620027,434146.61750243045],[523448.79547416256,434137.01632614434],[523412.72254795005,433990.12348650862],[523411.62146518909,433985.62142011896],[523392.10435998131,433906.22904113587],[523338.88604317122,433690.37469530385],[523294.51349354722,433518.34145220276],[523293.46881274693,433514.30831606966],[523292.42399496643,433510.26518807001],[523290.34435133601,433502.17879502662],[523286.17520954239,433486.01613762695],[523562.08166901179,433389.78102573287],[523610.83113118494,433373.0226967372],[523633.62927760731,433365.18482430466],[523645.34665103396,433361.15658981912],[523657.05416940997,433357.13848433644],[523704.75913902675,433340.73426865973],[523762.47082563693,433320.90491409134],[523816.1637502361,433302.43984372634],[523820.51059395843,433300.9511401169],[523995.71649417077,433239.43597235717],[524199.88681712386,433170.82791259326],[524211.93363706034,433166.77518096659],[524220.18836349377,433163.85376485996],[524391.24319972564,433104.99395675957],[524365.2994330707,432935.88631064538],[524338.90785374877,432766.18516824767],[524331.46347657661,432715.9589019781],[524327.64122563333,432690.10760563798],[524324.12724146538,432666.33077462204],[524395.54192923172,432645.89389673434],[524400.53919827286,432644.46623775084],[524449.43633047969,432630.46423189994],[524578.99806986633,432593.53003415279],[524721.13000699179,432552.81578411814],[524891.04607805947,432504.2053641174],[525007.23228108161,432471.36213523522],[525122.12226594076,432438.73656375613],[525178.97458665876,432422.56682297494],[525232.83046097856,432407.24765576608],[525297.89738240244,432388.14707688242],[525375.52588653215,432365.36649716087],[525382.16494811652,432363.41664915904],[525509.32656041882,432327.83463502955],[525554.54417070339,432315.16231705248],[525620.00102200406,432296.80593855586],[525734.46973301377,432264.07627638243],[525783.21770723804,432250.13633746002],[525795.67102219805,432246.57774606999],[525825.75393984467,432237.9704948552],[525849.77444760501,432231.09531643149],[525848.40757627483,432226.88672670815],[525832.87212106213,432179.84956508409],[525822.97771158104,432149.91421165038],[525815.94037105155,432128.64418905694],[525803.56481862254,432108.71654831991],[525792.27291818231,432090.56292040739],[525786.65208460018,432081.49575554766],[525784.36660542234,432072.9724922413],[525779.20610712003,432053.74543023948],[525768.23329259723,432012.9417311186],[525757.65893577808,431973.50170316175],[525754.66798105859,431962.3597708419],[525751.6456813087,431951.11833125819],[525747.26252399478,431934.64886194468],[525737.57830331556,431898.90428643301],[525728.28186278604,431864.47356048413],[525726.39730696601,431857.49382090382],[525724.19697047514,431849.34914886672],[525719.9642484691,431833.64712975826],[525710.77166206471,431822.10052356496],[525709.80572881817,431820.89453561231],[525695.72215570556,431803.21889276523],[525664.68718593451,431764.24922921881],[525641.16473487683,431745.84901931323],[526247.63466862193,431942.10051051527],[526319.59832964744,431186.48166219611],[526620.59803038219,431397.16556290817],[526918.77874100383,431533.22070462722],[527282.3765972557,431699.12451369502],[527401.64138439333,431750.84977556672],[527404.49239212309,431818.65394627489],[527407.29518314614,431885.30960671511],[527429.8584289751,432036.37853239197],[527441.80930696381,432040.18087613583],[527441.30246928998,432080.40060859546],[527441.17611656419,432090.42867888696],[527442.64155229891,432122.66791915521],[527438.09779181378,432201.03432714008],[527446.59262210387,432288.16650429089],[527442.95872502879,432500.69330600835],[527530.17499249289,432550.34088512603],[527521.01592288981,432623.23347852565],[527506.92776129988,432656.67563318927],[527495.19745865476,432734.57013295125],[527423.12433496269,432889.47044936195],[527387.64133868448,433027.2938277917],[527344.7261848558,433159.52673924342],[527269.50651505205,433389.22608708777],[527207.97631418123,433590.12022955995],[527092.85205398139,433981.3257589275],[527093.71614034742,434004.57656546962],[527038.23989522515,434277.15244125016],[526999.20990350062,434468.92219274398],[527243.93130307808,434490.98967812117],[527412.9623776814,434509.25000378769],[527508.93306060974,434519.61768557969],[527522.8985022991,434521.12638979871],[527579.22675490589,434530.91312352102],[527598.20056851464,434643.52818701323],[527599.38194474461,434664.74331140053],[527596.47274808935,434685.31207931601],[527588.07728068228,434719.65709091071],[527550.07449837762,434878.85926821269],[527550.8755707182,434895.39947951771],[527553.92073907214,434906.45397605002],[527575.70208669233,434958.64864845667],[527644.82563016401,435123.88038719259],[527755.50551701512,435386.44608890358],[527787.91405006731,435436.10479053576],[527824.48102067318,435490.51979626156],[527878.4013610119,435570.25425645243],[527886.14566990861,435578.94165529031],[527878.89166554844,435582.62776940782],[527878.61321910983,435583.09969114885]]]},"properties":{"OBJECTID_12":1942,"NAME":"Złotno","NR_OKR_JP":17,"SHAPE.AREA":14685869.703785701,"SHAPE.LEN":18694.179574069203}},{"type":"Feature","id":1943,"geometry":{"type":"Polygon","coordinates":[[[528704.18366846093,434740.2034088457],[528439.94199135655,435329.46483591013],[528426.94429715921,435334.85978189111],[528358.62645487499,435486.8072378505],[528354.4060473541,435515.85178997461],[528301.94903089153,435636.17451415863],[528297.55907728872,435656.85721353162],[528260.32358405564,435740.22964422125],[528175.88260731264,435706.06786169484],[527878.61321910983,435583.09969114885],[527878.89166554844,435582.62776940782],[527886.14566990861,435578.94165529031],[527878.4013610119,435570.25425645243],[527824.48102067318,435490.51979626156],[527787.91405006731,435436.10479053576],[527755.50551701512,435386.44608890358],[527644.82563016401,435123.88038719259],[527575.70208669233,434958.64864845667],[527553.92073907214,434906.45397605002],[527550.8755707182,434895.39947951771],[527550.07449837762,434878.85926821269],[527588.07728068228,434719.65709091071],[527596.47274808935,434685.31207931601],[527599.38194474461,434664.74331140053],[527598.20056851464,434643.52818701323],[527579.22675490589,434530.91312352102],[527522.8985022991,434521.12638979871],[527508.93306060974,434519.61768557969],[527412.9623776814,434509.25000378769],[527243.93130307808,434490.98967812117],[526999.20990350062,434468.92219274398],[527038.23989522515,434277.15244125016],[527093.71614034742,434004.57656546962],[527092.85205398139,433981.3257589275],[527207.97631418123,433590.12022955995],[527269.50651505205,433389.22608708777],[527344.7261848558,433159.52673924342],[527387.64133868448,433027.2938277917],[527423.12433496269,432889.47044936195],[527495.19745865476,432734.57013295125],[527506.92776129988,432656.67563318927],[527521.01592288981,432623.23347852565],[527530.17499249289,432550.34088512603],[527442.95872502879,432500.69330600835],[527446.59262210387,432288.16650429089],[527438.09779181378,432201.03432714008],[527442.64155229891,432122.66791915521],[527441.17611656419,432090.42867888696],[527441.30246928998,432080.40060859546],[527441.80930696381,432040.18087613583],[527429.8584289751,432036.37853239197],[527407.29518314614,431885.30960671511],[527404.49239212309,431818.65394627489],[527401.64138439333,431750.84977556672],[527555.7982920272,431817.70767005719],[527641.06554119522,431855.42344979104],[527719.75132863608,431890.45430701226],[527769.28533449839,431898.82019193377],[527927.24933761999,431877.24586356245],[528163.90219190076,431845.55443549715],[528184.3079400697,431859.12228637934],[528250.20307797904,431902.9363842709],[528269.94479159592,431916.06282103993],[528319.37810843275,431940.61128326878],[528348.61407818319,431955.12978924252],[528370.42881176015,431965.96294296812],[528413.8831324809,432071.33899648953],[528444.31441644556,432145.13418279495],[528354.84356180951,432159.81733648758],[528392.4347158341,432248.55659701489],[528440.09358402528,432359.72566088382],[528491.08310974797,432476.48255889956],[528611.35193316883,432466.87251618505],[528690.753734014,432436.90248899255],[528900.55962347332,432357.7115313448],[529027.35627592844,432309.85233560391],[529073.0513448345,432292.60485131387],[529196.67871199583,432259.96785656735],[529317.45782778284,432247.46830698941],[529497.2450992649,432228.86205026507],[529723.18569257017,432247.98116346356],[529831.98893005401,432257.188055031],[529751.1770593219,432433.40867894609],[529654.97235894145,432643.19570646156],[529507.18040083721,432965.47569375765],[529378.70298620604,433249.0632207999],[529291.06631163112,433448.98685158882],[529104.96119425062,433873.54537560977],[529009.61978329194,434091.04632152803],[528961.8882321053,434081.23283022456],[528911.61534322007,434096.56549286842],[528854.36280478048,434114.02687520906],[528725.8542602337,434152.71250660345],[528510.66720431845,434216.98956069816],[528232.10970775026,434300.19549294654],[528248.67220225395,434355.81576083414],[528291.37168907316,434396.08902701363],[528382.56244425115,434482.09859081637],[528400.10847593809,434498.64759314246],[528420.50397531886,434517.88418357633],[528442.02624296595,434538.18363462668],[528450.67497994401,434546.34096418135],[528470.07148548739,434564.63535932731],[528489.5741911541,434584.37757488806],[528506.2597575481,434601.26816160697],[528523.38861000037,434655.8533824645],[528536.44287530158,434697.45397595596],[528588.8980953003,434688.20623349212],[528650.67090517387,434716.02294149529],[528704.18366846093,434740.2034088457]]]},"properties":{"OBJECTID_12":1943,"NAME":"Zdrowie-Mania","NR_OKR_JP":18,"SHAPE.AREA":5678965.86137091,"SHAPE.LEN":12668.7795009204}},{"type":"Feature","id":1944,"geometry":{"type":"Polygon","coordinates":[[[539835.73087827128,432470.79850422498],[539766.62527786219,432494.49477293901],[539299.66423934535,432653.55756680667],[538928.86446726613,432779.04041918367],[538832.25170240807,432808.84066685289],[538735.6686621682,432833.9294955181],[538331.25531138608,432927.92591805104],[538293.20573314989,432809.82077729516],[538211.64102854859,432556.51229882147],[538127.96193261945,432196.69017670024],[537716.50083495409,431596.6896895906],[537517.67056391574,431726.06133152638],[537436.98463060916,431771.21257902589],[537251.2118021393,431847.85254894104],[537201.81984090002,431860.00981030986],[537062.94009488972,431894.19356653281],[536956.02236923506,431913.75088437647],[536857.43829073454,431931.78377528023],[536745.962207773,431937.76197009534],[536668.82402506389,431941.92118488625],[536668.78440714919,431941.88155415189],[536668.82091219281,431941.88365199324],[536654.05371450575,431761.51200703159],[536667.98955110763,431521.1921889428],[536703.94926136627,430903.32749149203],[536732.99807364342,430400.16018177755],[536740.93377548759,430263.31494115852],[536741.06873564317,430263.23094472382],[536759.38842716115,430254.06673905347],[536779.85029319231,430241.12351084687],[536770.90495672496,430143.33980616089],[536787.98270505515,430144.71468289103],[536787.51098260412,430154.04508342035],[536846.5536938759,430157.04323457088],[536884.01643089019,430161.93633167073],[536975.61746189743,430167.08662717603],[537004.06616975018,430110.7431107536],[537057.18444663123,430072.81865914073],[537417.94231845485,430380.16298511717],[537721.87968371948,430645.54936552141],[537912.49524399429,430812.29603402223],[538061.67569567624,430942.24577098712],[538098.35783077299,430923.46416480653],[538250.08994493028,430881.86304047238],[538478.58725006937,430822.61739669647],[538603.63663987978,430791.15939031076],[538587.20472911035,430740.17380070128],[538572.44303266378,430717.6576944543],[538510.13720910251,430659.93612813856],[538382.01483245089,430543.76238995045],[538258.54349852086,430432.12224698998],[538274.49582265387,430415.6845783256],[538338.4658965203,430324.66990762204],[538456.81154198258,430149.99791332055],[538531.57058432547,430038.74315133784],[538579.76569070271,429966.71431138553],[538621.32131564198,429991.89680579491],[538641.78147302277,429989.87940730061],[538704.67776607012,429965.59324316215],[538795.0405541904,429931.16950402595],[538858.11432112381,429930.39044377767],[539049.51602582633,429936.49433452263],[539250.22272629128,429941.9529212229],[539284.57521563489,429942.88475807197],[539424.71104569023,429901.15009436198],[539444.39586112997,429906.08687965479],[539482.3065159081,429938.20358835347],[539535.36174365447,429990.33406795654],[539544.51408232667,430015.00237824116],[539597.97441495408,430221.89577896427],[539672.14742754656,430499.62422424555],[539871.34331988136,430446.43688315991],[539909.71341355855,430593.84242944699],[539965.21622059867,430807.06658736058],[540032.28819484834,431063.4106276501],[540076.32694325317,431305.41238335334],[540092.25792255637,431405.73753221426],[540087.45883287524,431666.39946852624],[540054.2350871613,431878.35271112062],[539897.57001237373,432303.12942718528],[539835.73087827128,432470.79850422498]]]},"properties":{"OBJECTID_12":1944,"NAME":"Olechów-Janów","NR_OKR_JP":30,"SHAPE.AREA":6652015.7703692503,"SHAPE.LEN":13163.381195288801}},{"type":"Feature","id":1945,"geometry":{"type":"Polygon","coordinates":[[[540751.0287685123,432097.93748253863],[540590.38766029919,432200.09131980315],[540456.29788613995,432260.95985287521],[540171.50650068629,432357.49463998061],[539835.73087827128,432470.79850422498],[539897.57001237373,432303.12942718528],[540054.2350871613,431878.35271112062],[540087.45883287524,431666.39946852624],[540092.25792255637,431405.73753221426],[540076.32694325317,431305.41238335334],[540032.28819484834,431063.4106276501],[539965.21622059867,430807.06658736058],[539909.71341355855,430593.84242944699],[539871.34331988136,430446.43688315991],[539672.14742754656,430499.62422424555],[539597.97441495408,430221.89577896427],[539544.51408232667,430015.00237824116],[539535.36174365447,429990.33406795654],[539482.3065159081,429938.20358835347],[539444.39586112997,429906.08687965479],[539424.71104569023,429901.15009436198],[539284.57521563489,429942.88475807197],[539250.22272629128,429941.9529212229],[539049.51602582633,429936.49433452263],[538858.11432112381,429930.39044377767],[538795.0405541904,429931.16950402595],[538704.67776607012,429965.59324316215],[538641.78147302277,429989.87940730061],[538621.32131564198,429991.89680579491],[538579.76569070271,429966.71431138553],[538531.57058432547,430038.74315133784],[538456.81154198258,430149.99791332055],[538338.4658965203,430324.66990762204],[538274.49582265387,430415.6845783256],[538258.54349852086,430432.12224698998],[538382.01483245089,430543.76238995045],[538510.13720910251,430659.93612813856],[538572.44303266378,430717.6576944543],[538587.20472911035,430740.17380070128],[538603.63663987978,430791.15939031076],[538478.58725006937,430822.61739669647],[538250.08994493028,430881.86304047238],[538098.35783077299,430923.46416480653],[538061.67569567624,430942.24577098712],[537912.49524399429,430812.29603402223],[537721.87968371948,430645.54936552141],[537417.94231845485,430380.16298511717],[537057.18444663123,430072.81865914073],[537074.27455895767,430060.73273014277],[537121.17994673224,430035.64574081078],[537167.31163427362,430015.35624300316],[537185.55068956641,429994.27981424797],[537265.37852531974,429871.04522272013],[537343.8466102978,429755.05459467229],[537418.17523968616,429657.45568513684],[537506.08882130985,429530.32593632955],[537753.20533472346,429167.75333016552],[537838.95767410903,429083.06278230716],[537932.59174660256,428990.80870763026],[538081.72884125262,428843.5682198694],[538103.71350439044,428821.88229388371],[538105.09734166169,428774.86501024105],[538106.49524013011,428748.16886818316],[538107.53742198588,428701.29857433029],[538112.52597371757,428677.3657899322],[538133.66844879743,428632.45788124204],[538140.49514108081,428619.23310126271],[538150.9007911582,428586.61740394868],[538165.4894261522,428539.41786945891],[538183.72722677642,428487.49608086795],[538216.06175515614,428391.42722133268],[538227.13053729292,428358.91027493682],[538252.19627607241,428277.76555550657],[538271.23165016726,428213.76513568591],[538285.71903762838,428162.63187866844],[538376.43864461454,428197.89008108713],[538478.41700602579,428237.73709009029],[538576.79604234663,428278.2649950441],[538624.05781382357,428276.1549027143],[538592.0399563876,428389.43949389737],[538631.07108607935,428519.97144485358],[538654.63487992331,428600.61819593888],[538681.24160838535,428641.44254862517],[538706.4209656585,428671.46653301734],[538745.53107582522,428698.5853805244],[538874.74805386877,428771.26637134235],[539035.29523982317,428924.22825231683],[539078.59629963036,428930.41169594601],[539092.68811442552,428932.44161896873],[539154.05266288237,428946.49439572822],[539332.66379353835,428988.34869148768],[539420.34753215453,429008.92435061838],[539434.80201265379,429051.92865646165],[539955.85377058061,429173.95853086375],[540575.1501416188,429319.11593049485],[541162.63840992528,429456.6808326114],[541586.85341842484,429567.82300570514],[541705.87366254092,429639.08541872259],[541888.40746900789,429743.42391001247],[541942.86237310886,429772.67647172604],[542004.69355667871,429798.22120572999],[542090.76451341598,429821.50307271071],[542163.45188437332,429823.89557122253],[542099.2850145807,429913.16136134043],[542026.98304886592,430027.43046123162],[541957.5711394524,430243.38851051684],[541942.12326329888,430242.27592589147],[541921.57704534335,430241.01007067692],[541896.09250093391,430241.00691670366],[541886.94395801798,430245.94474264514],[541879.27227381349,430255.86452849675],[541861.52124451485,430274.01643672865],[541855.04270012665,430279.93549510278],[541827.23272585042,430292.19835450407],[541810.92407268612,430302.27410399541],[541793.56291778677,430318.60566773731],[541778.79613480484,430332.23103111051],[541758.00855804328,430349.38065471034],[541738.16563969315,430365.68318059668],[541728.86304415204,430374.24793309998],[541699.08741818299,430407.31525437534],[541653.80542306427,430480.3654301418],[541617.97643022588,430517.17602567654],[541595.73295171605,430552.68613746297],[541573.55022062093,430593.50272395369],[541550.82083348848,430638.14549211599],[541492.85185730527,430726.07163305115],[541484.69716780505,430736.25928077847],[541462.80204667221,430760.7302988302],[541436.34120248747,430783.18707194366],[541381.5911016271,430830.96461908519],[541364.45654988452,430850.87944351416],[541349.48842864833,430886.99728761427],[541328.53202730021,430980.07888440695],[541354.00485065847,431060.73588260356],[541355.59381127206,431080.71113890223],[541340.81553115498,431101.77159594931],[541351.23016863363,431156.98559414502],[541351.82715949207,431178.91267307475],[541331.91750207741,431226.55532776099],[541315.61536049913,431258.72058500443],[541264.9588377577,431325.40409215726],[541208.92874980276,431380.81733947899],[541140.81225450418,431443.69838513527],[541086.78077921865,431491.42309517693],[540989.70238419622,431592.96534739155],[540972.78341158095,431619.35389386024],[540982.76595652767,431682.27797739673],[540945.87309707724,431730.13971803058],[540938.47911034303,431749.05971283372],[540874.80252053344,431859.18466656562],[540802.09241643606,431978.24160336424],[540738.64472005598,432081.32649403904],[540751.0287685123,432097.93748253863]]]},"properties":{"OBJECTID_12":1945,"NAME":"nr 33","NR_OKR_JP":36,"SHAPE.AREA":7989467.9025378004,"SHAPE.LEN":17478.056253563398}},{"type":"Feature","id":1946,"geometry":{"type":"Polygon","coordinates":[[[542591.55089128239,427063.87983328849],[542593.03826769476,427066.67759250104],[542590.10350203898,427068.37670750357],[542664.94056854164,427208.15830128547],[542783.26816226111,427431.02865108103],[542809.8520926073,427484.37889543455],[542811.20889622683,427487.12847476359],[542874.06666102167,427603.03999767732],[542885.43381274992,427625.98896778841],[542955.50887790124,427771.22211550921],[542998.69899885287,427854.9945132304],[542998.83244829299,427855.25251279678],[543043.62272687419,427939.11289883684],[543044.93559555628,427941.57326976396],[543046.62800813897,427944.74796399102],[543064.19816679601,427977.69525303878],[543079.24510557088,428005.91026853211],[543089.64581417677,428025.42474668659],[543099.79016343527,428044.4630543394],[543115.83229557436,428074.56317337416],[543124.11068034021,428090.15934266802],[543137.68694682198,428116.79556319769],[543143.26335853676,428127.74185736105],[543158.70887828676,428158.06000882853],[543174.77114173735,428189.6288743522],[543199.70636659674,428238.61454602424],[543211.67672496103,428261.82504729088],[543223.6568016907,428285.01542768162],[543235.64673370309,428308.19567871466],[543247.64665791602,428331.37579189613],[543259.62673671497,428354.56616950314],[543271.61667079537,428377.74641775154],[543283.60674248566,428400.93665658124],[543295.57642107643,428424.0971937906],[543346.17614692275,428522.04850682057],[543364.68486294814,428557.85100272298],[543366.91271979909,428562.17758864164],[543383.10009697557,428593.39494947344],[543401.30003388633,428628.54210908804],[543419.67366197892,428663.96670108382],[543420.77205572673,428666.09023300279],[543423.21507500706,428670.80361152906],[543439.43366339488,428702.1104792906],[543446.92710471596,428716.57814283576],[543449.51383939164,428721.56936622225],[543468.76655797893,428751.86529190745],[543463.36549306475,428792.3625539504],[543456.105997073,428944.45144163538],[543444.89339426602,429128.93310838193],[543447.45646119001,429156.25987176504],[543448.20977782214,429195.91329580545],[543434.58422230091,429318.07930709142],[543424.54693042219,429506.64217188768],[543420.81644082186,429569.8614969505],[543419.39576544135,429593.8051358657],[543411.03089658252,429735.22627209499],[543410.91252116452,429737.52637352142],[543410.05652091198,429753.81733305939],[543408.85264789476,429776.80862984527],[543408.0121125424,429792.76959580649],[543407.64603685797,429799.60009654984],[543405.61008879612,429834.79473027121],[543404.87934698933,429853.66226720437],[543404.17679440172,429871.66998655349],[543403.5631904474,429887.41798134148],[543402.95547000435,429902.86609392613],[543402.35158449551,429918.59396883007],[543395.63545084291,430033.02036577836],[543392.50182953791,430086.55791928712],[543392.36429416679,430088.91824384965],[543387.64674393774,430133.34355257079],[543387.34980291477,430141.57218053471],[543385.92762672098,430179.98626867682],[543385.58278907335,430189.09497132339],[543384.06676550687,430249.09606329352],[543383.25333863753,430280.88618543372],[543382.98318755836,430284.50749470852],[543381.08487819182,430310.05662690941],[543376.63532830984,430369.6582213426],[543374.78715236182,430446.98240937758],[543373.77838487166,430458.68850064557],[543368.66707553354,430517.39976357017],[543368.12252417661,430523.60312851984],[543367.5113706725,430535.88338634372],[543365.24821100151,430580.74474737328],[543360.30229136697,430674.12080927193],[543359.75449423131,430684.46148173977],[543359.28510955453,430693.2321174182],[543356.82529864262,430725.20470482297],[543355.25080530264,430746.6720990045],[543352.46063968854,430783.70586995222],[543351.57533123251,430794.94058086257],[543351.4050983967,430798.5605210159],[543349.46959791763,430825.76906934474],[543349.32740874693,430827.78968294151],[543349.41713991726,430836.52267447207],[543349.4841217061,430842.13804063573],[543349.47743092268,430843.83700839989],[543349.93542338966,430890.36994061153],[543349.92050803732,430890.7399004465],[543347.95717457111,430926.85294007603],[543346.15969919728,430959.75582865812],[543343.82674700371,431002.4395920923],[543342.87868051208,431020.03095918521],[543340.14491031575,431069.92545113154],[543339.03385983268,431090.20727436151],[543338.8784497634,431097.82436708454],[543337.13673707866,431135.52331929374],[543336.30337505997,431153.46288312972],[543334.85450495477,431184.82201273739],[543333.09623902955,431222.77102730889],[543331.2276799659,431262.8801262062],[543328.38070675149,431309.61826190632],[543327.02550733171,431331.77219705191],[543326.71623327537,431336.91303887405],[543325.62323502847,431354.86615623254],[543325.23267424863,431361.36721337121],[543322.46219223575,431418.78723487817],[543320.64138972852,431456.54723440204],[543318.69551691215,431496.84726976044],[543388.09759102436,431555.74623440858],[543407.19660469494,431571.90353922918],[543426.15395638952,431587.93287103344],[543438.24625703308,431598.16021791846],[543465.16075508005,431620.9259314537],[543497.91924420767,431648.63819914684],[543518.59528724162,431666.11299159471],[543540.54318310472,431688.88682772405],[543543.36492123362,431691.33649643324],[543603.10936932336,431743.38244085945],[543685.10046614322,431815.21008298639],[543689.27968709404,431818.27072305605],[543693.10236437479,431821.56609897874],[543718.10162536241,431843.12886355445],[543741.31088386395,431863.14720565081],[543773.74307452422,431891.11375479307],[543842.4707826724,431950.39162764978],[543979.88937004446,432068.44816769846],[544030.39199035207,432112.6260396773],[544047.65761501773,432127.71916659735],[544158.71618231572,432224.8211591905],[544041.22554318595,432232.94767728541],[543943.81792680896,432240.07932912465],[543909.14607252856,432242.64330884721],[543710.19441692729,432255.51429044083],[543637.86292741145,432259.20419566147],[543565.53802155645,432264.83272803202],[543560.36201821524,432265.60323001072],[543557.83882434026,432265.97759907693],[543393.69757663552,432275.46325135976],[543299.43128074845,432281.39261216111],[543236.98655300424,432285.32671870384],[543190.88451098243,432288.78692617547],[543188.43864487926,432288.97036087606],[543131.13543457759,432293.26369212475],[543054.04203049035,432297.31869268976],[543039.13264183071,432298.10272348952],[543024.68519135751,432299.0503086634],[542956.86117088841,432303.5078730518],[542895.5169808669,432307.53682143986],[542890.307289836,432307.30844661221],[542850.55571768258,432310.38178725075],[542826.57704603567,432312.23953507654],[542816.11185008893,432326.66358382721],[542863.67715745745,432365.78516447451],[542898.55748774449,432394.45767618716],[542929.12404058897,432419.73161383998],[542995.93073575874,432474.45887880214],[542997.28507903544,432475.56956347823],[543092.50615588925,432553.85140329693],[543025.74686244584,432636.69258287456],[542969.47042886284,432706.39863458741],[542961.90517820546,432715.12666348461],[542959.04271782888,432718.45373839885],[542929.38807471143,432755.31624844484],[542859.11141975736,432842.55282991845],[542799.31840815826,432913.79615510534],[542708.97190204472,433029.95904447604],[542697.01101637504,433045.35299088247],[542655.74689277145,433091.16891352087],[542568.17180727085,433198.50875641406],[542568.14593460527,433198.50221573003],[542529.6176252726,433166.24925033841],[542450.07600209955,433099.66307588853],[542313.94292513852,432983.96205759887],[542221.06358654238,432906.61053396855],[542047.92022784578,432762.41360231396],[541893.89055917109,432634.13495625742],[541755.82871665724,432518.49174414203],[541705.36821098521,432476.24997524172],[541612.4602507751,432398.47446261905],[541427.4222380264,432243.57436256111],[541274.24414465658,432115.3449289687],[541187.63991521939,432042.84635006078],[541097.50137163373,431968.30418033898],[541020.04621286434,431902.69351542275],[541005.53815726796,431890.40402774233],[540993.59183547681,431900.20986771584],[540941.21457668161,431943.20254955813],[540836.64422851801,432031.25774900056],[540758.60400281381,432093.12022339087],[540751.0287685123,432097.93748253863],[540738.64472005598,432081.32649403904],[540802.09241643606,431978.24160336424],[540874.80252053344,431859.18466656562],[540938.47911034303,431749.05971283372],[540945.87309707724,431730.13971803058],[540982.76595652767,431682.27797739673],[540972.78341158095,431619.35389386024],[540989.70238419622,431592.96534739155],[541086.78077921865,431491.42309517693],[541140.81225450418,431443.69838513527],[541208.92874980276,431380.81733947899],[541264.9588377577,431325.40409215726],[541315.61536049913,431258.72058500443],[541331.91750207741,431226.55532776099],[541351.82715949207,431178.91267307475],[541351.23016863363,431156.98559414502],[541340.81553115498,431101.77159594931],[541355.59381127206,431080.71113890223],[541354.00485065847,431060.73588260356],[541328.53202730021,430980.07888440695],[541349.48842864833,430886.99728761427],[541364.45654988452,430850.87944351416],[541381.5911016271,430830.96461908519],[541436.34120248747,430783.18707194366],[541462.80204667221,430760.7302988302],[541484.69716780505,430736.25928077847],[541492.85185730527,430726.07163305115],[541550.82083348848,430638.14549211599],[541573.55022062093,430593.50272395369],[541595.73295171605,430552.68613746297],[541617.97643022588,430517.17602567654],[541653.80542306427,430480.3654301418],[541699.08741818299,430407.31525437534],[541728.86304415204,430374.24793309998],[541738.16563969315,430365.68318059668],[541758.00855804328,430349.38065471034],[541778.79613480484,430332.23103111051],[541793.56291778677,430318.60566773731],[541810.92407268612,430302.27410399541],[541827.23272585042,430292.19835450407],[541855.04270012665,430279.93549510278],[541861.52124451485,430274.01643672865],[541879.27227381349,430255.86452849675],[541886.94395801798,430245.94474264514],[541896.09250093391,430241.00691670366],[541921.57704534335,430241.01007067692],[541942.12326329888,430242.27592589147],[541957.5711394524,430243.38851051684],[542026.98304886592,430027.43046123162],[542099.2850145807,429913.16136134043],[542163.45188437332,429823.89557122253],[542090.76451341598,429821.50307271071],[542004.69355667871,429798.22120572999],[541942.86237310886,429772.67647172604],[541888.40746900789,429743.42391001247],[541705.87366254092,429639.08541872259],[541586.85341842484,429567.82300570514],[541162.63840992528,429456.6808326114],[540575.1501416188,429319.11593049485],[539955.85377058061,429173.95853086375],[539434.80201265379,429051.92865646165],[539420.34753215453,429008.92435061838],[539420.33149085706,429008.92057307623],[539420.33768400084,429008.87661693804],[539751.83829061291,428804.75274447724],[540303.78922753572,428467.2547232341],[540572.00383863633,428302.5511585772],[540610.80316588853,428274.42510235123],[540680.74492114177,428236.42450025678],[540708.83742983523,428219.53268570919],[540761.13813342422,428181.47813198157],[540842.62426503294,428133.34641148895],[540981.56633131707,428045.47119742259],[541249.3989673293,427881.95476376452],[541687.58486041834,427616.92305163853],[541790.95286217099,427552.35098800156],[541831.08727713872,427529.77627251204],[542051.84715263464,427394.68566790875],[542378.23956630402,427195.14369543176],[542420.62519254978,427170.28796608001],[542459.04516539443,427148.27893243264],[542483.7668127307,427130.89625979122],[542536.84022474126,427099.26108039729],[542563.41195069277,427083.97186367027],[542591.55089128239,427063.87983328849]]]},"properties":{"OBJECTID_12":1946,"NAME":"Andrzejów","NR_OKR_JP":34,"SHAPE.AREA":11970044.4187686,"SHAPE.LEN":20147.483926034798}},{"type":"Feature","id":1947,"geometry":{"type":"Polygon","coordinates":[[[542591.55089128239,427063.87983328849],[542563.41195069277,427083.97186367027],[542536.84022474126,427099.26108039729],[542483.7668127307,427130.89625979122],[542459.04516539443,427148.27893243264],[542420.62519254978,427170.28796608001],[542378.23956630402,427195.14369543176],[542051.84715263464,427394.68566790875],[541831.08727713872,427529.77627251204],[541790.95286217099,427552.35098800156],[541687.58486041834,427616.92305163853],[541249.3989673293,427881.95476376452],[540981.56633131707,428045.47119742259],[540842.62426503294,428133.34641148895],[540761.13813342422,428181.47813198157],[540708.83742983523,428219.53268570919],[540680.74492114177,428236.42450025678],[540610.80316588853,428274.42510235123],[540572.00383863633,428302.5511585772],[540303.78922753572,428467.2547232341],[539751.83829061291,428804.75274447724],[539420.33768400084,429008.87661693804],[539420.33149085706,429008.92057307623],[539332.66379353835,428988.34869148768],[539154.05266288237,428946.49439572822],[539092.68811442552,428932.44161896873],[539078.59629963036,428930.41169594601],[539035.29523982317,428924.22825231683],[538874.74805386877,428771.26637134235],[538745.53107582522,428698.5853805244],[538706.4209656585,428671.46653301734],[538681.24160838535,428641.44254862517],[538654.63487992331,428600.61819593888],[538631.07108607935,428519.97144485358],[538592.0399563876,428389.43949389737],[538624.05781382357,428276.1549027143],[538576.79604234663,428278.2649950441],[538478.41700602579,428237.73709009029],[538376.43864461454,428197.89008108713],[538285.71903762838,428162.63187866844],[538271.23165016726,428213.76513568591],[538252.19627607241,428277.76555550657],[538227.13053729292,428358.91027493682],[538216.06175515614,428391.42722133268],[538183.72722677642,428487.49608086795],[538165.4894261522,428539.41786945891],[538150.9007911582,428586.61740394868],[538140.49514108081,428619.23310126271],[538133.66844879743,428632.45788124204],[538112.52597371757,428677.3657899322],[538107.53742198588,428701.29857433029],[538106.49524013011,428748.16886818316],[538105.09734166169,428774.86501024105],[537765.32099835854,428743.68656385131],[537719.16927697731,428740.37430836726],[537635.33053547039,428734.35732202698],[537525.72472222708,428725.49223617185],[537455.06984481111,428715.17885355745],[537407.57806134701,428705.63812825177],[537252.39474702824,428674.22152665351],[537106.95961963851,428641.7965876013],[536930.6409380564,428598.40956735797],[536739.56530013762,428551.42681686673],[536601.51123690919,428517.49827868585],[536480.07847489114,428492.06817755662],[536405.05022575066,428481.17179363035],[536307.88312097196,428471.84097012877],[536234.96863214881,428471.27488351148],[536144.14745485957,428478.35067974776],[536075.89059978677,428485.65901140217],[535980.7135857523,428499.57230171189],[535915.31842257723,428509.08796312287],[535944.71916466928,428459.90153175872],[535921.96202797629,428391.81688531116],[535872.86583166628,428270.98653759435],[535767.98150700144,428095.33161214832],[535749.77782804682,428060.6762056062],[535733.9434545961,428033.38243311178],[535720.88774350949,427972.54542200733],[535703.49464753619,427925.9952118285],[535682.16999132885,427828.34815590922],[535644.76205460378,427686.72044597194],[535639.34420245746,427604.44670152199],[535653.08232019434,427435.40120076574],[535656.28890453849,427291.0219001146],[535650.97901712905,427181.75978368148],[535629.5093084093,427098.33066173829],[535575.43369542621,426933.75159878656],[535532.47558251699,426498.13017979078],[535483.95430552494,426006.09125857241],[535465.52675897325,425821.05606464017],[535465.59587884438,425820.26562974136],[535474.71095006517,425712.37065235712],[535477.39280711045,425680.53453657683],[535478.76152121334,425664.45620188303],[535480.32664629375,425645.93675808236],[535485.22774387465,425594.4529648805],[535487.78820237902,425568.34479960706],[535490.83893672645,425537.17319807224],[535496.73373307521,425487.46463456191],[535502.0069969719,425450.74616656266],[535504.25142315042,425435.12553271651],[535506.30820033711,425408.72446332313],[535507.17638045596,425397.68972000945],[535508.14461440744,425385.2045460185],[535508.9360096372,425375.13023236301],[535509.66663377581,425365.72631692048],[535512.28418012522,425332.11223997548],[535512.74229201581,425326.15982135478],[535514.54476498067,425303.08008440398],[535516.71186730545,425275.24843180738],[535621.04268412804,425262.73647574801],[535773.71248783008,425244.41570756864],[535775.01140627125,425232.72549089417],[535777.03136859916,425214.57958109397],[535778.09869952593,425204.95120066311],[535784.64570231177,425175.86034324951],[535786.36879181187,425157.19883787911],[535791.98300803918,425140.26287734881],[535824.10617792141,425063.22257955652],[535833.73361786106,425040.14559948817],[535835.00570898876,425033.79228770733],[535834.18995789578,425028.22708177194],[535827.66051028774,425005.3414355563],[535821.57124172163,424983.94878629968],[535816.31155085296,424965.48286605813],[535810.50560721662,424945.07569290139],[535803.82875228289,424921.64242086653],[536109.99487325863,424960.67059093714],[536344.19415849063,424990.69099738915],[536575.85219569597,425019.77681687195],[536576.51287472597,425019.85770850629],[536584.67151472066,425020.87521835603],[536841.96275483305,425052.87776319031],[536832.42539775744,425070.85678788461],[536822.22571893095,425090.09407258872],[536821.2613209784,425091.91610559542],[536815.24060903396,425103.25125336368],[536812.39614159113,425108.62674361747],[536802.02099413413,425128.1862251088],[536781.23141841881,425167.35569575801],[536777.22764835751,425174.91565562692],[536773.03923884931,425182.12837243266],[536772.22868492443,425183.50858452357],[536777.52684341324,425186.54398719314],[536862.11684153683,425235.06292788684],[536883.55008585495,425266.22885257937],[536894.31776140165,425281.89106269833],[536923.14370732533,425323.81864446402],[536953.39695038716,425367.80531714018],[536980.87690580485,425407.77261700574],[536981.34596428811,425408.45574264135],[537018.97959403216,425464.49339297041],[537050.10457746394,425510.83656740747],[537063.68291254027,425531.05727262795],[537077.53923213389,425532.90613121726],[537346.70580082107,425568.79310389329],[537350.62388217903,425573.21651313733],[537615.99461338774,425609.2353929989],[537667.53310417477,425616.68405533023],[537722.4260328263,425624.61641860101],[537753.86783728027,425629.16245384607],[537764.95249710511,425630.75946518965],[537786.57898451574,425633.72108037304],[537870.61248356663,425645.27162381448],[537904.50400234107,425649.91401325446],[537938.4156392914,425654.56611997541],[538000.08148040355,425663.03528229054],[538038.23447805759,425667.98905012384],[538083.13508834492,425673.81974881142],[538124.45172225661,425679.18987621274],[538192.83874185279,425688.06663271226],[538256.58061907277,425696.34745170828],[538258.13246468815,425696.55604277179],[538306.26157623669,425703.16197375488],[538356.17288349988,425710.01331280544],[538396.78269613557,425715.58299323265],[538429.96355032281,425720.14516767114],[538463.9252525887,425724.80657277443],[538530.98759508959,425734.01126187667],[538566.94979997945,425738.80515552312],[538618.45029610011,425745.6746911183],[538690.15446771146,425755.23551121913],[538792.66461483506,425768.89135757089],[538704.61940914684,425947.41154050827],[538718.282980836,425953.43029791396],[538831.26720792556,425991.22673238348],[538827.80903331679,426001.40747855231],[538813.49619417358,426043.55611390341],[538800.30665485014,426082.35154595133],[538796.00316864916,426095.02225256059],[538783.75543890428,426131.0765689984],[538776.61804803612,426152.08067477215],[538759.02922139503,426203.84793653805],[538747.03087552288,426239.13933791127],[538727.58841834555,426296.38843137491],[538719.24985715398,426320.89671652857],[538711.39212288032,426344.02931037918],[538703.59173808689,426366.9712433489],[538695.7821838021,426389.97326336708],[538691.07479864033,426403.79875664506],[538900.65367528715,426474.98901456501],[538881.39519074745,426526.69920360297],[538912.45672450413,426537.04659717623],[538943.76941535354,426547.49048323557],[538965.05273705488,426554.5840581106],[538975.94548772241,426558.22234315332],[538993.49622535135,426505.86599625181],[539054.03964919073,426525.78294524178],[539158.26232268522,426560.13162131421],[539188.01987210731,426570.12711518444],[539228.61008004076,426583.75172069203],[539315.89480009279,426613.06588570867],[539401.25046498119,426649.65172435995],[539406.6048613399,426652.41650600918],[539442.49040030711,426669.85310228169],[539609.06312631082,426742.93153610174],[539829.32222414366,426839.46850290988],[539875.80557260697,426704.08002156951],[539888.72130651365,426666.45762848202],[539909.88765648659,426648.96891618241],[539959.97735828732,426607.57935653534],[539968.44581412617,426600.57785083167],[539980.91622844292,426590.26365358103],[539991.24256527191,426581.73767785355],[540053.80267840228,426530.03393488377],[540054.34619140613,426529.58677703794],[540107.7388494967,426485.65362536535],[540158.4237956818,426443.9461416034],[540165.6079941619,426438.03153342661],[540179.46271586872,426426.63907293603],[540182.20998159575,426424.38289087452],[540214.68111925654,426458.8451075796],[540308.10885058565,426557.97916955408],[540377.90854354692,426632.0535935685],[540508.96447416674,426949.48829754535],[540646.94003948895,426877.73377774656],[540700.62104470585,426850.47572152968],[540740.8468603869,426830.21753969509],[540812.64761433646,426804.54003064521],[540800.71585122135,426833.01489298046],[540810.61103793443,426828.76202566084],[540824.84226204059,426814.94599938765],[540842.440213233,426794.48818339035],[540772.63458584086,426744.77790115774],[540745.50523226301,426703.40704015549],[540724.73663088842,426644.16072201356],[540705.72877561848,426603.2881825529],[540692.03704134619,426524.45770978648],[540679.80973598687,426467.90251526143],[540648.42241998878,426385.62689500581],[540637.57162695227,426323.7763034068],[540643.91475380061,426319.93187108822],[540708.13548847404,426280.75720959157],[540736.15287888411,426263.67434647772],[540751.50441014313,426254.31004746538],[540768.20370483119,426244.11781670898],[540798.52065338311,426224.92481977958],[540813.43050197442,426215.41667236015],[540829.36085659661,426205.26495849714],[540841.26899838552,426197.67669987585],[540870.31606020685,426179.16067124717],[540908.66579592775,426154.72101084143],[540938.67396005359,426135.60220722575],[540945.66817731329,426131.13925996143],[540985.25768265908,426106.01306154579],[541027.52231922466,426079.20130259637],[541070.93611809891,426051.6542776553],[541120.9680110116,426019.9092938276],[541129.82517039031,426014.29157073423],[541176.9274858397,425984.6253854353],[541238.862035378,425945.6220222963],[541315.87668836303,425897.13818354439],[541427.12946354959,425827.54890694004],[541442.95555998676,425878.35849058442],[541454.08753796073,425914.05237753596],[541491.76206478418,425890.66132301651],[541496.52845156344,425903.02783661801],[541601.3270162323,426175.67155397218],[541602.52915328124,426178.80301054381],[541704.63872436585,426444.81786714494],[541730.28115848359,426390.06241289154],[541747.69032440847,426352.90823398344],[541778.68807283102,426285.66760100611],[541801.17415929353,426236.86150963139],[541810.04428945563,426217.60260452051],[541823.9123662964,426189.68089412246],[541845.00635865284,426147.21971122082],[541854.79434070422,426125.6597433826],[541864.2330311687,426104.8640607493],[541893.12122257613,426041.20001596585],[541915.84958519554,425992.57050624304],[541974.76297492126,425866.53600614052],[541981.22956075007,425878.99913869984],[541997.30281728855,425909.91840403248],[542106.05389533669,426119.47931966372],[542204.25230806111,426314.47444168665],[542205.69068236463,426317.34282971453],[542231.72185063851,426369.011861532],[542233.1166999609,426371.62101708073],[542250.30369126191,426403.5942921238],[542267.3987067563,426435.4189243922],[542273.32603024994,426446.45038279053],[542310.14809552918,426517.66856036242],[542325.36141863186,426547.09056963678],[542331.07946916448,426558.16486666538],[542373.19680213311,426639.50375192612],[542453.75405031827,426796.35575307813],[542501.71142269077,426891.83519857656],[542530.60925429908,426949.23109516036],[542591.55089128239,427063.87983328849]]]},"properties":{"OBJECTID_12":1947,"NAME":"Wiskitno","NR_OKR_JP":16,"SHAPE.AREA":16707463.9124966,"SHAPE.LEN":23421.332974779103}},{"type":"Feature","id":1948,"geometry":{"type":"Polygon","coordinates":[[[528740.54691664118,440408.38287639897],[528708.67127898708,440395.49960122257],[528622.42207319953,440361.70550114196],[528605.53759654227,440354.7717738552],[528582.22150573193,440345.23802043032],[528557.40786570602,440335.08522462752],[528533.4083569136,440325.27103278227],[528509.42896797415,440315.46655764338],[528482.9249607228,440311.76287118625],[528456.80159921281,440308.12391610071],[528443.06396558287,440306.20378473122],[528429.87711280491,440304.36603746004],[528417.61142183142,440302.65555962361],[528397.98615121061,440299.90680481121],[528382.99974736758,440295.10565269087],[528379.18546197296,440293.88880460151],[528329.99996900465,440278.10426018666],[528290.96304453025,440265.59826822858],[528279.28501764254,440266.65795882419],[528250.18001245032,440269.31594315916],[528221.26457518886,440271.95133889187],[528210.49497514614,440272.93860108126],[528194.54552502616,440273.69713896886],[528082.03762725741,440285.39468133822],[527977.23071807623,440317.18371881731],[527871.64529244218,440350.50248673558],[527859.53282993962,440351.94790042005],[527721.57155363495,440368.78173529264],[527610.42701890634,440388.07576136384],[527492.51768833061,440432.19694633409],[527442.91223819088,440330.47264526971],[527435.84398400271,440315.70906867832],[527394.61723355192,440228.84027422965],[527345.59256836073,440127.19791291747],[527312.49990086537,440054.10866382811],[527240.84882782248,440049.99516180065],[527127.95843610365,440044.02911727224],[527081.95987860148,440042.01203223225],[527019.15932649421,440038.34671001509],[526953.20850999292,440035.97382669058],[526942.50109721744,440034.21197281592],[526831.87549471261,440027.97499264311],[526736.90512804198,440022.84233886283],[526688.14371862996,440025.59017298743],[526683.41829851654,440020.60821321886],[526651.0478733799,439986.31441037636],[526621.33423975459,439954.82234942727],[526599.62533932168,439926.22853518836],[526562.08395710203,439880.70283201151],[526535.26511906926,439851.14978516754],[526532.25395320635,439848.01311653107],[526530.77088172222,439846.26458706986],[526511.04533293308,439825.28871215135],[526440.69588694663,439766.01218555588],[526425.31721667235,439746.46571328025],[526406.87961398461,439718.1168086566],[526378.86628118448,439665.60466533806],[526356.01312476012,439608.24472835194],[526327.90411520598,439578.61941978335],[526287.93151336093,439541.631659084],[526268.61405429058,439529.27471387573],[526235.13053235691,439545.68409613986],[526267.34177228448,439707.479537718],[526289.5623630652,439824.34055271279],[526290.29473128601,439828.18806421198],[526295.3696876365,439854.27188981511],[526299.99388207146,439878.8228735663],[526323.26860308042,440002.58503907081],[526329.17247969098,440034.45382233802],[526329.9385267999,440038.57070060074],[526350.48494070501,440149.94814915862],[526377.49928416684,440297.15411997773],[526362.1613739992,440310.43634361681],[526365.40269062552,440321.60477245692],[526383.42355971911,440383.6680673454],[526399.67926811334,440460.56621844508],[526401.0043651762,440466.82406497467],[526389.13831257157,440481.8575085504],[526381.34878623311,440491.72823640797],[526402.34470563929,440551.38219352625],[526407.6588090267,440566.48966520466],[526415.13608806324,440587.75353796501],[526420.62649780605,440603.32829240244],[526426.39806800336,440619.728663438],[526433.81905124162,440660.92070666514],[526401.87469538534,440665.68637504894],[526409.6421596976,440708.82243220042],[526367.2795512802,440726.3431107942],[526396.84957215842,440743.72604122199],[526397.70938995434,440748.12145440653],[526425.72047983098,440890.75659269933],[526454.33341894427,441037.92058933806],[526472.52120194864,441131.07190375403],[526479.04562800413,441164.46118575521],[526479.26054892468,441165.55754081067],[526467.9886430176,441168.54045766499],[526465.54043559963,441170.74268761929],[526417.89709737955,441193.06288692076],[526389.09723720199,441206.31003687065],[526379.2796069968,441208.94320357312],[526373.99942479946,441219.60897656344],[526367.78240791883,441222.45256103855],[526366.99914735893,441225.09164963849],[526367.52989214275,441217.88891410455],[526365.03605627897,441218.22295232583],[526363.35193203669,441212.02000287082],[526360.93881500128,441210.95381770656],[526359.17246059224,441211.13795971498],[526355.75781019079,441214.28286706004],[526355.44643793569,441214.89675524086],[526353.17641778034,441216.24707719311],[526356.47890103585,441220.94874987192],[526348.34200743982,441225.89737059548],[526348.02988919138,441229.36946219578],[526346.41617370141,441230.48092176486],[526343.31015550531,441227.71532697883],[526343.19748375716,441226.78746092413],[526327.66023685806,441221.90393079445],[526325.3728002155,441221.98529416136],[526323.87506688328,441224.99396163132],[526316.99425987946,441229.71547558811],[526308.42787471751,441235.40952405334],[526302.87548885879,441237.16466916259],[526301.02602389024,441241.48733679764],[526295.0335680967,441242.48900200799],[526290.95124958979,441245.77299148776],[526288.57600133889,441248.19408207852],[526270.71761107293,441257.68334579188],[526252.5971431128,441263.36861347314],[526249.04676215549,441263.17749409564],[526165.64832589915,441253.62889553048],[526164.81173793995,441253.11071236804],[526159.754121896,441253.77974926773],[526158.51008342195,441254.15659637563],[526141.58320309548,441256.51757288165],[526133.24678593362,441257.85121992324],[526129.16991339694,441260.07580490224],[526126.65235174412,441258.68126133364],[526124.98154552106,441259.27383327018],[526119.01867120189,441260.97465093806],[526115.3413937774,441260.27559512667],[526112.29544050398,441261.88640962355],[526097.17717413418,441262.77347867656],[526090.85966867185,441264.84893017542],[526078.83525716839,441263.97462195437],[526077.52315733605,441263.03323659021],[526066.46148593863,441260.94647222571],[526060.27007469372,441259.1026677452],[526047.67180147942,441255.00827453379],[526036.45504125138,441252.54387835786],[526022.61899868946,441247.82687716838],[526014.30530877761,441244.26330522448],[526009.21891181637,441243.56360192038],[526004.12083631044,441246.38183714449],[526001.02096562961,441248.4331141524],[525995.81068732485,441252.5420752354],[525990.09903843456,441251.43121863715],[525984.04061383312,441252.72360676061],[525975.46343367267,441248.89382144064],[525967.17264503078,441246.99888092186],[525960.00926557963,441244.23900312092],[525953.46835667675,441240.2313644141],[525947.90540790651,441241.21714142524],[525938.9158780945,441239.38175934553],[525934.98527725262,441239.88542273268],[525930.61721185117,441239.82545001432],[525927.55254660989,441242.98554357141],[525922.35449466773,441243.61653330829],[525910.40703303588,441249.07716749329],[525907.796231115,441251.811296965],[525896.97741290182,441256.49692037608],[525896.19366349059,441256.18787924945],[525887.02716802189,441239.27444754913],[525885.78036700841,441238.72191950679],[525885.17909765104,441234.23301130533],[525883.3323575434,441232.9291969277],[525881.4665142406,441233.87422504835],[525880.8762323492,441236.01098267548],[525877.16874219035,441236.75143246073],[525872.607620241,441234.2756363051],[525869.17731699173,441230.45515884552],[525865.90351183724,441228.57130937837],[525859.8999023441,441232.40134258848],[525853.62520294054,441233.2269956544],[525859.47826613684,441235.17538183648],[525862.0959032859,441237.30808574427],[525862.29001810472,441238.34476535115],[525861.06625608983,441239.4708610978],[525841.68970916932,441241.01599595323],[525840.25041966955,441238.81715075485],[525838.11517311388,441233.23999626841],[525836.13211310375,441232.19788873382],[525833.63874675764,441229.65373776201],[525830.40565191489,441230.00791624095],[525824.10749900492,441234.2217525458],[525822.33177654457,441237.36415593699],[525820.69286478229,441238.09620201867],[525815.62523475557,441238.03583705239],[525805.22227198235,441238.79822618235],[525795.22814772604,441244.5918246815],[525793.67491092719,441245.01289048046],[525792.61639064143,441237.06244628318],[525788.56296881998,441235.89884892013],[525786.15884013928,441238.40028737951],[525783.26871945441,441237.53052820265],[525777.47321470256,441238.31962339953],[525765.91533732798,441235.03043097537],[525765.41670678568,441235.10723050311],[525764.79735169921,441235.12572481483],[525764.31527634733,441234.95245481562],[525762.92561112472,441235.6411052905],[525764.53863981727,441239.57646868192],[525765.04156002728,441241.26849380601],[525764.40141770605,441241.95685080998],[525762.52229093388,441242.66221283749],[525761.51680160931,441242.21630329918],[525759.21645266551,441240.62889734562],[525756.13740900322,441238.3726078514],[525751.34255511512,441237.79882070608],[525740.02116746712,441238.63377737626],[525740.40379922511,441230.83344548475],[525740.33715063555,441225.97742559575],[525736.50051211368,441223.86145189591],[525734.00616625079,441220.51781847049],[525728.41222534177,441214.14866300765],[525723.75738797965,441223.7765144147],[525723.38719999418,441225.93023920525],[525719.00451694208,441226.98976055719],[525719.34872849577,441220.75896552019],[525718.09561885323,441219.74681397807],[525712.91204400978,441219.24831765145],[525706.61465502821,441221.33348749019],[525703.22480344423,441225.55737676006],[525687.2948776962,441227.01523196697],[525681.71000366192,441227.1318587875],[525674.39225374104,441230.6001692554],[525669.27286142972,441229.68105693068],[525657.93137063191,441231.23583539762],[525650.23861344089,441235.77861828078],[525641.84795977152,441236.07366609015],[525625.19472445617,441235.07300649583],[525607.33737512596,441238.0863512028],[525594.54598969035,441245.4074044032],[525586.61053182359,441243.91732704546],[525580.59961285628,441245.75871707406],[525564.83117664291,441251.70152592938],[525560.63208886399,441249.39065242],[525557.36117842118,441253.54295453709],[525550.76803228725,441251.55475657899],[525538.86627095426,441256.70496230293],[525533.20324379182,441256.95258008968],[525524.73972486076,441260.67646612041],[525508.15558429679,441263.98214183003],[525502.80743740371,441261.68703899812],[525497.15808519826,441261.47475909442],[525489.98100549087,441258.44523730502],[525477.34126364288,441254.97101810947],[525469.62550619117,441254.19747135229],[525462.23701271543,441248.14276066143],[525456.99213254661,441248.27470864914],[525440.71523207705,441244.84041518066],[525436.23460903391,441243.13302703761],[525425.62095021526,441242.37926622573],[525420.58043431176,441237.74141528364],[525415.16185306094,441237.59592366405],[525405.69821269007,441236.89633466303],[525403.3446504086,441236.5288892407],[525398.1038070604,441234.04243271891],[525395.43121150439,441234.45887447614],[525393.35728290491,441234.07759738341],[525391.22557840298,441233.12747243792],[525389.03596086451,441231.59850782249],[525376.55169771891,441227.80235509761],[525371.93136430939,441227.56595787685],[525368.97621666035,441226.32732360251],[525359.66037658858,441224.74626027234],[525355.86987405224,441223.07936837152],[525352.10658503789,441220.48268891592],[525350.20196863869,441220.05911314953],[525345.61601803137,441220.87158238236],[525336.12753563793,441217.63393427432],[525323.59358666209,441213.85845021531],[525320.93398041744,441213.76503495686],[525316.69648979628,441213.75323820766],[525310.85511627712,441214.11323409341],[525310.13170927134,441213.10380539112],[525300.79500438052,441209.27444551047],[525291.35036674619,441207.77509902976],[525289.97941146453,441206.91446962021],[525283.90953976498,441205.18891817797],[525271.29855423991,441202.35389866028],[525262.9595604568,441199.85999447946],[525255.63017080503,441198.11175480112],[525247.46558238321,441196.67478909995],[525241.41447882971,441195.58857669495],[525237.28754505492,441194.16615055408],[525235.50623940828,441193.26118452661],[525233.00438742782,441190.82707790565],[525228.55058430729,441188.88946547732],[525226.05372661049,441189.00368410535],[525213.13561825547,441187.09229968674],[525209.7558957116,441186.22925904114],[525203.43732485757,441184.58707009908],[525201.88081431016,441185.49787242804],[525200.06863053958,441186.71199489664],[525195.69282271178,441183.9038597839],[525183.002175136,441181.08992008306],[525174.83736884501,441181.82159031089],[525162.9805482896,441178.59645821434],[525160.46039963933,441172.64481908083],[525157.69084106782,441176.190620373],[525157.34034276858,441177.59454925545],[525156.34758701688,441177.34833840095],[525151.32262308383,441176.0281805452],[525147.99983413564,441174.94449687377],[525142.55125583895,441174.06987593416],[525140.84810173907,441173.03391894232],[525136.6246775171,441171.86265926436],[525134.1449041079,441171.03723527491],[525131.70543296426,441167.32307798974],[525128.83210052457,441164.76415118296],[525125.40815904061,441163.59191237483],[525117.40862667095,441166.89968946949],[525109.91658527567,441163.49472651258],[525104.8560038564,441161.03577508405],[525088.53993071534,441156.93243635725],[525080.66519837209,441159.13919327781],[525076.18102643732,441157.90155615192],[525065.78232436802,441154.60644207895],[525061.85514959274,441150.26311194245],[525059.18210289604,441149.19049778115],[525056.10483516962,441152.16088795103],[525051.56182829745,441151.73354825936],[525049.83138398849,441148.7092184294],[525046.6581212919,441144.6853331048],[525043.63553603727,441145.08659077436],[525039.37852842174,441147.29366372246],[525036.84329103434,441145.3397121029],[525032.65652309754,441143.19855955336],[525021.91388531914,441141.05744144507],[525012.74421473069,441139.20453949459],[525011.05095313874,441139.61753360927],[525007.74910707062,441138.60351794958],[524999.30407773482,441137.84997165389],[524996.86248833477,441136.89410507958],[524994.74773018586,441134.99434452504],[524989.44755752152,441135.46683633234],[524988.32157844165,441133.52352388017],[524983.67986799462,441132.45794151444],[524972.88382282003,441129.33817285765],[524967.52998818574,441129.5415710723],[524963.84719933011,441127.71329974476],[524959.79432062374,441126.5896671908],[524951.70985718654,441127.35021527112],[524943.64751813596,441120.9849472763],[524936.26091270649,441124.53415511549],[524933.81675559015,441124.84752431419],[524931.84587875986,441123.96514681354],[524932.47436564788,441122.42748393584],[524931.32297457464,441122.27339346614],[524933.62701383326,441118.30425087176],[524933.11802130542,441114.71350240242],[524928.72451754578,441115.71321042068],[524926.26625451876,441115.72696199268],[524924.53094930633,441115.26108696591],[524923.0166603761,441113.4230407672],[524912.79567560949,441107.05741793197],[524912.74089774431,441105.97884942964],[524911.7388164443,441105.05319427978],[524902.48664617643,441099.37383396458],[524900.2602710434,441100.26384907309],[524897.82551902568,441099.07803307287],[524897.35557196138,441096.87587373983],[524887.32400120806,441089.74812895246],[524872.84596905555,441084.13049767539],[524870.28665248537,441082.60660511069],[524869.64016282547,441081.37625825778],[524862.77921146725,441076.6234744126],[524860.28776165494,441074.21920408402],[524858.38232098462,441073.73567651305],[524847.04945796763,441070.82314784545],[524844.35958089307,441069.98061917536],[524839.4104351555,441068.35960782226],[524828.28445907927,441068.14254066348],[524822.95417226513,441068.6054515522],[524816.38544750633,441069.12533439789],[524812.9770195653,441069.81171118375],[524809.2422707217,441070.02286861185],[524805.34177483595,441070.53611211386],[524799.22801133164,441070.70996472239],[524793.33641820389,441071.7802018933],[524782.97438346874,441073.34152380098],[524774.41893035034,441074.00859837793],[524768.6028832962,441074.75800008886],[524760.55987399048,441074.89836870693],[524755.0390372019,441074.58438560273],[524747.01983214892,441074.27471058723],[524742.37280964619,441074.27852708194],[524734.64379779866,441074.72439118288],[524724.31994660303,441076.15527098067],[524721.28517367691,441076.39679637644],[524709.78512841987,441076.59460533131],[524700.75375014311,441076.80850124452],[524691.27685348992,441077.32832305226],[524685.4689957191,441077.21815338358],[524681.58560285496,441077.52129436098],[524679.19604739139,441077.44415936433],[524677.87671463599,441077.43228561524],[524672.92378466798,441077.72012449056],[524667.8025400138,441079.57928601094],[524663.7140001863,441080.95456963684],[524661.71112799679,441081.38180680573],[524656.65351787244,441082.78038432822],[524652.36909930769,441083.71863308642],[524648.3698001696,441085.04272342008],[524644.34121119243,441086.41718431842],[524640.38599335705,441088.04048101977],[524633.87752981065,441090.0386063857],[524628.1023095058,441092.30649218988],[524624.08739587059,441093.22105476353],[524620.19884849188,441095.33312840015],[524614.08212311647,441097.47578309849],[524610.1284325954,441099.93853077386],[524607.95481930603,441098.11952626426],[524603.33939780772,441097.51329277828],[524599.51064926514,441093.78821804561],[524598.62082787638,441093.76045570895],[524589.21256220178,441091.27122855838],[524583.0364572109,441089.08742091618],[524579.08580658084,441087.40273635928],[524574.32487673266,441086.38875760045],[524567.01462080691,441083.8507483229],[524561.73491950962,441082.17431073263],[524559.87109081016,441081.81013635173],[524554.50214865326,441080.18489208631],[524549.60552722332,441077.29395754728],[524544.63709999702,441076.45271959715],[524541.88082524715,441075.14139725547],[524534.39238060068,441073.45529886801],[524531.32831687492,441073.74719486758],[524530.88046722941,441073.88325971272],[524526.1906148555,441074.40733705834],[524521.52123772749,441072.78248505946],[524518.27951512323,441073.23671877664],[524513.4011512557,441072.4042383628],[524505.19676069578,441072.43689094856],[524498.86121597188,441071.0147932563],[524495.6443335166,441074.00708931684],[524493.050845613,441074.36248284392],[524488.96260213142,441071.39049725328],[524483.75329233869,441071.20215657167],[524478.28143322107,441070.08800388686],[524474.71450535522,441070.87649349868],[524468.17473537638,441069.13739977218],[524461.12851264246,441072.00236541871],[524455.8053345253,441072.25531096105],[524440.45529349823,441073.00564527512],[524441.53486074531,441074.47989207506],[524439.48227961466,441079.29505229741],[524437.06152817537,441084.95473759715],[524434.82676284004,441089.60250516236],[524432.24189098354,441094.95463789348],[524431.90191340318,441095.66885772161],[524409.25052243692,441125.84096147213],[524404.75558409607,441131.82892638352],[524403.85279168712,441133.04056279641],[524400.47662631841,441137.53410307877],[524385.33349866094,441157.72936972789],[524380.78928696376,441163.767979973],[524364.45854103274,441185.53856751509],[524362.59382812062,441188.0226144949],[524359.35494300735,441192.32439065911],[524355.76183734077,441197.03077713493],[524352.68911074707,441201.06044256128],[524344.1972987731,441212.1900667455],[524316.72849091771,441248.15469789039],[524315.40318085568,441249.89180696197],[524304.75142694963,441263.83932469413],[524275.5466273597,441299.28812645189],[524274.35722604045,441300.73355260491],[524270.60205711902,441305.28226527013],[524265.86402412166,441311.03372023255],[524258.84546122112,441319.55475433543],[524254.6676374746,441324.61894781142],[524226.24915761669,441359.10756004043],[524216.82083576184,441374.81717199925],[524215.73628988408,441376.62093316298],[524210.66544970352,441385.06526738126],[524197.99348263443,441406.18602683395],[524192.25217453169,441402.18739006761],[524134.34592633694,441361.94795013685],[524053.08133028686,441305.46950052213],[524047.90134727978,441301.59307595622],[524210.62094793661,441071.63288357109],[524233.22292454791,441035.67508752923],[524239.55127974972,441018.36905757803],[524239.69578450237,440964.09119229671],[524229.56572008022,440804.88038779702],[524219.90766279586,440575.92693691794],[524219.43772591057,440568.62797835004],[524212.98651171289,440457.55638684053],[524098.15414671553,440469.60571741685],[524026.15229755396,440477.09975483641],[523923.28379635833,440487.79565116111],[523887.00035734498,440491.71144511923],[523783.93775444839,440502.82974597905],[523773.0199786314,440503.94896910246],[523672.42463793163,440514.2539029941],[523669.45063323871,440514.55455415323],[523671.01677512855,440322.82339159492],[523674.56568996818,440156.86882558465],[523679.67909648421,439921.3964175554],[523679.74787237181,439918.39735572413],[523682.54800289468,439790.35927864444],[523682.68882935145,439783.87141754571],[523683.59759084735,439716.82102878299],[523684.10149611358,439679.2576894369],[523684.5660535724,439644.65303323325],[523685.03320099169,439609.50868038088],[523685.15737075638,439593.06729634851],[523686.86457481259,439391.93011882063],[523513.66592828749,439383.3835639637],[523328.09541698173,439375.59639602527],[523194.97942223155,439370.53729418013],[523195.06460315187,439366.54862520471],[523197.31952473533,439261.40358293522],[523198.01614717941,439228.41470007598],[523200.96144983469,439091.28023645189],[523200.98108210304,439081.78591934498],[523201.24566097878,438953.94243845623],[523272.01984984503,438958.2080612937],[523299.105204252,438959.83516917005],[523303.04596961907,438960.07091608457],[523335.26248902496,438962.01737444475],[523400.1331075122,438965.75438034628],[523495.84874144825,438971.26677983906],[523496.0828920615,438969.39473965019],[523494.16052687808,438928.34688861761],[523495.43152903754,438915.36758222524],[523499.75759253115,438897.06966854259],[523499.62476531352,438857.52630428597],[523499.60774911341,438855.55777309556],[523507.01555216848,438812.76292086206],[523557.48988485645,438733.07994557545],[523578.08073071606,438700.57764720824],[523464.2888589034,438624.58759606909],[523348.9535535411,438547.54936238471],[523285.42086684715,438505.1182076782],[523281.21324928117,438488.34649126511],[523280.80629366497,438487.09286445659],[523268.67401247227,438449.95271687396],[523261.53963356384,438428.1843137173],[523257.09529216954,438414.55387622025],[523256.24031710101,438411.96723594237],[523249.38668657641,438390.99447868578],[523243.79580955667,438373.92193942703],[523240.95821039099,438365.2263483936],[523228.47209311032,438327.0616960749],[523190.2847144063,438210.41908535548],[523179.20727552479,438176.5923683187],[523159.75244324817,438117.80630466528],[523129.41210186097,438026.07033033576],[523127.03553379053,438018.92743369192],[523095.20486629382,438017.42534737568],[522997.88477019593,438013.70369153097],[522971.12449103198,438012.46183500625],[522943.66272439895,438011.07969624829],[522900.31717689353,438009.4257800756],[522803.18170012353,438006.05136870779],[522705.85593565996,438001.92004193831],[522653.46019578812,437999.8406309979],[522493.29386464611,437993.53333537746],[522432.97904961609,437990.43327355664],[522302.25136499025,438013.05374587979],[522294.09597437765,438014.47481399495],[522207.98382239469,438007.48133211955],[522114.75492990232,438017.88467007224],[522126.8366001987,437984.31979761831],[522166.26816259237,437874.77697709296],[522166.99985461356,437872.74820114207],[522168.2705294147,437869.21296812315],[522169.12745505606,437866.84268654697],[522195.44688082329,437793.69711981248],[522205.59380710556,437765.52544361353],[522206.60443451069,437762.70333494339],[522390.83088896505,437770.83926782571],[522386.67706570681,437733.21982595697],[522385.30751728488,437720.80639277119],[522383.9378320445,437708.38296766393],[522382.56828414055,437695.96953437291],[522381.1987364965,437683.55610102881],[522379.82918911026,437671.14266763069],[522378.44965011603,437658.7293712562],[522377.07996617147,437646.3059458863],[522375.7104195623,437633.89251232985],[522374.34087321186,437621.47907871939],[522373.01677760924,437609.46477144212],[522370.88223523711,437590.09619033802],[522368.73770162812,437570.72774618119],[522368.07524308388,437564.6906168405],[522367.65551172971,437561.04865706339],[522366.53335451963,437551.37011620775],[522365.41119746683,437541.6915753223],[522364.28904057137,437532.0130343996],[522363.16688383382,437522.33449344523],[522362.04472725256,437512.65595245641],[522360.9225708287,437502.97741143219],[522359.80041456199,437493.29887037631],[522358.3156147431,437480.4972611377],[522356.87612851872,437468.08478637785],[522355.43677962688,437455.68230342586],[522353.99729392031,437443.26982855331],[522352.55794554396,437430.86734549236],[522351.11846035457,437418.45487050805],[522349.67911249463,437406.05238733441],[522348.23962782207,437393.63991223834],[522346.80028047884,437381.23742895573],[522345.3607963234,437368.82495374791],[522342.28989860899,437342.39364267886],[522375.14097973361,437342.5126268426],[522393.34925669705,437339.57452308107],[522394.85268281488,437339.16414256953],[522414.25665054034,437333.78115573712],[522437.05474240659,437330.3103821585],[522448.21632773714,437329.47769015934],[522499.76169994532,437325.66252384987],[522557.55690295633,437321.39185293764],[522582.95953318547,437315.45687109884],[522586.36647023138,437314.66060321312],[522652.16987273039,437306.98214047495],[522755.67919026944,437294.89885699283],[522757.24420944764,437273.4807883352],[522756.53973903129,437239.61167045869],[522755.50905059965,437231.50089811813],[522755.21718805208,437229.1663665222],[522753.4224817293,437214.8999367943],[522748.68013578985,437177.35854486283],[522743.34243117296,437135.02832374722],[522737.06370974059,437085.29565469921],[522733.07077805046,437055.75896115042],[522732.29690692597,437049.61343231983],[522729.79643942218,437026.15244733635],[522729.20819277945,437021.15365234762],[522724.45444100897,436980.59430428036],[522720.22199651675,436944.5249882089],[522718.05929710576,436926.01626484003],[522706.47152865736,436827.29714118596],[522706.35187307728,436825.85968376137],[522687.78295204474,436660.43814831227],[522970.67350835417,436682.86122352723],[522973.84572409914,436683.16749054659],[523152.79557297705,436700.80021277163],[523264.36546429718,436708.80380761996],[523318.11459333135,436712.65364223067],[523382.1974970313,436717.25116725825],[523384.68381908903,436738.95342468563],[523398.9942249083,436864.21840966307],[523402.16161600954,436891.85759271402],[523406.49188925273,436933.60196379293],[523411.854809949,436985.78561014123],[523414.06683870184,437007.16183525976],[523416.22191862419,437028.02916124091],[523423.86382127227,437102.09779241681],[523425.78699378902,437120.62976637669],[523431.44631619705,437175.47766958829],[523433.89012574166,437199.17925289832],[523442.47657915181,437200.77039126586],[523574.99855710368,437225.18598207645],[523584.59193511005,437202.55849989131],[523627.64311821572,437139.04742134176],[523707.11709694611,437027.86632907111],[523732.72190781619,436996.60449903272],[523744.09386972938,436982.69713737071],[523758.33271482127,436927.89610620402],[523761.84466063121,436914.35640365537],[523792.56647785986,436887.48158948217],[523797.34578565962,436883.278627811],[523818.95258906164,436864.36393049452],[523821.82869077334,436862.02592137363],[523846.25672959525,436841.87327877153],[523895.30059523345,436801.41551675461],[523917.95941915305,436782.69626274612],[523946.86373296671,436758.83451616392],[523961.11297581799,436747.04633926041],[524003.6911979522,436716.08137371019],[524050.62073486892,436681.76879128627],[524053.88241958409,436679.85522474814],[524095.87725854473,436655.17432604078],[524123.58638345002,436638.89423145354],[524130.02036054357,436634.37875903584],[524163.28905992646,436611.03679713793],[524176.76075918361,436601.57783590071],[524177.19683646772,436601.31201757398],[524213.74657059991,436578.92442494817],[524254.77588131197,436553.79707309883],[524289.20490307349,436532.7177714156],[524301.56329828443,436525.15290335286],[524316.22088497342,436516.17736522295],[524325.43792260974,436511.28393432032],[524349.33884787059,436498.60385754053],[524373.30930407974,436485.89284687862],[524425.03037651116,436458.47020289861],[524447.0561369874,436446.78524161968],[524474.36027206481,436432.30958935991],[524492.90370550589,436422.48125794344],[524521.21508193575,436407.12233899441],[524542.52307264495,436395.56715141889],[524571.68771430012,436379.75680778921],[524585.78399850708,436372.1181398062],[524588.32340449153,436370.73415680695],[524614.51104079909,436355.73416571971],[524628.12538656464,436347.93221636489],[524632.46465318743,436345.44762284961],[524632.5777965117,436345.38311053999],[524638.68371445732,436341.89769935142],[525008.61857312557,436923.22442137357],[525209.53805835999,437238.22165156621],[525346.09880153858,437452.08143030293],[526509.84230742604,437083.27329823561],[527333.22809207253,436822.61494658981],[528269.4327375812,436528.14614757244],[529056.1402894113,436276.4319999991],[529171.78246694582,436573.18686836865],[529273.02665537572,437169.67232386861],[529299.40698196425,437318.38161826786],[529339.82543235121,437564.96260621864],[529351.39823352324,437677.31781862397],[529356.32893781934,437726.20007077884],[529352.91085170687,437799.86263804883],[529275.39005100308,437798.87847055029],[529267.20645069366,437798.48396637104],[529218.01718150545,437792.71361312084],[529215.00325739093,437792.42627130356],[529199.36366894864,437792.26937120222],[529169.57253152563,437792.55935847107],[529129.78419290041,437803.0424933508],[529107.32807765622,437805.03690020647],[529081.39361853094,437807.34026107565],[529053.19754859316,437809.90220479947],[529050.78542310197,437809.88313060626],[529048.52741729119,437809.54484396987],[529046.44461321039,437808.66119951196],[529045.29800996545,437807.8720427081],[529042.5031855132,437805.94863509201],[529040.21048545651,437804.37081419211],[529028.33027790242,437802.18010079022],[529015.91088303621,437802.89363961201],[529008.60596888675,437803.40599506255],[529000.32857121399,437803.6850493392],[528992.39926392201,437804.00869664177],[528986.31834397954,437804.2569173472],[528983.20656958374,437804.38395484164],[528977.47013060411,437806.73011054844],[528971.83513018372,437811.88098771218],[528955.9893217975,437816.4338198211],[528942.41724025807,437819.45511361398],[528934.71769155969,437822.34327409975],[528919.13628228637,437832.87427073903],[528912.99110402842,437836.98331572115],[528905.08002119907,437841.92067582998],[528872.33770772989,437862.16687450744],[528868.40284860204,437865.27261538617],[528864.91904658522,437868.65838588588],[528854.76549986203,437881.95880769379],[528807.3986704417,437945.69779406302],[528746.98435046338,438026.99193873256],[528698.59620579821,438094.84854958206],[528659.57413340639,438166.90281812381],[528603.79126619105,438304.38447894342],[528600.15223865758,438317.99508024566],[528594.81696473539,438353.06951552257],[528592.45339845505,438360.15895492025],[528557.19522215414,438416.120715959],[528533.97898854257,438453.99666175619],[528522.24061603402,438465.9466184387],[528500.80944394111,438481.46098218858],[528481.30701364577,438499.36214927398],[528478.63717204961,438503.1759785926],[528477.29563017737,438507.91808121651],[528472.97472488659,438539.60585298482],[528469.69404527708,438558.17458617687],[528465.31646389933,438572.52606097981],[528462.89505043661,438578.00682002772],[528459.80695764325,438584.30311356019],[528457.88014749042,438587.96423922852],[528453.64950764505,438593.41025989875],[528448.7029289339,438597.98266549129],[528441.70568321832,438602.53533794358],[528435.97971465986,438605.52824850008],[528426.58316666388,438608.73141997401],[528420.69293013494,438610.70663302392],[528412.16399390483,438614.38059360068],[528404.79998645524,438618.40923508815],[528393.31798337842,438626.83621769398],[528379.75941718696,438638.57120745629],[528373.65576253785,438645.75034272391],[528370.69427894661,438650.10113611538],[528368.79474121984,438655.32749306411],[528366.66768671456,438665.20361775253],[528361.63560532837,438685.14033122361],[528357.45733318629,438698.19050050993],[528353.46245238639,438706.95847429987],[528349.55352170195,438713.51257549971],[528344.85383194871,438719.65429565962],[528339.03653410659,438725.24111286551],[528335.1773656233,438727.91989454441],[528330.83156487637,438730.58836404048],[528326.9675899588,438732.67648723535],[528304.43782530772,438740.73318915907],[528574.90808106051,439419.90636732616],[528639.86122731038,439581.11006726511],[528658.76200776105,439632.67973431759],[528680.84619554167,439704.43184634205],[528698.883421676,439790.34541351628],[528712.19322803197,439884.65284980088],[528722.39685422927,439968.27173591964],[528730.54598593013,440045.67048902996],[528739.38545151672,440171.68312917277],[528739.95285931765,440284.02365901042],[528740.55505823507,440408.34259022865],[528740.54691664118,440408.38287639897]]]},"properties":{"OBJECTID_12":1948,"NAME":"Bałuty Zachodnie","NR_OKR_JP":1,"SHAPE.AREA":21544868.992420699,"SHAPE.LEN":28447.2114875425}},{"type":"Feature","id":1949,"geometry":{"type":"Polygon","coordinates":[[[529009.61978329194,434091.04632152803],[528720.81960923865,434747.6457801573],[528720.83111344522,434747.73406608682],[528704.18366846093,434740.2034088457],[528650.67090517387,434716.02294149529],[528588.8980953003,434688.20623349212],[528536.44287530158,434697.45397595596],[528523.38861000037,434655.8533824645],[528506.2597575481,434601.26816160697],[528489.5741911541,434584.37757488806],[528470.07148548739,434564.63535932731],[528450.67497994401,434546.34096418135],[528442.02624296595,434538.18363462668],[528420.50397531886,434517.88418357633],[528400.10847593809,434498.64759314246],[528382.56244425115,434482.09859081637],[528291.37168907316,434396.08902701363],[528248.67220225395,434355.81576083414],[528232.10970775026,434300.19549294654],[528510.66720431845,434216.98956069816],[528725.8542602337,434152.71250660345],[528854.36280478048,434114.02687520906],[528911.61534322007,434096.56549286842],[528961.8882321053,434081.23283022456],[529009.61978329194,434091.04632152803]]]},"properties":{"OBJECTID_12":1949,"NAME":"im. Józefa Montwiłła-Mireckiego","NR_OKR_JP":24,"SHAPE.AREA":256999.419375795,"SHAPE.LEN":2242.3664526239199}},{"type":"Feature","id":1950,"geometry":{"type":"Polygon","coordinates":[[[529009.61978329194,434091.04632152803],[529168.2577064326,434130.65559551585],[529352.71462307114,434176.68496885896],[529485.30446453183,434219.87154204492],[529559.34334688564,434243.98719928972],[529683.98727153149,434292.42462409474],[529951.32015809207,434396.31191300973],[530263.68479895277,434548.99027212709],[530257.43636284326,434570.99565159809],[530250.35523350711,434600.24992518965],[530245.14871849283,434629.17708387878],[530242.54623174795,434651.8439099174],[530240.23571501148,434670.47770716157],[530234.54803249415,434716.34904081095],[530223.63535979693,434813.98529508244],[530218.77519992157,434851.21719689202],[530213.69590100076,434911.89262470603],[530210.55701024295,434964.53365948889],[530209.34470688808,434987.45254980773],[530208.79663864733,434997.81315013766],[530210.3768363304,435012.29271138739],[530164.86677375727,435021.84985381365],[530133.08094429353,435028.84239372425],[530053.53857425705,435054.66798400227],[529930.56506055116,435080.23347100429],[529889.31868635397,435082.88501932286],[529851.87630664522,435085.19598152395],[529840.61711090396,435084.73079324514],[529837.75342025678,435082.87128003407],[529824.49017004599,435082.95744219236],[529824.48199228046,435087.25061367918],[529802.28637593728,435086.0201990474],[529802.79905971291,435083.3248838475],[529777.06188290939,435084.84011871554],[529736.20866643812,435087.24532944337],[529669.08437646041,435091.24375280552],[529614.25845003524,435094.54394659959],[529585.19561948918,435096.27288520057],[529570.19837809459,435102.33483147994],[529563.68839599902,435101.30482791271],[529549.91215218615,435095.83737316821],[529520.26667390612,435090.67180570122],[529473.70065187279,435082.49426618963],[529443.80255199689,435075.58867378812],[529440.33189668297,435074.69467307441],[529415.05531822005,435073.55807807762],[529319.78605654265,435046.18084834144],[529239.78198243026,435023.26547685545],[529175.63361816038,435004.89161275513],[529157.02141966007,434999.56052995473],[529128.46722332819,434989.20638393331],[529105.7690354978,434980.97572062816],[529096.09576384944,434988.30379972793],[529066.26771821547,434981.29740038607],[529066.21634679905,434981.37725448981],[529026.07464724116,434971.85519324057],[528979.20005713066,434943.51991065312],[528870.56647826778,434877.94675992336],[528773.58763810364,434819.76054504048],[528747.43061074498,434804.1458357675],[528745.64885692578,434808.30763724353],[528742.65315308073,434806.54337006249],[528748.28291078436,434798.77106126025],[528756.01778930554,434791.46956460271],[528745.15472722659,434784.91281085555],[528732.40606743144,434790.00101989508],[528739.95971455367,434773.12810309604],[528759.23078601283,434784.549878194],[528766.81620085076,434768.53597941343],[528720.83111344522,434747.73406608682],[528720.81960923865,434747.6457801573],[529009.61978329194,434091.04632152803]]]},"properties":{"OBJECTID_12":1950,"NAME":"Koziny","NR_OKR_JP":23,"SHAPE.AREA":1073038.17247151,"SHAPE.LEN":4240.0237741820511}},{"type":"Feature","id":1951,"geometry":{"type":"Polygon","coordinates":[[[529351.40481982182,437677.38268685807],[529419.41285678593,437686.39304194693],[529455.70404233423,437681.42680998519],[529658.53779941925,437604.31464196369],[530023.04658481164,437409.3084064154],[530124.41277706996,437396.44603052363],[530434.80881885043,437397.00665151048],[530381.98207674967,437596.44424291421],[530293.70434576739,437925.64392270707],[530272.83829895686,438003.71019362751],[530034.40602672787,438627.63586598728],[530102.97387509805,438654.39847535267],[530135.65209310153,438664.60200288985],[530212.37131790537,438686.89204552583],[530356.75950642361,438728.71762964875],[530491.18871026812,438767.91970342584],[530598.35065994132,438799.3019324718],[530629.68922926253,438810.24246432167],[530662.09855716396,438822.94156886917],[530729.47925407486,438849.34375491738],[530870.08623728633,438904.86111243442],[531257.85367898562,439063.96545517351],[531332.46379207028,438983.95290574059],[531391.24393685954,439010.20972125139],[531344.70675797015,439092.66285288241],[531234.16660837282,439288.51444942877],[531112.87963417964,439503.40709245577],[531057.45608320821,439601.60504301731],[531014.09115192923,439678.43780862819],[530995.87647841882,439704.95144746732],[530974.88083498355,439733.82096652128],[530966.73561018764,439744.82217009738],[530941.32888925215,439776.72112354077],[530930.34108342952,439789.55748661794],[530914.81164166064,439807.69971794076],[530896.13303421566,439828.02079871669],[530868.72862345318,439856.46280310769],[530836.12578389165,439887.95943850465],[530804.26712911064,439916.45287985913],[530777.4889794935,439939.38661696576],[530739.56071732438,439971.61672001239],[530676.88090967212,440024.88005866203],[530635.70235242997,440059.87223903183],[530588.34395781078,440100.11582774576],[530510.52873612521,440166.2407118259],[530435.26273499837,440230.19939138647],[530361.5498134318,440292.83820324298],[530281.13399108744,440361.17303842492],[530214.51218583528,440417.78615303431],[530110.23178432765,440506.4002948124],[530079.56325709354,440532.4615136385],[530007.28140937351,440593.88442416023],[529953.17021214741,440639.86637039948],[529929.97154209029,440659.57987179141],[529911.38362329605,440675.37535627559],[529885.65321341041,440697.24025567621],[529864.45265084226,440715.25590507593],[529838.88727410103,440713.43615469523],[529816.14493661944,440712.2092571687],[529798.07299268246,440711.22806444298],[529794.14055993326,440708.68369174097],[529793.59785191552,440708.4612866221],[529772.37857772876,440699.51839531586],[529751.14931118581,440690.57564048097],[529740.87645386078,440686.24947659951],[529730.02064709843,440681.68147242535],[529708.30875883438,440672.52548007481],[529686.55690295377,440663.37003555056],[529665.23715971841,440654.38854524121],[529643.09329336009,440645.06858767569],[529622.24590341141,440636.28048592713],[529621.91384466935,440636.1151514696],[529602.53659337654,440626.67727431003],[529595.8865236229,440623.45065599307],[529579.78267275996,440622.42246252112],[529555.55674773711,440620.86614446342],[529531.19080015179,440619.30175429117],[529507.09504011041,440617.76363678183],[529500.84347917209,440617.35974559002],[529499.60326842486,440617.28682362102],[529495.29518000782,440617.22602441069],[529467.18837681657,440616.88222807366],[529446.71801012976,440616.63350159489],[529409.22552483215,440616.16867371183],[529384.33715767611,440615.86065629404],[529360.14862329536,440615.57301518321],[529335.45009731431,440615.26239226013],[529288.58205212583,440614.68638715521],[529288.09245635674,440614.69310637657],[529286.21537854942,440614.81880375091],[529263.15061559959,440616.31459365413],[529260.38495752239,440616.50245409552],[529176.51895060705,440594.69805510808],[529059.71849802777,440552.83869855758],[529013.59578690457,440533.75423665624],[528909.9634912468,440486.54742727894],[528835.62344248546,440443.77552438434],[528770.96740356076,440420.67810703721],[528740.54691664118,440408.38287639897],[528740.55505823507,440408.34259022865],[528739.95285931765,440284.02365901042],[528739.38545151672,440171.68312917277],[528730.54598593013,440045.67048902996],[528722.39685422927,439968.27173591964],[528712.19322803197,439884.65284980088],[528698.883421676,439790.34541351628],[528680.84619554167,439704.43184634205],[528658.76200776105,439632.67973431759],[528639.86122731038,439581.11006726511],[528574.90808106051,439419.90636732616],[528304.43782530772,438740.73318915907],[528326.9675899588,438732.67648723535],[528330.83156487637,438730.58836404048],[528335.1773656233,438727.91989454441],[528339.03653410659,438725.24111286551],[528344.85383194871,438719.65429565962],[528349.55352170195,438713.51257549971],[528353.46245238639,438706.95847429987],[528357.45733318629,438698.19050050993],[528361.63560532837,438685.14033122361],[528366.66768671456,438665.20361775253],[528368.79474121984,438655.32749306411],[528370.69427894661,438650.10113611538],[528373.65576253785,438645.75034272391],[528379.75941718696,438638.57120745629],[528393.31798337842,438626.83621769398],[528404.79998645524,438618.40923508815],[528412.16399390483,438614.38059360068],[528420.69293013494,438610.70663302392],[528426.58316666388,438608.73141997401],[528435.97971465986,438605.52824850008],[528441.70568321832,438602.53533794358],[528448.7029289339,438597.98266549129],[528453.64950764505,438593.41025989875],[528457.88014749042,438587.96423922852],[528459.80695764325,438584.30311356019],[528462.89505043661,438578.00682002772],[528465.31646389933,438572.52606097981],[528469.69404527708,438558.17458617687],[528472.97472488659,438539.60585298482],[528477.29563017737,438507.91808121651],[528478.63717204961,438503.1759785926],[528481.30701364577,438499.36214927398],[528500.80944394111,438481.46098218858],[528522.24061603402,438465.9466184387],[528533.97898854257,438453.99666175619],[528557.19522215414,438416.120715959],[528592.45339845505,438360.15895492025],[528594.81696473539,438353.06951552257],[528600.15223865758,438317.99508024566],[528603.79126619105,438304.38447894342],[528659.57413340639,438166.90281812381],[528698.59620579821,438094.84854958206],[528746.98435046338,438026.99193873256],[528807.3986704417,437945.69779406302],[528854.76549986203,437881.95880769379],[528864.91904658522,437868.65838588588],[528868.40284860204,437865.27261538617],[528872.33770772989,437862.16687450744],[528905.08002119907,437841.92067582998],[528912.99110402842,437836.98331572115],[528919.13628228637,437832.87427073903],[528934.71769155969,437822.34327409975],[528942.41724025807,437819.45511361398],[528955.9893217975,437816.4338198211],[528971.83513018372,437811.88098771218],[528977.47013060411,437806.73011054844],[528983.20656958374,437804.38395484164],[528986.31834397954,437804.2569173472],[528992.39926392201,437804.00869664177],[529000.32857121399,437803.6850493392],[529008.60596888675,437803.40599506255],[529015.91088303621,437802.89363961201],[529028.33027790242,437802.18010079022],[529040.21048545651,437804.37081419211],[529042.5031855132,437805.94863509201],[529045.29800996545,437807.8720427081],[529046.44461321039,437808.66119951196],[529048.52741729119,437809.54484396987],[529050.78542310197,437809.88313060626],[529053.19754859316,437809.90220479947],[529081.39361853094,437807.34026107565],[529107.32807765622,437805.03690020647],[529129.78419290041,437803.0424933508],[529169.57253152563,437792.55935847107],[529199.36366894864,437792.26937120222],[529215.00325739093,437792.42627130356],[529218.01718150545,437792.71361312084],[529267.20645069366,437798.48396637104],[529275.39005100308,437798.87847055029],[529352.91085170687,437799.86263804883],[529356.32893781934,437726.20007077884],[529351.40481982182,437677.38268685807]]]},"properties":{"OBJECTID_12":1951,"NAME":"Radogoszcz","NR_OKR_JP":2,"SHAPE.AREA":5868809.3643371901,"SHAPE.LEN":10876.638540472801}},{"type":"Feature","id":1952,"geometry":{"type":"Polygon","coordinates":[[[530078.52237745398,431167.08165011089],[530079.1282812492,431166.43215411529],[530156.84402195993,431140.53029927891],[530165.00657725253,431154.21958537307],[530231.26971182437,431125.91066680662],[530315.18244171969,431090.93012659624],[530385.18297159905,431050.97110852879],[530506.74444559647,430997.88456021249],[530525.17578390148,431014.88087166939],[530549.74821444659,430973.19049835764],[530570.21246762446,430947.96154447738],[530603.41284612683,430915.57877657842],[530704.8531946335,430928.23327975441],[530843.2757717279,430948.59577713907],[531103.20951570652,430984.54166865349],[531103.58675647958,430976.43338999059],[531144.87521060044,430982.28130793571],[531173.61323295184,430986.22839190066],[531174.5670802847,431014.73104053829],[531238.26600628253,431023.46171130892],[531240.16004046821,431007.07633506693],[531246.8891033805,431004.66148329899],[531332.8354951787,431016.43504308909],[531459.55373724352,431035.09892696422],[531525.22469810897,431044.07238478586],[531527.56374679215,431046.55470838677],[531526.50824046368,431052.66526642069],[531539.08877489506,431054.49552905001],[531538.6345948847,431059.75398542173],[531539.22533853841,431059.83582986612],[531538.19338503631,431066.93553017359],[531537.602640011,431066.85358581971],[531535.78126411093,431080.51980185416],[531543.34130504099,431081.60540635418],[531538.538892376,431115.46955488622],[531536.71655199095,431128.33629719913],[531531.65896917612,431127.64901201054],[531528.60661870614,431147.60198046919],[531529.29769039969,431147.71243029088],[531528.26532566152,431154.78205584455],[531527.5459224357,431154.79191746842],[531525.50264645671,431171.51681569405],[531530.46239273262,431172.34994896408],[531521.23948337464,431236.08677171264],[531510.45750049292,431313.03480804525],[531504.90853492531,431312.2675160747],[531498.46313784411,431356.54552629683],[531488.43059564405,431428.14311991539],[531493.60832229012,431429.13076188788],[531492.44716063561,431437.14934653044],[531490.92109934113,431447.68782032933],[531487.87427528622,431468.72841874696],[531482.90865407162,431503.0201389119],[531467.90334660059,431525.98124642111],[531460.26924407459,431579.44577646255],[531451.81262474181,431638.17001772951],[531449.48344361084,431637.87295918912],[531446.47697852575,431652.48233127221],[531457.59980885021,431654.28029852733],[531452.49002371042,431692.46720180288],[531448.34925427963,431721.74122922495],[531440.86104530166,431774.01532627083],[531428.70029791084,431858.10601860564],[531433.33378593542,431860.69089851249],[531422.34728674486,431929.90272715781],[531416.44720157643,431971.23695891816],[531415.6365552448,431979.77550402936],[531412.14921192639,432001.04060771316],[531406.96903736296,432039.23797659948],[531402.0347812348,432052.54713202827],[531389.54772587644,432137.55222709384],[531393.30993116018,432138.1731170956],[531364.68228579138,432334.35805798508],[531328.5491084985,432585.16657117661],[531324.07460286084,432614.21513566747],[531317.80783226807,432651.95831556153],[531316.96689692663,432652.10595802683],[531316.36885430082,432656.10569871031],[531317.10978617833,432656.29571176693],[531313.9131013155,432677.02298092842],[531315.86795540072,432677.30777888093],[531315.53771628649,432679.54177744128],[531315.87473271519,432680.10539245699],[531315.56430165935,432682.20970240142],[531315.15847713477,432682.49508713651],[531313.94565585547,432688.58871998824],[531312.04017316084,432688.30414457992],[531307.58055609826,432720.19488460664],[531309.84361553483,432720.52362582739],[531304.79600782483,432755.99543763697],[531282.49767946696,432912.6956166178],[531268.35006530699,432932.61695045698],[531269.18292005442,432953.27228441276],[531271.40605842392,432957.24923408683],[531272.44307914772,432962.91147692688],[531272.85812660342,432966.94309835602],[531272.56989611825,432970.26562320907],[531271.81233600096,432975.92558900546],[531272.10270156863,432975.9876654204],[531270.44052526413,432987.4132469371],[531270.28747108008,432987.39485862013],[531269.95525549701,432989.64497435093],[531271.67377932963,432989.89463626128],[531268.56759850017,433012.62268507574],[531268.74772475695,433012.64030245412],[531267.49881565943,433021.4151131697],[531266.76967501733,433026.53843314759],[531266.95346843684,433026.58298294432],[531266.8225197593,433027.47710646503],[531266.63906509359,433027.48641749937],[531266.45968538988,433028.71129349712],[531266.63981027703,433028.72881095298],[531266.17257456551,433032.55277044233],[531265.92209666874,433032.50623683166],[531264.78565972601,433040.68658554181],[531264.98072168359,433040.71479120478],[531263.67828225135,433049.61605544016],[531263.53872373025,433049.59798177425],[531262.80155490013,433054.87191544101],[531261.28436227597,433065.72717377078],[531250.95455943432,433140.54244834557],[531250.664192467,433140.48027209286],[531250.30858484784,433142.97035514936],[531250.59768732905,433143.04963778611],[531250.44375033898,433144.10387414973],[531250.09147803939,433144.11130263843],[531249.73989614088,433146.51598520391],[531249.79768397519,433146.52508650906],[531249.79523144267,433146.54300867021],[531250.09382440615,433146.60017527081],[531249.93339747703,433147.69857237395],[531249.57906499633,433147.68694134802],[531249.22675364523,433150.09673065227],[531249.57861123723,433150.19753847551],[531249.43180334428,433151.20320815779],[531249.09153825988,433151.16070391331],[531248.72836017632,433153.64529437385],[531249.07674641884,433153.72616260312],[531248.93048323458,433154.72782737855],[531247.45849207905,433154.49207453895],[531247.50059929991,433154.14471944328],[531244.24483753101,433153.71116711665],[531241.95154489949,433169.16552678403],[531239.44628098421,433186.04787968565],[531244.15171496919,433188.16516280081],[531243.22404441156,433194.98971678782],[531241.5985528233,433206.94765510783],[531239.89199664898,433219.50202347897],[531238.67201300024,433228.47661026288],[531237.70712188643,433235.63316229638],[531237.54451810697,433235.61800299492],[531237.10834169341,433238.60947027709],[531235.24137276132,433237.66449141875],[531234.92449763662,433239.82345539797],[531234.02140816906,433245.97720224783],[531234.24163557298,433246.00406342652],[531232.91229521541,433254.88920810446],[531228.74219188211,433285.87396607641],[531209.6610075928,433284.89639503788],[531213.77011314721,433298.87106054276],[531213.68799688248,433299.44182144385],[531213.2198198816,433299.39247667696],[531210.53423581959,433317.90456075314],[531221.17931157572,433319.56614006963],[531220.28791029099,433326.64513388555],[531220.55919850024,433327.32747438177],[531220.17325407383,433329.94459253084],[531219.83792536531,433330.37871520501],[531218.47684164264,433339.60167937074],[531223.07208984345,433340.38103060611],[531222.41757333663,433344.6493754955],[531221.09230605687,433352.88398164231],[531219.45793018502,433364.30308816489],[531217.44727233134,433378.35157252382],[531216.00724394352,433388.41298271529],[531216.17737714318,433388.43063706625],[531215.61926059425,433392.18598815426],[531215.47910117707,433392.16782287322],[531214.66368538747,433397.56565169897],[531214.56363121246,433397.55703003239],[531214.34536450659,433398.30724401679],[531214.10508157965,433400.07560760155],[531213.2898134276,433406.0745492084],[531207.98343262495,433444.91506583057],[531203.35300663568,433477.62513714656],[531196.63779441023,433525.06287637912],[531191.51038660598,433560.45464971103],[531186.19427000196,433597.14867852442],[531183.21128814749,433618.27736903541],[531179.96681783884,433641.78512323368],[531178.46356015711,433642.93511263095],[531175.57118929503,433655.01695735287],[531177.65826506948,433657.81652654149],[531177.12773118913,433661.35313988198],[531175.86429977731,433669.83344163187],[531176.05111672531,433669.87255323585],[531175.28827528551,433675.19790795166],[531175.08802990185,433675.17067299038],[531173.95685910562,433683.06393619347],[531173.34594305023,433687.32688710839],[531173.51367962977,433687.34467417654],[531172.74008057138,433692.70175622124],[531172.55981725198,433692.67414732836],[531171.39529198746,433700.95541964751],[531169.68379828695,433713.02506962698],[531169.0245971235,433717.63665974792],[531168.53390686621,433717.56343951542],[531167.64292989776,433724.40338207316],[531165.68574683357,433739.428509661],[531165.75582586951,433739.43754230347],[531165.56146468141,433740.80143526569],[531165.42763787438,433741.74066972174],[531165.59776973014,433741.7582240561],[531165.39588536171,433743.27312349156],[531164.52845035004,433749.78195526917],[531163.92215955083,433754.3311594585],[531163.47090352396,433757.41067807749],[531162.86234237719,433761.48821565416],[531162.48504198587,433764.00677894522],[531162.67543130182,433764.04404268786],[531162.12744580989,433767.809249226],[531161.93732884317,433767.76998303086],[531161.41745608277,433771.46454909723],[531160.34109252063,433779.11301753204],[531159.12322468031,433787.76758298185],[531159.27337447286,433787.78551124316],[531158.24761215271,433794.7805041289],[531157.71974212537,433798.38014080469],[531157.58943738579,433798.35184688773],[531157.06320629432,433801.99083586782],[531155.90367472835,433810.00940846931],[531155.31773352984,433813.98739956878],[531154.4635563785,433819.77950889058],[531153.89822355099,433823.61330962554],[531153.33985282737,433827.40094441548],[531152.54577523458,433832.79498418234],[531151.89861405257,433837.19134729914],[531151.0460303172,433842.98303510156],[531151.24641272938,433843.02026172448],[531150.71114812815,433846.25553341303],[531148.43701994931,433847.30606454611],[531148.94861256285,433860.32370422967],[531146.56606178812,433876.20562056731],[531143.67164554959,433895.52056105901],[531143.90200312401,433895.55737662502],[531143.61051242903,433897.54860053118],[531141.69179941388,433910.65633005183],[531139.56163572264,433925.20803594962],[531137.71918477002,433924.94338675868],[531136.6788888874,433932.37969687022],[531133.82094904385,433952.80952322204],[531130.98423173465,433972.06131332647],[531130.1931501216,433977.35307795275],[531129.12691320956,433993.63247872237],[531128.39995730552,434004.73014383297],[531127.76461465319,434009.29593664128],[531126.65248726588,434017.2876768671],[531124.29865261586,434034.23581745941],[531121.83210942871,434052.06713894662],[531119.99402458232,434065.35534758121],[531118.00328514026,434079.74744380452],[531116.14619807992,434093.17302536964],[531114.67207459966,434103.3562292615],[531113.22423236631,434112.97813217156],[531110.90576442075,434128.13983277325],[531109.16919683281,434139.32779441401],[531106.97621614928,434139.00819100905],[531105.33818524168,434150.40746528003],[531103.19811170024,434165.30009072181],[531101.72137514513,434175.5768709667],[531103.98740271793,434175.93244885001],[531102.96203633433,434183.02157748118],[531101.09322240134,434195.94164454658],[531098.47510025557,434213.32253609225],[531095.835670745,434230.73829784989],[531094.57685051346,434239.04415073432],[531092.70969241718,434238.78513791598],[531091.48232582782,434246.91417252272],[531089.17793322843,434262.17651671171],[531086.373877718,434280.74859731272],[531085.21998747438,434288.39103556518],[531087.21327096561,434288.7233705502],[531086.076603672,434297.39581267349],[531085.17687786999,434304.26046151668],[531083.1091615801,434305.78785666544],[531080.46343267616,434305.38531967159],[531071.99984097586,434304.08719006926],[531062.66360604926,434302.67230976652],[531049.36819435819,434300.6589412326],[531033.57653942285,434298.27086644247],[531015.99167244742,434295.60877374094],[530987.07719456824,434291.28031461686],[530918.71430317301,434281.48097443581],[530897.46500385692,434276.79476034269],[530894.75352039561,434293.32138636243],[530896.66827593709,434295.94353296328],[530890.81568953162,434338.60922642425],[530876.30217031005,434446.12674942426],[530877.50816658104,434446.61998448242],[530873.13320021052,434476.66078713723],[530872.20114110643,434476.51097318623],[530871.03106213012,434482.96549732424],[530870.44192843977,434482.98656819854],[530868.40679061261,434482.53178645391],[530866.98304408439,434482.92107453942],[530865.97882387834,434484.02414873056],[530859.81859532965,434493.92234557122],[530861.01372976194,434498.2509742314],[530868.59974912216,434525.75146939792],[530863.27589948801,434562.52608346008],[530859.29007152922,434590.05875353701],[530854.35895357095,434624.12101591285],[530850.13787145866,434653.27817531768],[530846.67691742978,434677.80896567926],[530841.51021406613,434716.18220295943],[530837.02125704987,434751.09245709423],[530825.79583213897,434749.40108531527],[530801.47959706199,434745.80857431609],[530783.37588045967,434743.13392176945],[530773.52573936793,434741.6367524825],[530757.00513351487,434739.16794305574],[530743.69655741821,434737.17904802877],[530729.8974079974,434735.11823100597],[530712.14034755668,434732.44941687956],[530685.78077295376,434728.46759392507],[530664.94676943426,434725.36078406963],[530649.99031743582,434723.12935709208],[530635.68450735335,434720.98964265175],[530620.38499525865,434718.70145950094],[530599.97776448645,434715.64915747382],[530598.00762405735,434716.27579252329],[530592.96438456269,434706.33136175387],[530583.12425233168,434704.90111110732],[530577.77255437907,434704.0979652768],[530577.06530438771,434705.44590847194],[530587.89919822675,434720.21139121521],[530585.04675022687,434721.67080133595],[530581.53485324781,434723.46754519921],[530577.01319178252,434725.78091545589],[530571.43985536555,434728.61548433453],[530567.75098254008,434730.47861442715],[530565.69291530619,434729.72194103058],[530560.95765924535,434727.95954964124],[530555.30886565999,434725.90408203937],[530551.26351628429,434724.38566703908],[530547.17653666693,434722.84853527509],[530535.90212001163,434718.61995710712],[530528.71379314782,434715.92192707676],[530520.58331579762,434712.87025214266],[530513.26208839985,434710.12227768078],[530509.29207960994,434708.63221044187],[530507.02173708309,434707.78001100011],[530504.87034722615,434706.68943164311],[530500.88881825819,434704.51965716388],[530492.64480067417,434699.89304725826],[530488.5516962671,434697.59598522075],[530483.85080050386,434694.95788185485],[530475.15388650075,434690.07724913396],[530471.99446654017,434688.28894884046],[530470.20067545702,434687.21495149005],[530465.46125885518,434684.36221383139],[530455.77235206519,434678.51771007199],[530450.12733378459,434675.11255288962],[530442.26558258466,434670.37017044518],[530435.1388463903,434666.0712178899],[530425.67374376918,434660.26661679707],[530414.33031823882,434653.017414934],[530394.88572832325,434640.59109292272],[530370.44217382243,434625.02687547635],[530354.86323147395,434615.01406164002],[530330.57818530709,434599.49433844909],[530317.84987669066,434591.41676797438],[530302.43901085632,434581.84736244101],[530261.56232677796,434556.46492029168],[530263.68479895277,434548.99027212709],[529951.32015809207,434396.31191300973],[529683.98727153149,434292.42462409474],[529559.34334688564,434243.98719928972],[529485.30446453183,434219.87154204492],[529352.71462307114,434176.68496885896],[529168.2577064326,434130.65559551585],[529009.61978329194,434091.04632152803],[529104.96119425062,433873.54537560977],[529291.06631163112,433448.98685158882],[529378.70298620604,433249.0632207999],[529507.18040083721,432965.47569375765],[529654.97235894145,432643.19570646156],[529751.1770593219,432433.40867894609],[529831.98893005401,432257.188055031],[529881.69671438145,432113.79990819376],[529948.79375153477,431791.78734141309],[530008.16885295708,431506.83479964174],[530055.07028672076,431281.89067392517],[530078.52237745398,431167.08165011089]]]},"properties":{"OBJECTID_12":1952,"NAME":"Stare Polesie","NR_OKR_JP":22,"SHAPE.AREA":5864992.6780144097,"SHAPE.LEN":10873.8448101375}},{"type":"Feature","id":1953,"geometry":{"type":"Polygon","coordinates":[[[534710.49435090204,443777.37377883308],[534700.29736259498,443798.9499279391],[534525.3583295024,443718.00559949502],[534408.51548671676,443664.2655213261],[534329.43534903065,443627.05596152879],[534182.20949391369,443561.48088696972],[534096.11419866467,443523.56812600419],[533984.77120996686,443473.71990167815],[533955.84495804703,443520.67700372543],[533901.0037761865,443609.73298462294],[533829.58507398295,443726.57881271932],[533810.69190014619,443757.48844674882],[533753.27036602597,443751.7710085921],[533562.8144757899,443655.789387987],[533374.34917318705,443558.49120503757],[533274.15148607979,443505.92156062555],[533123.35345036886,443427.66356549878],[533008.17294192989,443369.09356437437],[532992.99189660687,443361.02730502281],[532780.24696867226,443251.71019714046],[532750.50529277383,443234.9095720984],[532737.46221245383,443227.52349830791],[532613.46566863556,443163.73787820432],[532467.36851995252,443089.4126008926],[532429.7114020125,443069.66258820239],[532372.74040950718,443043.63192263804],[532173.72956542426,442935.2653068183],[531968.31435222214,442829.92464962881],[531859.45023625076,442776.49434967339],[531809.23316468799,442749.61140047573],[531776.70228100149,442733.46861344576],[531726.09579199529,442710.97818945814],[531692.02432471479,442696.90523299575],[531620.10204958764,442659.16737795342],[531548.21956676687,442615.59270763956],[531496.02913924807,442592.01471861266],[531478.1387823777,442583.14614748675],[531395.65880385961,442602.59664994851],[531314.18596238946,442623.34249350894],[531103.0293358186,442673.44092916604],[530934.0653516216,442713.32635680493],[530838.26275591028,442737.06715383474],[530667.15560556063,442774.44365891069],[530664.21627582191,442775.08362582792],[530658.43626393157,442751.51809007768],[530661.98846289306,442725.63584399503],[530662.36914005387,442722.06289932597],[530662.68289272441,442718.71073280089],[530665.92980209447,442695.34107419755],[530674.9693526543,442625.84134210739],[530677.1144213099,442606.65414542146],[530674.02996425738,442601.09007189237],[530676.21360519249,442600.00077345967],[530687.0628278103,442594.62518363446],[530726.37273117655,442574.60801599361],[530770.99865350302,442550.18065005913],[530807.46717858594,442529.20313179214],[530813.8739432554,442524.8978817286],[530825.4277549386,442518.43331276812],[530847.85157237854,442505.92330026999],[530872.2524743441,442491.83713973779],[530874.97194365284,442489.74112595245],[530876.69529982226,442489.33771197218],[530882.44715736166,442486.10077517666],[530892.92775979161,442480.08066495322],[530936.65002906055,442455.34592198581],[530970.39592337701,442436.23461889569],[530974.01064902055,442433.10696868692],[530977.51319643983,442431.99956657365],[530997.80634583905,442420.79798976704],[531000.15692326461,442418.03746907506],[531002.2817310245,442417.75846145488],[531040.79891895165,442395.32375172712],[531107.08775546029,442358.28692545742],[531123.55964221957,442350.45568401273],[531144.35523358593,442338.72754833475],[531169.32853526168,442324.84340980742],[531205.36154292594,442304.90123823006],[531211.92954385397,442300.69371613674],[531239.5720995462,442285.42380407359],[531263.77566590102,442272.97932078876],[531266.68058069097,442265.46423268039],[531281.32264258654,442224.79915828723],[531282.47571574931,442217.06827144418],[531283.72426224314,442211.92441635951],[531287.73003651341,442194.33066296391],[531288.97458522115,442188.16751571931],[531290.07762461412,442182.61592052598],[531293.16561524582,442168.05283268541],[531296.33356656774,442159.31491577439],[531294.51220824919,442154.76284854673],[531297.17815218342,442152.40773893055],[531298.59865660348,442148.87049318943],[531301.46863967041,442140.26658336818],[531304.0095819683,442131.71715826076],[531306.39071821072,442125.35852502193],[531312.99133846804,442103.14209260978],[531314.7631933993,442094.62321199011],[531314.99587747315,442089.73314817157],[531321.01313917362,442067.24490325525],[531326.36968909495,442058.50692626927],[531326.53854223399,442051.87885258161],[531328.78690674587,442045.31217685342],[531329.01833653031,442039.6026553167],[531331.26650815189,442035.93412590399],[531336.05726930406,442023.83607295901],[531334.72440902551,442019.19735152181],[531339.83798357984,442009.50332493242],[531340.01067748142,442003.15501946397],[531341.76680677768,442000.04289216083],[531342.08632342226,441997.11038201209],[531345.78546817251,441992.85230107605],[531342.6268063914,441986.24991528597],[531342.51227025699,441982.27403530851],[531350.44529670454,441977.76796016842],[531344.9578998487,441971.87710415386],[531341.77279309893,441969.1725846054],[531341.3236537684,441967.03012601286],[531339.76753171463,441966.51183161791],[531331.96656697884,441965.34972358309],[531310.91409752495,441963.46009309683],[531294.54045172967,441935.49290060159],[531294.17206911929,441933.40929491818],[531284.53235735581,441912.59502852429],[531269.73243229382,441863.1299867779],[531307.19757586264,441844.13756841235],[531309.00574197154,441841.90416387655],[531371.60262424161,441806.73692757916],[531390.50030918256,441808.9059801111],[531392.1009236814,441809.75345287379],[531397.42342720716,441802.17520399392],[531397.50366914109,441793.45968571678],[531401.3341758477,441787.85066777747],[531399.40732057544,441784.34937609546],[531406.19878069242,441773.12328879349],[531415.79764259199,441731.98780586384],[531420.44141354528,441720.10164041724],[531422.36673741601,441717.66675665323],[531423.60313710978,441703.62876952067],[531426.34791875875,441701.19263159949],[531428.91162866307,441684.10836626589],[531437.81146128057,441677.23053675517],[531436.17418569466,441662.06274298765],[531434.99116635544,441661.05963409599],[531439.72592145472,441647.79310447909],[531446.5385850044,441646.12060671393],[531442.47685317683,441639.98032756988],[531443.27767736383,441634.25299842004],[531443.63871085434,441632.88891382236],[531438.49403560453,441631.58041236084],[531438.86464938615,441630.18621546961],[531449.68159626273,441615.90679887403],[531451.20971902658,441608.56051808968],[531454.67294431699,441606.04456436913],[531453.67108402087,441587.66010495368],[531458.22405362269,441588.81683081482],[531458.48011552833,441587.81395655777],[531459.46102579893,441580.64507798944],[531453.16248164652,441568.07963722665],[531450.93463653512,441533.91212949809],[531445.65113385266,441521.03294811305],[531447.60831357201,441512.1817390481],[531445.33127965801,441506.46667482611],[531446.58163445012,441502.18224732298],[531443.43400907447,441498.56779407524],[531442.46136370779,441487.40830343869],[531443.96190294053,441477.32415614836],[531441.11530239508,441470.15784430504],[531441.52739196829,441468.8730078144],[531440.80463782151,441451.16428158339],[531439.60680754518,441438.88859882485],[531437.21363537456,441430.5368188573],[531438.00082612794,441416.53497929405],[531436.09738540289,441408.18647104502],[531436.3676125037,441404.57507374231],[531432.15344165289,441389.51260352135],[531435.30571057112,441382.54377501924],[531433.9070088272,441372.37949794345],[531432.89792495267,441365.11800975632],[531432.81810956588,441359.30283210054],[531432.01417042001,441345.87247917242],[531430.08829820564,441338.07392633054],[531432.65752160514,441332.31233215146],[531429.56896631035,441326.44850797765],[531430.16833303683,441321.33355367836],[531428.84989754623,441318.47349378467],[531424.87449234689,441300.41966033354],[531412.18548117962,441246.01878819615],[531405.4793074507,441216.8595734667],[531404.6727659161,441203.23937720899],[531403.06302205636,441203.91105487943],[531384.74893104134,441210.76818513405],[531376.37019532663,441203.18811415043],[531308.82184950146,441200.15775594302],[531305.36197292106,441200.00537104905],[531297.04774849326,441199.31000293046],[531296.34107936523,441199.51957399119],[531235.44432844594,441196.18805545289],[531116.69910969527,441179.3496656809],[531071.64995481458,441172.9424644094],[531012.24730837252,441144.49649615213],[530937.2419016005,441108.56959307939],[530920.07843713916,441103.14877965581],[530854.83403942734,441090.32303132396],[530780.58115546301,441075.73212828673],[530728.67099334195,441066.0212540552],[530693.78367072507,441059.49455688894],[530660.11876522179,441053.20092168264],[530624.77072217339,441046.60059728473],[530620.84313123568,441045.86500747316],[530615.22227567679,441044.8128746096],[530584.78361619916,441039.1245427588],[530518.79652298335,441026.79865917191],[530498.88823942526,441023.08444431704],[530423.35831003822,441009.38049404789],[530384.02559038659,441002.25522285327],[530373.69641372503,441000.37827775814],[530362.88653667318,440998.42798114754],[530356.23419905989,440997.22011263203],[530351.51479114429,440996.31550448667],[530340.71353410149,440994.26515326276],[530294.41228188912,440985.46665084083],[530206.56941731717,440968.79368521459],[530201.45909639762,440967.80449916236],[530108.68259412423,440949.91006331891],[530098.46195062692,440947.93169051502],[530093.47318892716,440931.770522248],[530077.02712647861,440886.87504712213],[530059.70926107839,440839.62304679677],[530059.25953883398,440835.98154789116],[530058.78750191408,440832.17046370637],[530049.03132761898,440752.62523273472],[530046.78495064459,440752.0564454617],[530012.16758684558,440743.35740043223],[529983.55707616685,440736.16490047611],[529965.42605335393,440731.60680344794],[529940.83690086578,440725.42842973862],[529912.73802264861,440718.37881051097],[529886.79353160714,440716.84608367737],[529864.45265084226,440715.25590507593],[529885.65321341041,440697.24025567621],[529911.38362329605,440675.37535627559],[529929.97154209029,440659.57987179141],[529953.17021214741,440639.86637039948],[530007.28140937351,440593.88442416023],[530079.56325709354,440532.4615136385],[530110.23178432765,440506.4002948124],[530214.51218583528,440417.78615303431],[530281.13399108744,440361.17303842492],[530361.5498134318,440292.83820324298],[530435.26273499837,440230.19939138647],[530510.52873612521,440166.2407118259],[530588.34395781078,440100.11582774576],[530635.70235242997,440059.87223903183],[530676.88090967212,440024.88005866203],[530739.56071732438,439971.61672001239],[530777.4889794935,439939.38661696576],[530804.26712911064,439916.45287985913],[530836.12578389165,439887.95943850465],[530868.72862345318,439856.46280310769],[530896.13303421566,439828.02079871669],[530914.81164166064,439807.69971794076],[530930.34108342952,439789.55748661794],[530941.32888925215,439776.72112354077],[530966.73561018764,439744.82217009738],[530974.88083498355,439733.82096652128],[530995.87647841882,439704.95144746732],[531014.09115192923,439678.43780862819],[531057.45608320821,439601.60504301731],[531112.87963417964,439503.40709245577],[531234.16660837282,439288.51444942877],[531344.70675797015,439092.66285288241],[531391.24393685954,439010.20972125139],[531456.57742840692,438894.4537741784],[531523.51396323834,438809.40156078618],[531547.77926816593,438782.68313148338],[531599.07243047794,438731.90644478332],[531626.02952955791,438707.90622164775],[531639.40975879738,438696.81412852183],[531735.63004880003,438695.34290115442],[531816.89833951683,438693.82968645729],[532070.22560059489,438690.15454840939],[532415.561178123,438681.9374842532],[532858.87652936624,438672.99945600517],[532963.37710589345,438743.03822588082],[533050.87883433001,438801.47603052389],[533165.86974615254,438877.97556188516],[533207.21088084229,438902.7498938106],[533355.26826940652,439004.09906739928],[533452.50744603202,439065.55584947765],[533488.72118547582,439091.11035439558],[533512.62670701742,439120.09164546989],[533475.7004719188,439152.02568342723],[533481.41298156325,439217.80516217276],[533487.36785764631,439286.37511394545],[533498.08692289889,439409.8030990446],[533507.07168014348,439510.94225712214],[533522.28680291725,439671.20616165362],[533534.85631641967,439820.42570516653],[533551.96731946478,440026.9989198558],[533556.12680401676,440077.21464106347],[533557.75556706183,440096.87750330567],[533627.04090506549,440093.40330712032],[533631.01144445059,440092.63857607078],[533654.53436596098,440088.10787676182],[533697.56202504062,440079.82045831066],[533944.72949743934,440032.21413596906],[534185.27421506192,439987.63513943274],[534372.40145521495,439954.22848512232],[534640.04702747916,439847.9999441104],[534943.99997080071,439672.53372048121],[535113.26675344247,439541.34452609625],[535146.9844017087,439487.71264794189],[535295.42983604199,439591.28785895929],[535503.09711045527,439739.19988964591],[535520.91023499973,439867.07605114765],[535287.20454790862,439901.85434789862],[535327.95486878895,440209.97058344446],[535493.20503779373,441459.42536454741],[535120.18870593805,441833.29258443043],[534688.27723934012,441324.91289958451],[534569.55561014242,441377.34767810814],[534466.56665772793,441448.67349591386],[534493.15612276271,441605.65210569929],[534524.09584963485,441767.8168017976],[534543.20222918771,441881.10469115153],[534559.55600550456,441999.88183585275],[534582.27810011676,442164.9115205938],[534585.42756105587,442187.78588251863],[534603.91007673822,442297.59046906419],[534656.9708474963,442607.06176327169],[534683.87960963428,442764.00401803385],[534868.0234895834,442706.79946812987],[535005.56628510088,442647.23101853672],[535275.33886738401,442626.32440683246],[535168.16458573309,442865.10541480035],[535058.3546320278,443050.46597150434],[534957.4050834087,443264.70350594167],[534838.18145945342,443516.61431155913],[534710.49435090204,443777.37377883308]]]},"properties":{"OBJECTID_12":1953,"NAME":"Łagiewniki","NR_OKR_JP":3,"SHAPE.AREA":16842241.002341598,"SHAPE.LEN":22992.486657659101}},{"type":"Feature","id":1954,"geometry":{"type":"Polygon","coordinates":[[[530434.72696875723,437397.00647520833],[530124.41277706996,437396.44603052363],[530023.04658481164,437409.3084064154],[529658.53779941925,437604.31464196369],[529455.70404233423,437681.42680998519],[529419.41285678593,437686.39304194693],[529351.40481982182,437677.38268685807],[529351.39823352324,437677.31781862397],[529339.82543235121,437564.96260621864],[529299.40698196425,437318.38161826786],[529273.02665537572,437169.67232386861],[529171.78246694582,436573.18686836865],[529056.1402894113,436276.4319999991],[529026.83143363416,436089.35144252703],[529057.86220405123,435218.74797242787],[529066.32212430378,434981.4023868721],[529066.21634679905,434981.37725448981],[529066.26771821547,434981.29740038607],[529096.09576384944,434988.30379972793],[529105.7690354978,434980.97572062816],[529128.46722332819,434989.20638393331],[529157.02141966007,434999.56052995473],[529175.63361816038,435004.89161275513],[529239.78198243026,435023.26547685545],[529319.78605654265,435046.18084834144],[529415.05531822005,435073.55807807762],[529440.33189668297,435074.69467307441],[529443.80255199689,435075.58867378812],[529473.70065187279,435082.49426618963],[529520.26667390612,435090.67180570122],[529549.91215218615,435095.83737316821],[529563.68839599902,435101.30482791271],[529570.19837809459,435102.33483147994],[529585.19561948918,435096.27288520057],[529614.25845003524,435094.54394659959],[529669.08437646041,435091.24375280552],[529736.20866643812,435087.24532944337],[529777.06188290939,435084.84011871554],[529802.79905971291,435083.3248838475],[529802.28637593728,435086.0201990474],[529824.48199228046,435087.25061367918],[529824.49017004599,435082.95744219236],[529837.75342025678,435082.87128003407],[529840.61711090396,435084.73079324514],[529851.87630664522,435085.19598152395],[529889.31868635397,435082.88501932286],[529930.56506055116,435080.23347100429],[530053.53857425705,435054.66798400227],[530133.08094429353,435028.84239372425],[530164.86677375727,435021.84985381365],[530210.3768363304,435012.29271138739],[530208.79663864733,434997.81315013766],[530209.34470688808,434987.45254980773],[530210.55701024295,434964.53365948889],[530213.69590100076,434911.89262470603],[530218.77519992157,434851.21719689202],[530223.63535979693,434813.98529508244],[530234.54803249415,434716.34904081095],[530240.23571501148,434670.47770716157],[530242.54623174795,434651.8439099174],[530245.14871849283,434629.17708387878],[530250.35523350711,434600.24992518965],[530257.43636284326,434570.99565159809],[530261.56232677796,434556.46492029168],[530302.43901085632,434581.84736244101],[530317.84987669066,434591.41676797438],[530330.57818530709,434599.49433844909],[530354.86323147395,434615.01406164002],[530370.44217382243,434625.02687547635],[530394.88572832325,434640.59109292272],[530414.33031823882,434653.017414934],[530425.67374376918,434660.26661679707],[530435.1388463903,434666.0712178899],[530442.26558258466,434670.37017044518],[530450.12733378459,434675.11255288962],[530455.77235206519,434678.51771007199],[530465.46125885518,434684.36221383139],[530470.20067545702,434687.21495149005],[530471.99446654017,434688.28894884046],[530475.15388650075,434690.07724913396],[530483.85080050386,434694.95788185485],[530488.5516962671,434697.59598522075],[530492.64480067417,434699.89304725826],[530500.88881825819,434704.51965716388],[530504.87034722615,434706.68943164311],[530507.02173708309,434707.78001100011],[530509.29207960994,434708.63221044187],[530513.26208839985,434710.12227768078],[530520.58331579762,434712.87025214266],[530528.71379314782,434715.92192707676],[530535.90212001163,434718.61995710712],[530547.17653666693,434722.84853527509],[530551.26351628429,434724.38566703908],[530555.30886565999,434725.90408203937],[530560.95765924535,434727.95954964124],[530565.69291530619,434729.72194103058],[530567.75098254008,434730.47861442715],[530571.43985536555,434728.61548433453],[530577.01319178252,434725.78091545589],[530581.53485324781,434723.46754519921],[530585.04675022687,434721.67080133595],[530587.89919822675,434720.21139121521],[530577.06530438771,434705.44590847194],[530577.77255437907,434704.0979652768],[530583.12425233168,434704.90111110732],[530592.96438456269,434706.33136175387],[530598.00762405735,434716.27579252329],[530599.97776448645,434715.64915747382],[530620.38499525865,434718.70145950094],[530635.68450735335,434720.98964265175],[530649.99031743582,434723.12935709208],[530664.94676943426,434725.36078406963],[530685.78077295376,434728.46759392507],[530712.14034755668,434732.44941687956],[530729.8974079974,434735.11823100597],[530743.69655741821,434737.17904802877],[530757.00513351487,434739.16794305574],[530773.52573936793,434741.6367524825],[530783.37588045967,434743.13392176945],[530801.47959706199,434745.80857431609],[530825.79583213897,434749.40108531527],[530866.1216970688,434755.47700728383],[530920.09915966506,434763.51613132562],[530967.82213816454,434770.594498978],[531023.14659269829,434778.39778625034],[531055.52342814347,434783.2853493141],[531055.47137159272,434783.65772517771],[531062.46210085845,434784.83143973816],[531071.50754813221,434786.35013642628],[531070.96386832173,434788.89126967732],[531085.20991128846,434790.97303784639],[531085.66797760921,434787.93869545404],[531096.42498022609,434789.44661126379],[531112.87019019073,434791.75255653355],[531134.92349241546,434794.8444382837],[531140.23857202614,434799.77663963009],[531144.22397117224,434803.47497859783],[531149.86920716858,434808.65988714341],[531045.67606464727,435342.58537123352],[530970.54830019339,435727.39502074849],[531180.12648252584,435686.58589201421],[531264.04186690692,435687.03410612699],[531276.10216610646,435637.97052531596],[531327.29824593605,435640.05365239829],[531325.11130734382,435718.24655266386],[531325.53605221072,435782.47535883635],[531327.4929408211,435810.0856056558],[531327.49306792382,435845.97889986169],[531327.49321813358,435889.34920182638],[531327.54292365001,435949.65826779045],[531327.92951672827,436065.8937674677],[531356.21630226215,436204.5731423609],[531383.22139451769,436428.19914938603],[531388.69528152794,436491.59747962374],[531400.38906361756,436612.86204342917],[531407.1441202875,436655.67717875075],[531424.65366791119,436780.19532163069],[531431.87942046684,436920.81989506632],[531450.80926008953,437041.12343233917],[531462.84524479054,437106.35310032032],[531534.21834591159,437282.97162258904],[531498.03833415546,437282.52665978391],[531457.07605272264,437276.71768275276],[531375.26932747802,437242.92631935235],[531111.08031588036,437120.79000789672],[530640.2922085115,436902.57057358511],[530556.05929837015,437083.97718633711],[530493.11473854072,437214.35485204775],[530468.63702377444,437275.24412892852],[530434.72696875723,437397.00647520833]]]},"properties":{"OBJECTID_12":1954,"NAME":"Bałuty-Centrum","NR_OKR_JP":6,"SHAPE.AREA":5233334.72073041,"SHAPE.LEN":11040.546427535501}},{"type":"Feature","id":1955,"geometry":{"type":"Polygon","coordinates":[[[527282.3765972557,431699.12451369502],[526918.77874100383,431533.22070462722],[526620.59803038219,431397.16556290817],[526319.59832964744,431186.48166219611],[526247.63466862193,431942.10051051527],[525641.16473487683,431745.84901931323],[525623.64268067898,431732.14253362454],[525573.1228487409,431692.6504737325],[525554.31290448993,431677.93778662942],[525555.30155765801,431665.49208242167],[525557.83108064672,431633.49758377485],[525559.86641504464,431607.73592922091],[525559.24810437544,431602.72757282481],[525555.24763508793,431570.43283769581],[525551.13368910435,431537.15028242022],[525546.82933831355,431502.37128331047],[525542.26627682743,431465.48716154695],[525541.86164486001,431462.2147778729],[525541.5577599823,431459.73051467631],[525541.41156679613,431458.5432695616],[525537.2409564181,431424.77179885935],[525536.65659488318,431420.05279377475],[525530.97107328055,431387.31145215686],[525521.28217458422,431331.53956305515],[525520.30815748742,431300.58246689476],[525520.2449055271,431298.88440650608],[525519.85853163828,431286.73737481609],[525519.76981045271,431283.9103764873],[525519.71655035485,431282.21217912529],[525519.57074087311,431278.1367520038],[525516.79656621593,431189.49076728616],[525549.07290587656,431164.46384748723],[525559.44164792716,431161.93322206382],[525559.24508538435,431160.71668631863],[525558.0008217789,431152.32904907968],[525558.20970314648,431123.8241813872],[525558.42802984361,431095.27920952346],[525558.63664003857,431066.75435829721],[525559.29204345006,430981.14941857103],[525625.88351219113,430996.71620443556],[525626.44816077314,430955.52447238564],[525623.85307143652,430914.20615977235],[525624.37112376397,430849.92964520399],[525634.11178862967,430804.49473556131],[525635.46333420533,430794.4625335047],[525653.70487444685,430720.31916042883],[525658.50596255227,430698.7469342025],[525625.355661168,430690.63673718646],[525602.58221870242,430684.96267473884],[525491.78479700338,430655.26109171007],[525376.56850235641,430624.7106401464],[525343.14799031476,430615.84461766109],[525336.76277221914,430613.63928634766],[525421.40053889318,430173.97314225696],[525529.56325012539,429715.7630200414],[525647.29015544022,429341.58794094343],[526240.97795534809,429643.36501161475],[526795.5141835016,429909.08145137597],[527371.67211266037,430185.46546838898],[527851.80593470705,430415.39056263026],[527475.96169519064,431172.81190919038],[527282.3765972557,431699.12451369502]]]},"properties":{"OBJECTID_12":1955,"NAME":"Retkinia Zachód-Smulsko","NR_OKR_JP":20,"SHAPE.AREA":3780504.03853312,"SHAPE.LEN":9204.6663238146994}},{"type":"Feature","id":1956,"geometry":{"type":"Polygon","coordinates":[[[529831.98893005401,432257.188055031],[529723.18569257017,432247.98116346356],[529497.2450992649,432228.86205026507],[529317.45782778284,432247.46830698941],[529196.67871199583,432259.96785656735],[529073.0513448345,432292.60485131387],[529027.35627592844,432309.85233560391],[528900.55962347332,432357.7115313448],[528690.753734014,432436.90248899255],[528611.35193316883,432466.87251618505],[528491.08310974797,432476.48255889956],[528440.09358402528,432359.72566088382],[528392.4347158341,432248.55659701489],[528354.84356180951,432159.81733648758],[528444.31441644556,432145.13418279495],[528413.8831324809,432071.33899648953],[528370.42881176015,431965.96294296812],[528348.61407818319,431955.12978924252],[528319.37810843275,431940.61128326878],[528269.94479159592,431916.06282103993],[528250.20307797904,431902.9363842709],[528184.3079400697,431859.12228637934],[528163.90219190076,431845.55443549715],[527927.24933761999,431877.24586356245],[527769.28533449839,431898.82019193377],[527719.75132863608,431890.45430701226],[527641.06554119522,431855.42344979104],[527555.7982920272,431817.70767005719],[527401.64138439333,431750.84977556672],[527282.3765972557,431699.12451369502],[527475.96169519064,431172.81190919038],[527850.97366896027,430417.06791184284],[527853.76742906182,430416.1736624511],[528387.74414266495,430669.70175517164],[529113.34866410075,431012.90968379844],[529517.75937770039,431205.91083466168],[529696.36614352302,431239.21735276189],[530078.62886257563,431166.56062243972],[530055.07028672076,431281.89067392517],[530008.16885295708,431506.83479964174],[529948.79375153477,431791.78734141309],[529881.69671438145,432113.79990819376],[529831.98893005401,432257.188055031]]]},"properties":{"OBJECTID_12":1956,"NAME":"Karolew-Retkinia Wschód","NR_OKR_JP":19,"SHAPE.AREA":3222008.0002714698,"SHAPE.LEN":8119.9487378625909}}]}