{"type":"FeatureCollection","crs":{"type":"name","properties":{"name":"EPSG:2180"}},"features":[{"type":"Feature","geometry":{"type":"Polygon","coordinates":[[[630813.860876838,485172.288033568],[630808.950171349,485143.333447326],[630804.649899489,485117.98559166],[630781.833714543,484983.450293226],[630767.850890653,484900.957093595],[630762.526419514,484901.850115714],[630755.916070751,484902.957642172],[630753.248806874,484903.224020354],[630749.420696794,484901.348431229],[630747.828278434,484897.81459897],[630741.674965375,484861.345977922],[630739.972359635,484851.659307878],[630734.065900958,484849.726362019],[630693.883161178,484841.177660439],[630642.323432065,484829.635073058],[630630.946502791,484827.001174969],[630631.553439604,484823.48804264],[630624.837139672,484821.912735688],[630549.357596457,484805.320174721],[630540.819646399,484803.444604039],[630502.769228761,484795.534740581],[630469.175611102,484788.097863314],[630438.066497544,484781.219536798],[630362.232801301,484776.736806425],[630360.161625066,484776.419656295],[630361.338869513,484766.372490453],[630276.927572922,484752.393365429],[630273.403625339,484751.816130579],[630272.954243022,484753.243679084],[630265.99366477,484751.461640883],[630266.297172856,484749.16009676],[630243.783978332,484743.868955492],[630175.91604581,484727.936476432],[630175.632667918,484729.508600876],[630143.610317577,484722.02510393],[629847.629364261,484655.768953513],[629798.871257329,484644.893721856],[629753.997704886,484634.935665811],[629742.351850357,484632.26436167],[629728.658944543,484629.126580401],[629712.301412359,484625.435281533],[629699.233317723,484622.484737483],[629682.543568522,484618.874267866],[629651.616254811,484611.571007788],[629640.399509583,484608.931546688],[629625.954108174,484605.523010144],[629595.85089862,484598.432488305],[629582.905470559,484595.385335342],[629580.53690572,484592.800063563],[629574.254226047,484590.006778642],[629560.383952872,484586.77410944],[629520.660866554,484577.518184297],[629510.546070647,484575.169126023],[629470.893616521,484566.615126922],[629461.718688489,484564.63199391],[629427.210118368,484557.379907968],[629419.743615756,484555.813908446],[629388.537378618,484548.472964395],[629322.900541684,484532.142158207],[629275.382969469,484521.61118628],[629226.647141323,484510.656612768],[629177.889958015,484499.75145138],[629065.673203741,484474.425526102],[628968.310298687,484451.839439036],[628933.011116186,484443.525599288],[628919.310430406,484443.207509161],[628895.230467966,484435.993248945],[628876.273775356,484429.740340512],[628873.65270816,484429.058032923],[628824.447180319,484411.210797003],[628776.650291698,484396.672310192],[628702.365013413,484371.243257625],[628654.589505121,484356.655374686],[628634.341863913,484350.076862622],[628608.018178797,484338.290879834],[628567.917488497,484324.604771841],[628560.254279004,484321.833402194],[628551.871029697,484318.702176301],[628541.20306932,484314.657936406],[628531.636643954,484310.194112753],[628522.921678084,484305.3138039],[628514.906978608,484300.422820945],[628507.536112661,484295.029626406],[628499.615832388,484288.891300229],[628492.285013833,484282.409255615],[628484.18489174,484274.816026097],[628478.557804891,484268.920975861],[628473.569719077,484263.42354406],[628473.102918669,484263.670651825],[628468.728283375,484256.960198786],[628454.65751383,484240.702552867],[628439.884509339,484221.265658732],[628421.115336543,484223.437603797],[628372.244143972,484228.988694618],[628368.572740725,484229.40735891],[628327.345224334,484234.089423551],[628302.067275353,484236.951717506],[628300.519673547,484238.678937576],[628294.221625946,484245.864835723],[628318.276970545,484272.087605458],[628198.751663307,484272.459069679],[628186.268325886,484270.424653606],[628115.431250052,484258.830259232],[628040.182940526,484243.664284432],[627921.572116731,484214.162262835],[627923.669802309,484200.110749087],[627840.990798389,484195.129300144],[627807.518538143,484188.01588394],[627795.602185533,484181.017333558],[627777.174151614,484221.197055723],[627752.326108773,484275.518992013],[627745.142840502,484291.230079168],[627743.549643474,484312.36520109],[627742.020401927,484332.632125227],[627740.666696156,484350.523995835],[627799.09059775,484351.016307748],[627801.89113621,484438.319850661],[627811.705403806,484563.885319961],[627819.317970916,484661.25124282],[627820.051798518,484667.271237493],[627848.016413357,484895.333274322],[627903.750388981,484893.291561167],[627917.576013074,485000.678576245],[627920.960494988,485026.960870629],[627921.418043288,485033.933202919],[627922.595488852,485052.86489674],[627966.096859573,485053.835471266],[627996.627007588,485054.508059341],[627997.526284691,485054.532877882],[628018.952097867,485055.014199075],[628027.546569751,485055.20139422],[628027.660142691,485060.144320867],[628027.702152398,485062.245391941],[628028.995112836,485118.658704621],[628028.992079435,485118.768616277],[628030.864658432,485200.556860454],[628030.882564986,485201.357321028],[628032.55153307,485274.580307133],[628034.211805861,485347.393071825],[628034.553888762,485362.171892624],[628035.003452386,485383.563402241],[628035.776765228,485419.673229498],[628036.538702852,485455.832741017],[628037.373022476,485494.804132602],[628040.407365422,485637.751884023],[628040.686405152,485650.829037201],[628040.695697436,485651.579262202],[628040.712499654,485652.419690703],[628040.767318798,485654.781104712],[628040.920425748,485660.465092204],[628041.051214771,485665.508490571],[628043.80011923,485770.609956319],[628045.392152766,485831.76133542],[628046.994165731,485892.912990987],[628048.794028691,485961.749786708],[628031.388039122,485964.529220759],[628026.426358218,485965.32223248],[628002.662359545,485969.126125707],[627997.379005616,485969.980255692],[627973.148420502,485973.661274306],[627957.887949932,485976.599921981],[627950.520178466,485979.066448269],[627937.52497819,485982.897585051],[627924.886008598,485989.038456648],[627908.506244126,486000.285855488],[627898.771605109,486008.0768231],[627898.279028559,486008.533207308],[627893.987042682,486012.234579911],[627891.190564037,486014.647287154],[627884.056254389,486022.06004613],[627870.714617861,486036.631161145],[627868.29747231,486040.154291434],[627861.639295741,486049.880093502],[627859.264048522,486053.334383021],[627864.763913881,486052.606225952],[627869.061516128,486055.584725448],[627871.709459894,486068.697259165],[627869.696286132,486128.229160238],[627869.281256267,486140.367188413],[627867.497786282,486193.025721558],[627865.884326837,486240.249178156],[627864.280914942,486287.832896505],[627861.43685494,486372.030812141],[627861.90203129,486378.363383773],[627862.249258629,486383.172764282],[627862.42066582,486385.657390237],[627862.62707633,486388.322974737],[627864.661242123,486396.138793807],[627865.061172329,486397.58977185],[627867.116700854,486405.356182847],[627874.696608653,486417.66489647],[627886.938640042,486433.512154491],[627906.450833429,486448.980116726],[627938.431057771,486469.572034966],[627992.766837698,486498.260726823],[628024.948586806,486517.348282187],[628096.595173373,486565.544033523],[628170.544937939,486610.723511262],[628197.79470142,486627.355045079],[628220.744883684,486643.97789317],[628248.171743624,486676.653661028],[628283.655188442,486723.931237803],[628307.122494302,486747.17810203],[628318.852442012,486759.841390683],[628329.659749145,486761.009680563],[628343.807197963,486762.530161365],[628436.835770039,486772.587824392],[628485.737768203,486777.877560742],[628554.890846891,486779.476482526],[628701.131243901,486782.873345455],[628845.580933937,486794.27046359],[628918.222260513,486788.685962072],[629005.904900303,486781.946720227],[629007.735513039,486789.166975901],[629068.657048028,487029.919485594],[629069.927730072,487034.96437048],[629070.324900506,487036.51527527],[629073.07401401,487047.410749441],[629129.516028471,487271.120354941],[629148.651991893,487346.94575047],[629171.577773749,487437.985204982],[629211.634160876,487597.075035078],[629224.556697147,487648.399859333],[629225.016360704,487650.22248088],[629225.287156688,487651.279917074],[629224.95159944,487659.450344216],[629224.704498236,487665.503293473],[629224.645895193,487666.901622709],[629224.814901496,487668.386232555],[629227.303008114,487690.184101011],[629234.674999772,487754.575197645],[629253.987536899,487922.88204534],[629254.398371793,487926.473252811],[629254.946795257,487931.238214768],[629258.451446088,487931.064981257],[629258.58186236,487932.498527948],[629266.083559639,488015.732511048],[629273.350792692,488096.230128395],[629247.342884083,488121.18112127],[629213.433262532,488144.3940112],[629116.280752359,488210.899121398],[629095.073301153,488235.102660428],[629087.672240562,488265.937139084],[629070.326389274,488397.283194247],[629067.660582354,488409.449124426],[629061.529905275,488423.969296897],[629057.396403249,488437.86463618],[629057.853779049,488445.926956078],[629056.813733954,488453.897934531],[629041.646792216,488455.619097312],[628995.431978453,488458.392962624],[628943.56028821,488462.510583899],[628939.60213865,488462.811284477],[628911.893127913,488466.436075122],[628903.228257668,488466.986809359],[628851.028657841,488470.305404668],[628840.761820358,488471.291889929],[628752.605609802,488479.247507346],[628726.465098692,488476.405856072],[628713.011622433,488475.464430629],[628712.925194274,488473.162135047],[628705.089483576,488472.655804093],[628699.357884045,488471.997575527],[628663.859609456,488467.27762356],[628649.196821841,488469.572680204],[628649.518273182,488473.141414289],[628656.115419662,488573.91957515],[628648.754661644,488575.406276631],[628637.540488555,488577.746546593],[628587.303114055,488495.872692129],[628586.066935313,488492.838680938],[628580.839289045,488480.084849072],[628460.92761763,488527.402070834],[628421.418519639,488543.000551147],[628409.602293391,488545.054208491],[628331.661671209,488558.591626354],[628297.589353464,488564.520606346],[628288.325715105,488566.114760738],[628278.458696259,488567.832249893],[628067.184763494,488604.507185753],[627998.150645426,488621.420350292],[627931.635670878,488641.982910545],[627806.264136387,488683.879431303],[627768.519886927,488691.696916147],[627705.167575761,488690.067719822],[627627.219207274,488689.405459991],[627555.700001577,488689.850672239],[627485.337416595,488683.898098539],[627450.086273988,488687.254607494],[627448.592508098,488687.393355981],[627447.141528992,488687.793274479],[627384.128001872,488705.042605078],[627304.8696907,488726.113210698],[627263.33567922,488733.206064753],[627209.979363705,488742.212394993],[627206.804530519,488742.754707589],[627193.472947179,488745.006496508],[627197.203435723,488762.728714201],[627198.423413216,488768.522142541],[627207.765458514,488782.919455426],[627238.790181371,488827.24414697],[627352.125224231,489020.995063448],[627440.878830088,489176.809005122],[627447.63087705,489188.674934521],[627472.274178452,489231.973535876],[627629.271136067,489508.146910092],[627796.518729084,489800.932951363],[627917.204887454,490011.636910316],[627927.152734451,490029.080900173],[627930.929921719,490035.694934546],[627932.837809417,490039.027483554],[627923.96640254,490052.851909345],[627916.70384332,490064.180869426],[627948.897588845,490086.808994909],[627959.531835694,490097.502227292],[627971.160519963,490113.102718358],[627988.730136095,490143.506661232],[628005.492783685,490174.888281266],[628081.156485615,490307.892357],[628084.547728711,490313.635775779],[628091.667298535,490325.951888751],[628098.448331405,490335.318774702],[628105.529528904,490340.334130442],[628167.455565162,490453.719697759],[628181.037623245,490643.357024423],[628181.694180752,490652.894766347],[628182.341021937,490662.422240394],[628189.926006423,490802.715977948],[628207.738372656,491039.758242094],[628218.992996172,491150.364573715],[628226.295138036,491221.963337327],[628250.176321674,491507.541316777],[628257.768369455,491621.136399555],[628272.541473506,491821.206334168],[628292.097813832,492055.177046279],[628472.977493798,492011.845201205],[628478.949711951,492010.670217286],[628484.698022931,492009.999028307],[628490.253506641,492009.79249437],[628495.628363012,492009.970955665],[628500.843127982,492010.514980251],[628505.918337486,492011.405136177],[628510.844551528,492012.621163504],[628515.63203807,492014.153346267],[628520.281073095,492015.991692495],[628524.801648571,492018.136478199],[628529.184048502,492020.577435412],[628533.427444886,492023.344540085],[628537.532113706,492026.427800248],[628541.487234977,492029.856915855],[628545.272272731,492033.651318878],[628548.896666935,492037.831269287],[628552.319069664,492042.445623002],[628555.889864418,492048.204030527],[628591.858664395,492112.635048705],[628594.255756332,492117.081088328],[628596.501312503,492121.582939927],[628598.605600884,492126.130887516],[628600.568345467,492130.734923072],[628602.389546251,492135.395046586],[628604.059487244,492140.100990077],[628605.587884427,492144.863021514],[628606.984453776,492149.691408877],[628608.230039322,492154.555624213],[628609.334081041,492159.47592748],[628609.729900191,492161.436784005],[628610.553778369,492165.639376575],[628618.859875664,492165.768813103],[628695.374064417,492139.443415519],[628699.100354856,492138.48638495],[628747.287638783,492124.398019578],[628748.381557063,492119.548425931],[628754.158041793,492125.097774335],[628770.956804701,492136.34137156],[628833.342007102,492176.973076936],[628834.626222019,492175.008627126],[628835.769113109,492172.730285609],[628890.389774367,492063.663283992],[628934.614077029,492008.057019611],[629014.874620327,491925.747167664],[629018.080829242,491923.345822376],[629062.693854867,491879.369809928],[629091.811218232,491850.825177466],[629105.122288766,491839.183298077],[629138.519142789,491824.046360714],[629135.721854613,491816.349383858],[629204.605911458,491793.662952608],[629273.993998507,491770.830438181],[629294.518103874,491764.137601426],[629325.768864356,491753.931183861],[629393.943860148,491731.575124951],[629442.291654518,491715.66115887],[629476.774922682,491704.274061129],[629536.895954056,491684.245430946],[629556.171406308,491677.868080688],[629574.296178612,491671.87893197],[629608.434764086,491660.662296935],[629677.43374144,491637.43898452],[629708.693645112,491626.902803899],[629774.378157669,491602.397971095],[629790.211789468,491596.815514456],[629809.297351106,491590.072920651],[629871.169246505,491568.202669224],[629948.704708557,491541.115235446],[630014.209085374,491518.06533661],[630121.386364441,491480.376973502],[630221.566394402,491445.495217788],[630223.929093027,491444.670505297],[630288.466892515,491422.223844605],[630310.064233943,491414.690631142],[630430.564675843,491372.53033202],[630471.19545698,491358.33304421],[630489.085160887,491352.16736948],[630503.523916984,491347.12634033],[630531.6945364,491337.294747638],[630567.216090099,491324.886272744],[630614.348553301,491308.448622786],[630634.414152976,491301.343071285],[630634.838234678,491301.194789352],[630650.530085942,491295.678381316],[630659.294809602,491292.600564845],[630680.19720352,491285.248131533],[630721.304540306,491270.813989283],[630740.370219145,491241.621529436],[630749.31562978,491238.518701765],[630793.720180994,491223.095650121],[630918.996767187,491179.627157926],[630976.784935781,491159.713881295],[630977.953673919,491159.396171496],[630984.714093518,491157.562949934],[631036.837802574,491143.973015815],[631090.847422456,491129.805182775],[631114.604709754,491123.721538025],[631160.614579817,491112.812647318],[631188.063304142,491106.310968118],[631236.056894872,491092.006965262],[631244.828095397,491089.419300179],[631370.285740531,491052.435485685],[631438.092063747,491032.218854639],[631477.019137191,491020.334344917],[631492.708267887,491014.917827296],[631495.393757543,491013.992025856],[631627.49010795,490968.36175459],[631690.841715296,490946.512098843],[631754.152480779,490924.331315076],[631775.19307224,490918.132610523],[631826.056019228,490903.127814958],[631827.921113722,490902.579342279],[631836.359831375,490900.082480683],[631871.303705653,490889.767880905],[631901.972853457,490880.715180472],[632021.223162525,490850.529561106],[632034.787658757,490847.094289087],[632085.032033631,490834.212323962],[632105.21089987,490828.439794187],[632147.850031615,490816.117762332],[632170.045201933,490809.390943433],[632201.315387101,490799.214855431],[632238.182187859,490786.983390586],[632264.37744809,490778.077102419],[632287.613782329,490769.859073558],[632298.66987961,490765.644538123],[632322.257480341,490756.656229513],[632346.951492369,490746.348512138],[632370.065373024,490736.047152574],[632408.547391465,490717.47045188],[632446.396817412,490698.626282489],[632446.498394259,490698.569089364],[632464.834177202,490688.565753267],[632483.17956156,490677.852699949],[632493.167700934,490655.099155482],[632493.945141089,490653.38067231],[632496.431700655,490647.709496173],[632508.317369875,490620.698468022],[632524.987683909,490582.289879721],[632527.773614092,490575.91698887],[632555.467649448,490544.242665251],[632549.455699391,490528.387048482],[632602.528020759,490507.613312491],[632610.217153086,490522.845267312],[632614.693704562,490533.828610774],[632616.197400938,490536.590066802],[632622.426166093,490533.73216395],[632704.949613041,490495.872226993],[632730.51660762,490485.818576996],[632761.829496299,490473.373672171],[632804.889219616,490455.963305578],[632866.516845947,490430.645925224],[632868.064405602,490430.008680388],[632869.215082811,490434.690340237],[632889.404465882,490426.728112678],[632896.425097253,490423.802075491],[632931.781980695,490409.39888889],[632953.530734898,490400.009758629],[632959.995177716,490397.308354309],[633004.207709077,490378.709830969],[633014.008740193,490374.680604743],[633029.010240053,490368.095062071],[633027.148130074,490363.103760184],[633057.661195282,490352.826687328],[633066.433880811,490350.549016742],[633096.61071623,490336.152756705],[633134.01085855,490300.266502259],[633144.939956004,490289.788582238],[633171.082146818,490264.701149215],[633162.401550298,490172.393668621],[633156.510503151,490154.33142062],[633152.903728806,490148.061968424],[633071.345213217,490006.133141613],[633054.29471534,489976.473015029],[633046.432876695,489962.786245112],[633021.825495098,489925.777619958],[632927.063937171,489783.244333094],[632878.876915918,489710.755490907],[632850.813070889,489668.55159142],[632865.230238299,489649.810190109],[632911.466726056,489552.119450242],[632886.848404098,489502.830885807],[632886.204256531,489501.533131233],[632801.015724339,489331.71509236],[632782.561158279,489307.996109063],[632751.79953239,489268.247704841],[632704.680993864,489207.398192851],[632667.237401608,489159.035526333],[632591.444657085,489091.484456112],[632509.322975926,489018.468808776],[632418.7994944,488937.921413064],[632353.961144686,488912.211789148],[632339.618533145,488906.525915598],[632338.39084682,488907.891979537],[632333.973123495,488903.83010803],[632324.705161087,488896.884390639],[632321.805278416,488895.434358754],[632319.122187336,488894.10030977],[632316.439372167,488892.756268702],[632313.756557016,488891.412227655],[632310.935507722,488890.004371464],[632297.76737254,488883.430953592],[632288.830949411,488878.96432417],[632293.096069406,488865.0124743],[632280.787147908,488854.482890889],[632277.77855182,488851.899888932],[632276.09798244,488850.473524502],[632260.323467091,488836.528344999],[632187.955455209,488773.511884423],[632175.712005245,488762.784121743],[632152.621973408,488742.527135183],[632147.531960642,488738.186713524],[632142.207379299,488733.649820724],[632050.70200792,488653.535486323],[632026.157089359,488632.008381567],[632012.175938465,488620.11268381],[631991.214432916,488602.80440625],[631973.321415423,488587.720791618],[631931.142112342,488550.797237542],[631903.671425876,488524.049517052],[631901.657074437,488521.673967543],[631865.600842816,488497.30913109],[631859.980301938,488492.264089876],[631756.862912878,488399.559660405],[631757.152071242,488399.227653869],[631653.218338947,488307.840710112],[631614.571764724,488274.074679534],[631608.116673258,488267.746643026],[631598.757322247,488258.67850205],[631597.624448159,488257.697252736],[631586.453097859,488247.979102732],[631574.621475461,488236.822766393],[631563.838806852,488226.065380396],[631562.910585743,488225.639765134],[631549.53626461,488210.9609425],[631538.994939691,488199.430244953],[631528.63540329,488187.834569294],[631518.5110478,488176.775371579],[631517.977207782,488176.190650027],[631481.001635139,488125.001313082],[631459.571149539,488085.200833113],[631457.235829358,488078.876547892],[631449.048599018,488056.691176196],[631437.885144698,488026.403880482],[631432.293976188,488011.239973451],[631427.766601479,487989.055650523],[631418.261837312,487942.514648485],[631405.816121837,487881.52289386],[631401.596674388,487882.956356964],[631394.995341058,487886.633990943],[631391.766767669,487881.515010481],[631386.307693948,487872.794558994],[631386.75979032,487870.907098354],[631390.140608118,487868.700505348],[631389.701726769,487858.518699087],[631396.083455677,487831.645708827],[631399.828619679,487815.879587638],[631399.897123727,487815.571488318],[631397.672754578,487802.330480683],[631395.277232319,487788.044779869],[631395.036472335,487787.348154134],[631388.512596514,487768.298622245],[631381.464380115,487768.604023887],[631378.699517017,487762.987862412],[631376.417062902,487749.315265742],[631375.141417682,487744.450196193],[631374.952702224,487742.955031809],[631356.666349012,487634.903489185],[631352.869135239,487612.349347802],[631348.203679002,487584.661394367],[631334.516254323,487503.446012026],[631326.669488831,487456.6108239],[631321.93842582,487428.401080582],[631314.047757022,487381.344691513],[631303.815083372,487319.8740945],[631302.108293033,487309.617292012],[631289.738995376,487235.348111089],[631279.364311524,487185.903232429],[631279.144024067,487184.827184401],[631278.286506208,487180.753637557],[631277.775648896,487178.249612177],[631268.796825925,487135.473065446],[631267.953802529,487130.149957763],[631262.355253485,487094.966494436],[631262.000807051,487093.316760742],[631261.18111173,487089.684244881],[631260.999440508,487087.209306428],[631255.964890932,487053.691362877],[631253.348307834,487037.269639608],[631250.785608038,487021.069397262],[631247.852151323,487001.999009379],[631245.45548861,486987.753290513],[631244.961233323,486981.74983285],[631240.351383944,486954.943408577],[631234.835883426,486921.822180792],[631233.639876953,486913.709417003],[631232.393571744,486905.245275706],[631230.037050443,486888.820734446],[631224.902256217,486856.75998567],[631223.928592191,486850.373306481],[631222.877687286,486843.52450949],[631216.722297022,486804.965791449],[631214.387961049,486788.461866903],[631211.491923938,486772.382423665],[631209.181770174,486756.089160684],[631206.55159335,486739.79706376],[631204.905990092,486728.771981554],[631203.265752113,486718.27703102],[631203.240740655,486718.096346231],[631202.639638164,486713.789887505],[631201.440566569,486707.236992224],[631198.90672223,486691.077551306],[631196.329812138,486674.666929732],[631193.755170328,486658.53636232],[631191.239038383,486642.097419998],[631186.812715155,486612.626156225],[631184.890526218,486604.013365061],[631184.444731793,486600.601166049],[631183.524207176,486593.375981857],[631179.217295229,486564.288003949],[631178.039056879,486556.255731334],[631189.496504898,486557.421968725],[631188.103438118,486527.104463503],[631187.291541559,486506.162707652],[631187.251057171,486500.021782446],[631190.21029667,486455.124875156],[631190.471242519,486452.192170104],[631192.018766477,486440.325259285],[631194.144988349,486425.244423213],[631195.878160592,486413.172643136],[631196.379191617,486410.236565353],[631197.020387457,486407.294356826],[631203.772365664,486381.131554729],[631210.892669439,486355.02891672],[631216.83563138,486337.163521526],[631219.310963617,486329.722081687],[631225.961328455,486309.776277171],[631229.179619672,486300.41540494],[631238.997335746,486271.867296573],[631243.422381231,486258.999843108],[631259.564868108,486213.606839436],[631281.306450809,486153.748831277],[631287.356470871,486137.076346256],[631294.459777412,486117.023038971],[631327.024850369,486020.434907708],[631329.932954352,486011.805444912],[631332.865518423,486003.376650912],[631354.067577261,485942.413755774],[631354.371625388,485941.542175009],[631363.206144136,485904.777158393],[631375.069404188,485869.865681712],[631396.162438027,485807.779794317],[631404.843200339,485780.570232145],[631411.311680847,485760.329392638],[631417.090370837,485758.558947508],[631420.335609256,485743.148992697],[631420.36726111,485741.639912527],[631420.576564134,485740.215733187],[631422.795778335,485725.387440512],[631423.191785933,485707.778909739],[631423.551052801,485700.559046933],[631424.511600266,485681.336147542],[631424.095552575,485664.165189594],[631422.708065646,485647.047417258],[631422.619048518,485645.924994642],[631413.842946836,485583.11468894],[631413.52474717,485580.875974945],[631397.07123003,485535.733228773],[631376.717235007,485493.872731108],[631375.969503296,485492.342140352],[631373.112102962,485487.903410979],[631374.285736577,485487.045830394],[631352.208934265,485457.607405687],[631326.128546058,485422.868648807],[631325.974739883,485422.644410637],[631297.663416836,485399.173735558],[631277.485697508,485382.447344495],[631232.497155619,485345.126815699],[631202.807563612,485320.508150971],[631197.822723163,485317.790654344],[631163.903165252,485299.335053973],[631160.524419925,485297.481859012],[631146.328258997,485289.750289105],[631119.153279535,485277.280655232],[631118.163172773,485276.923339668],[631072.500014621,485260.423564569],[631026.108636302,485247.483581761],[631023.191099225,485246.673084125],[630979.757232919,485234.544706057],[630971.123976291,485232.136507332],[630930.548252345,485220.796991858],[630917.618215709,485217.190242589],[630872.239229853,485209.598040537],[630834.842723117,485203.356110647],[630828.47318092,485185.230904869],[630815.59881717,485182.505665998],[630814.74914175,485177.422381459],[630813.860876838,485172.288033568]]]},"properties":{"NAZWA_DZIELNICY":"Bemowo","KODTERYT":"146502_8"}},{"type":"Feature","geometry":{"type":"Polygon","coordinates":[[[641118.561095236,480674.861179062],[641119.748464874,480673.14392838],[641125.63314591,480664.636235922],[641206.435048771,480547.834829135],[641213.850903612,480537.109362299],[641221.256214594,480526.403604137],[641228.869917956,480515.393592976],[641263.334149954,480465.574122687],[641267.205199869,480461.910890024],[641270.378023277,480458.90839952],[641272.7211303,480455.533022309],[641274.366907776,480453.148412723],[641276.389150042,480448.354182247],[641278.133674146,480444.202292758],[641300.078773678,480412.477533468],[641328.345869223,480371.617126534],[641338.188625175,480357.378583238],[641362.966865396,480321.551946644],[641364.45503877,480319.442989145],[641367.316507802,480315.401905896],[641371.773861858,480309.3348361],[641376.348919995,480303.351012864],[641381.031414189,480297.460152989],[641385.831612484,480291.652539671],[641390.729530049,480285.927621678],[641395.744600508,480280.305935076],[641399.497599766,480276.209441255],[641397.740376192,480275.020970345],[641410.582035095,480262.63514125],[641410.72578759,480262.499105921],[641422.170166881,480251.464739174],[641420.324729458,480249.123832365],[641403.003087463,480227.066012164],[641393.651786273,480215.148056113],[641387.459140333,480207.267232144],[641386.485248338,480204.870364678],[641383.798499805,480198.226243402],[641381.991782455,480193.756400248],[641378.873218996,480186.090366537],[641370.866545862,480188.869533734],[641337.63835476,480200.403062228],[641330.204891712,480200.528033162],[641305.862115158,480199.176609308],[641249.947570256,480196.074371774],[641120.673733366,480216.508778338],[641096.260992761,480223.495435345],[641081.309260938,480227.183040952],[641079.547359616,480227.614444665],[641059.359669863,480230.067629748],[640998.602753609,480236.841835471],[640993.011625853,480237.607621251],[640985.022044652,480238.317252562],[640981.663839123,480238.614626498],[640959.722998588,480239.369452707],[640953.717356708,480239.573804644],[640878.542207388,480235.770313034],[640827.333408347,480233.187865506],[640823.006832832,480232.338529102],[640818.865222407,480232.034294682],[640780.624780023,480213.559537471],[640766.177256892,480206.581043575],[640731.300635655,480195.21907453],[640709.275985267,480188.861590688],[640683.832628648,480182.819813196],[640662.959593886,480177.854094842],[640636.550913777,480173.455693376],[640632.544168004,480172.975179757],[640587.013623063,480166.469362484],[640585.201070627,480166.199368953],[640501.014132889,480150.137343797],[640488.565740924,480147.903995676],[640486.903901768,480147.608159297],[640462.345482725,480143.200796298],[640432.455834075,480142.826385496],[640426.776657194,480146.059740552],[640425.333900975,480147.609945303],[640423.066397646,480150.057401181],[640410.98303471,480162.144108301],[640401.453166319,480172.291246641],[640388.652902351,480184.628178185],[640382.652533262,480190.442670183],[640371.030467719,480201.032099143],[640363.303286657,480209.2689588],[640348.772692229,480223.068159353],[640324.052526689,480247.366295419],[640287.504607238,480286.448171273],[640268.386223326,480306.330813889],[640252.984784078,480322.335982069],[640229.03989002,480346.805485761],[640217.314177628,480356.802045223],[640200.876967922,480370.478642566],[640186.940258886,480382.324211911],[640173.009613591,480393.949947772],[640159.703386984,480405.052906636],[640145.714717119,480416.607040009],[640131.871247655,480428.335177005],[640117.964100794,480439.471557626],[640102.287275753,480452.409120847],[640078.757082781,480471.270051701],[640059.729514197,480487.135181826],[640048.587631374,480496.267835658],[640035.48945258,480506.716525278],[640023.878549703,480516.176239868],[640006.546028377,480530.408122648],[639993.895783345,480540.569165384],[639976.352320265,480554.835226752],[639962.751837696,480565.730054966],[639940.914008381,480583.417651895],[639932.421134058,480590.773371509],[639914.830952009,480606.008135784],[639891.472917403,480628.053782801],[639863.825776559,480662.031084844],[639865.302582057,480662.871818199],[639862.112348803,480670.493799144],[639731.689540976,480715.926116994],[639676.705264887,480736.389372085],[639689.158746866,480722.122934793],[639682.695681841,480640.664930516],[639681.204011335,480621.87384782],[639680.87928229,480617.694904651],[639679.830121236,480606.426002916],[639677.928979951,480591.603612697],[639676.295509527,480581.578589783],[639674.163798697,480571.489824075],[639671.909974206,480561.477689959],[639669.328811985,480551.00652852],[639666.982785027,480542.161847524],[639664.005375131,480532.279754652],[639660.908126617,480522.754355231],[639657.387269847,480512.997272368],[639653.558097703,480503.541684407],[639649.630655393,480494.023386316],[639645.441552149,480484.927869611],[639641.086161562,480475.697766927],[639636.537127314,480466.962321513],[639629.151625491,480453.748654047],[639621.343758021,480440.983335576],[639609.608806878,480423.399714964],[639538.43913392,480322.247042195],[639497.916808441,480267.229554349],[639456.460280402,480208.376330175],[639432.661698976,480168.81008151],[639422.626426416,480156.313341784],[639412.284217223,480144.068135922],[639401.675316487,480132.065574012],[639390.78973191,480120.305380449],[639379.637180299,480108.797823202],[639368.217386111,480097.552894627],[639356.560326463,480086.571421538],[639344.615212834,480075.882002969],[639331.604705431,480064.663202339],[639318.346113599,480053.737558761],[639304.839437401,480043.105072223],[639291.114653956,480032.766569519],[639277.181480075,480022.732318588],[639263.020206718,480012.991775851],[639248.660535394,480003.555760443],[639234.101914959,479994.444257043],[639219.345172273,479985.627288572],[639204.409465288,479977.135383252],[639189.294518455,479968.978533398],[639174.000883033,479961.136754277],[639158.538000219,479953.630306153],[639142.915311211,479946.479449273],[639001.910595826,479877.790748433],[638955.099740215,479854.989788563],[638937.413739823,479846.872039117],[638913.509599857,479836.512801909],[638896.675091991,479829.428533321],[638876.013928999,479821.498728137],[638856.567911089,479814.832430949],[638853.417631915,479813.755550195],[638832.296209972,479806.92304597],[638829.778550651,479806.113611889],[638810.66332201,479800.506433384],[638788.791721827,479794.043238115],[638736.924221046,479833.122432953],[638729.322732969,479843.692706821],[638711.573074851,479849.123117658],[638705.96443932,479853.788394671],[638700.158988755,479858.338243922],[638693.918489962,479862.34609756],[638687.659935763,479866.283453517],[638681.145990595,479870.053766482],[638674.73465398,479873.36691244],[638667.881654918,479876.377878782],[638661.033892338,479879.198990712],[638654.005094742,479881.69511159],[638646.857145314,479883.797948714],[638639.61037514,479885.858060444],[638632.248587128,479887.375003512],[638622.515310127,479888.946537759],[638615.40649631,479889.630463799],[638599.916048304,479890.013216863],[638581.693837268,479890.460624252],[638570.064563287,479890.79987311],[638532.224873915,479891.886203039],[638527.337382544,479891.071406316],[638509.418993632,479888.117218183],[638509.54397335,479882.86070391],[638510.431647929,479846.325455514],[638450.690895336,479840.567788855],[638415.931247978,479800.319392056],[638414.84997415,479757.219900561],[638289.298071451,479756.237096675],[638225.670755077,479760.872170604],[638166.462709999,479772.05907328],[638080.59414559,479805.390457032],[638111.031814399,479718.810708858],[638054.481728356,479600.632074578],[638036.904776665,479557.017689459],[638033.469091306,479548.523009287],[638024.108148264,479525.355042867],[638012.156534783,479495.685686419],[637918.257765511,479542.445531769],[637905.56358337,479548.76536626],[637902.282242647,479558.604773981],[637900.926757039,479562.067356923],[637899.358045553,479563.834075032],[637898.122341074,479558.240046946],[637881.010483603,479557.588106506],[637881.134230968,479554.551548297],[637871.159982182,479554.346459649],[637871.140895541,479554.675930099],[637843.602586608,479553.536432174],[637843.610578599,479553.246655383],[637833.351994791,479552.473730268],[637829.858707731,479644.326497724],[637801.999751438,479642.848151276],[637640.76925082,479626.97151411],[637586.82261689,479621.793701326],[637585.861792054,479625.087166944],[637584.315440058,479631.844447182],[637576.063919004,479661.9965503],[637576.232961236,479662.031212201],[637558.430875174,479727.739528099],[637552.540712742,479748.776850754],[637537.266402462,479780.845232731],[637509.298600802,479793.103724868],[637509.233064257,479792.941919045],[637472.837165567,479808.397919147],[637455.336429698,479814.595164274],[637446.968418713,479817.064339224],[637437.062981319,479820.891095369],[637435.045231851,479821.535436719],[637364.171720144,479856.860276988],[637341.811123686,479869.943398577],[637336.350736663,479873.22275756],[637335.013542455,479869.495918245],[637328.344799425,479850.96219622],[637311.433394184,479803.886296392],[637305.36364163,479786.83908115],[637302.514279897,479778.84058446],[637299.212629251,479779.989508871],[637274.262637243,479788.701265512],[637234.8732086,479802.474708239],[637220.737397515,479807.404771164],[637206.560791113,479812.36370809],[637206.532396934,479811.942929887],[637206.42137946,479811.979867479],[637202.152478508,479813.39211029],[637194.57303808,479815.913031949],[637186.973613263,479818.433402293],[637186.882855952,479818.460898789],[637181.272580171,479820.286140014],[637181.070805397,479820.350574096],[637175.674296811,479822.401708498],[637175.411465981,479822.504458131],[637168.093203416,479824.982583386],[637160.52265366,479827.543749177],[637160.361123613,479827.599293346],[637131.298535537,479837.8575932],[637130.894710455,479837.996453596],[637123.755483089,479840.509515641],[637116.212155214,479843.171430226],[637110.557226385,479845.165436904],[637110.052376164,479845.341510444],[637104.902022056,479847.169435786],[637097.368411281,479849.841617908],[637089.834800674,479852.513799892],[637089.481212624,479852.644045946],[637085.63950073,479854.158068712],[637085.568728002,479854.186116379],[637081.389207888,479855.620822921],[637073.827549969,479858.222231892],[637066.265616625,479860.833633007],[637060.601798733,479862.787394313],[637060.318983437,479862.889592682],[637054.965477405,479864.831912822],[637047.440757629,479867.544338748],[637039.895502277,479870.276197896],[637035.74175479,479871.501617394],[637035.60048495,479871.547720432],[637031.349917142,479873.020466425],[637023.807693702,479875.642410257],[637016.255478154,479878.264078363],[637010.672150491,479880.200059228],[637010.591385504,479880.227831284],[637004.917025077,479882.20130081],[636997.364809952,479884.822968583],[636989.80260272,479887.444360625],[636985.551759891,479888.927098436],[636980.907360082,479890.538979782],[636964.514069398,479896.466757265],[636918.724535467,479912.423619056],[636912.039445112,479915.149200427],[636881.385146437,479925.833575492],[636777.538175979,479962.028851454],[636694.541056727,479990.969272763],[636672.398723243,479998.67844631],[636595.458720736,480025.545941127],[636565.479890062,480028.419031651],[636520.006017199,480013.354991772],[636477.338001804,480032.157866846],[636432.062231337,480053.418774408],[636376.362885365,480073.002196961],[636370.233372316,480075.163101583],[636363.03338087,480077.704474666],[636356.572194504,480079.926229992],[636350.408917194,480082.586195752],[636343.502630484,480085.355666108],[636327.238392829,480095.306919849],[636321.877944455,480098.589019552],[636293.013274171,480108.562725248],[636292.499118661,480107.98855225],[636273.970763296,480114.827400015],[636273.505883334,480115.004575013],[636273.594781703,480115.407021045],[636239.024413324,480127.403317702],[636190.813412949,480144.143301093],[636180.129720325,480147.908564086],[636169.213725929,480151.757418127],[636135.478236662,480163.576736644],[636115.033102922,480170.662704128],[636114.747391439,480170.144831505],[636103.888596567,480174.095259957],[636053.634166634,480190.598868667],[636052.774564327,480192.035136411],[636047.243969966,480193.872560732],[636041.418364167,480195.891845016],[635978.345301606,480217.79179142],[635947.389116212,480228.547771513],[635946.907277915,480227.164503233],[635942.295494788,480213.817511464],[635936.76489373,480197.165229664],[635935.760157759,480197.337513863],[635921.607525799,480155.747816256],[635922.709793792,480144.788394873],[635923.853036619,480143.219953197],[635923.464435354,480141.71925874],[635922.418608878,480137.580478813],[635924.055886934,480121.725892501],[635923.437259003,480120.588847614],[635911.893327015,480119.650456052],[635911.753711288,480119.636605371],[635896.547865094,480118.407215054],[635894.807659021,480140.168865745],[635884.229545496,480158.596800185],[635864.887964332,480176.793019987],[635841.848551818,480191.287302568],[635836.845693831,480210.608996705],[635833.841169353,480219.475979858],[635830.9360981,480231.625652436],[635835.04089613,480333.687209551],[635830.168672877,480446.520979582],[635829.217592336,480479.914201251],[635829.019864218,480495.05850036],[635828.813100844,480507.992586277],[635828.040539673,480555.940494759],[635828.180709997,480580.223965415],[635828.046229226,480592.350058328],[635825.027544881,480668.435551328],[635821.837322848,480746.02628704],[635817.481011564,480852.114390881],[635812.793593097,480948.453518107],[635813.858491061,480949.362878437],[635814.4253616,480949.838507782],[635810.793455311,481011.537315034],[635808.331750905,481037.338987386],[635806.41040297,481078.715311052],[635803.677847905,481148.048800309],[635800.862648162,481213.490072469],[635799.591453568,481245.43448378],[635798.260785172,481278.447236815],[635797.470929408,481302.005063025],[635797.118243298,481312.615160482],[635796.032198852,481330.234912843],[635794.738182704,481364.818650804],[635794.494097272,481367.141879423],[635794.33470626,481375.457346561],[635794.148784396,481385.82204833],[635793.56338182,481408.855522878],[635793.47689784,481412.353079953],[635792.947242868,481433.728119431],[635792.904999923,481434.896935001],[635791.279228463,481483.681288448],[635789.249624966,481532.604498835],[635786.569139464,481583.00972862],[635784.590236484,481635.894271946],[635784.478597537,481638.491149686],[635782.429743649,481685.573857619],[635781.713662989,481706.093767322],[635780.908415742,481718.971342014],[635777.589909743,481771.478933666],[635775.093218246,481839.868936729],[635774.273136172,481862.345944638],[635765.699580821,482036.466565251],[635765.650375624,482037.52519042],[635762.825196046,482102.596181933],[635760.67179295,482152.015962592],[635760.752343398,482155.258131802],[635760.810292184,482157.869687784],[635758.282524436,482190.049421947],[635756.490151901,482206.809697302],[635753.37272791,482228.103340991],[635750.230782847,482244.486388304],[635748.100480954,482254.647447992],[635746.51907205,482261.223710002],[635743.693308799,482271.945572886],[635740.223351944,482284.2696363],[635739.636355315,482285.973413385],[635731.859302344,482309.068468583],[635727.625184487,482319.731475598],[635725.770480823,482322.440260487],[635723.624267826,482329.190936089],[635723.361848797,482330.003682654],[635716.357978827,482331.96041635],[635709.439928563,482348.92926951],[635700.7128728,482365.13822452],[635687.173738152,482390.124268685],[635659.715033889,482430.326017191],[635612.893480855,482484.053307905],[635597.494922338,482499.958190953],[635592.696776905,482504.605730643],[635589.563135263,482507.639221512],[635552.371827278,482537.792591468],[635538.423614043,482546.797601957],[635520.250334443,482558.525993705],[635511.417188398,482564.08218832],[635506.757150636,482566.623572279],[635491.223967489,482575.084859344],[635463.077569857,482583.308145009],[635456.827942605,482585.835670926],[635427.55339482,482593.267842104],[635430.010395355,482606.785396192],[635430.14987009,482607.529231401],[635435.091089101,482634.665089527],[635436.177461113,482640.594959934],[635480.962825824,482886.46637463],[635538.654921676,483203.112790149],[635539.350909612,483206.881930073],[635543.839477109,483231.575361229],[635582.918055478,483446.150024119],[635601.23228886,483546.733686884],[635626.113527278,483683.297972647],[635679.703632923,483977.521893673],[635682.058588628,483990.386667113],[635692.877662039,484049.844244459],[635766.541477315,484454.430486223],[635778.431776077,484519.637569739],[635785.100143474,484556.29100719],[635826.204603819,484549.945471016],[636239.419693866,484486.11990841],[636331.972874278,484471.824282811],[636435.813901666,484455.790178838],[636496.049928143,484446.482620208],[636538.92422262,484460.075622336],[636578.972789609,484472.790659187],[636583.037076188,484474.082802846],[636677.409469574,484504.026779505],[636758.864827462,484529.884356495],[636913.627313113,484579.004715975],[636985.55626601,484601.839467377],[637063.502838053,484626.570276402],[637086.947324899,484634.007191381],[637117.806471031,484643.808704182],[637398.207536599,484732.796049868],[637443.916577481,484747.307353619],[637481.249152491,484759.157518811],[637581.807353255,484791.072363301],[637587.527127957,484792.890197724],[637729.521957542,484837.958498567],[637805.782827186,484869.062845456],[637819.112631252,484874.500670426],[637831.146957268,484879.412748128],[637842.929961253,484902.127727634],[637850.252498229,484904.569793091],[638016.804749216,484960.235833771],[638018.698650102,484956.10813731],[638022.144520886,484952.633266802],[638022.844128574,484951.922580771],[638032.739662317,484941.93576444],[638041.040887323,484933.554933919],[638052.275373048,484925.055056363],[638068.66765853,484912.647556216],[638070.640552337,484918.701953599],[638072.533265602,484921.864162412],[638075.459193414,484924.184893051],[638083.540048129,484926.68788843],[638085.689074933,484927.447191183],[638089.347896738,484928.93815536],[638092.753050186,484930.562117701],[638096.145242632,484932.65571849],[638097.53657351,484933.694108019],[638101.181297413,484938.594655081],[638102.560007717,484940.452689581],[638202.144608378,484834.451880218],[638206.245089883,484830.085079004],[638209.933469615,484826.156901119],[638251.092029521,484782.353125358],[638261.354750117,484770.656442393],[638266.18351848,484764.539751886],[638270.797143853,484758.247125127],[638275.184806621,484751.808263295],[638279.346506763,484745.223166401],[638283.282520021,484738.48184214],[638283.851335518,484737.437548008],[638286.981751023,484731.623984013],[638290.434758958,484724.629331647],[638293.611291106,484717.507050087],[638296.609891791,484710.309858513],[638297.839740352,484707.053823908],[638330.148246514,484620.496103777],[638355.847282946,484551.675833467],[638356.944261791,484548.88612735],[638358.060949492,484546.106965035],[638359.32614314,484543.381900586],[638360.571352136,484540.656284607],[638361.954799012,484537.994483052],[638363.32852931,484535.322413402],[638364.839670232,484532.74413512],[638366.341370332,484530.145596427],[638367.970764498,484527.630581028],[638369.600158653,484525.115565603],[638371.347530318,484522.673805403],[638373.09462622,484520.242037488],[638374.959423885,484517.893517112],[638377.537406127,484514.704684443],[638552.369331636,484308.040870898],[638555.623902713,484304.250709747],[638559.025049668,484300.584592574],[638562.455346348,484296.949279523],[638566.031667429,484293.457995093],[638569.6368625,484290.007507111],[638573.388081986,484286.701047752],[638577.158458895,484283.425116767],[638581.064592165,484280.302930988],[638585.009316024,484277.231809721],[638589.050102711,484274.303338361],[638593.139472318,484271.426207263],[638597.334345602,484268.711986466],[638601.558092913,484266.038562123],[638605.897060493,484263.538316152],[638609.381231162,484261.574477736],[638612.020321478,484260.157314975],[638614.726324895,484258.851997971],[638617.422336005,484257.546405202],[638620.184432987,484256.382635164],[638622.936813408,484255.208597038],[638625.755555448,484254.166389324],[638628.564305186,484253.123905849],[638631.419431898,484252.212701301],[638634.284275215,484251.311764806],[638637.175510857,484250.541555758],[638640.076738852,484249.771622438],[638643.013800012,484249.152676964],[638645.941420361,484248.513471082],[638648.884613484,484248.034693889],[638651.867775938,484247.557019664],[638654.847353746,484247.209245667],[638657.826655841,484246.871463988],[638660.812365616,484246.663858291],[638663.808067749,484246.45652833],[638666.80935033,484246.409351334],[638669.801192105,484246.341913939],[638672.798614329,484246.434629512],[638675.806304654,484246.517628505],[638678.799590776,484246.760228984],[638681.793428415,484246.982844813],[638684.762869524,484247.364786393],[638687.742578733,484247.737011396],[638690.688174827,484248.258294083],[638694.896454402,484249.044419829],[638709.571230451,484252.12936225],[638731.165372489,484256.685241208],[638742.012129969,484258.974551988],[638746.227369377,484259.870869388],[638750.860632202,484260.838722063],[638758.068672664,484262.357624477],[638786.910552765,484268.443502937],[638816.051102493,484274.577624261],[638822.77558661,484275.863184524],[638829.549415541,484276.810108543],[638836.351777393,484277.447821805],[638843.18267217,484277.776324283],[638850.022115211,484277.795064469],[638856.860665674,484277.483781929],[638998.718872474,484268.098529421],[639006.77649185,484296.810734296],[639007.04062525,484297.748018349],[639079.406586885,484555.523727254],[639080.404963399,484558.481264401],[639081.787736644,484561.279410486],[639083.516040291,484563.877093126],[639085.540739916,484566.242956539],[639087.852946213,484568.336755606],[639090.413517098,484570.127410288],[639093.173318148,484571.583564778],[639096.092655767,484572.694123713],[639099.132663622,484573.418014696],[639102.243931529,484573.733874259],[639235.572284458,484580.293283602],[639486.200816703,484592.62979071],[639657.464390468,484601.176099415],[639662.010979092,484601.661569543],[639668.711229598,484602.376473323],[639671.477182943,484602.522804542],[639673.229533911,484612.221134703],[639679.578788472,484647.396249224],[639693.026726129,484659.427336826],[639696.75473767,484662.760209221],[639819.29832234,484772.411776962],[639821.171906987,484774.093478872],[639840.84606262,484791.696392192],[639827.74273709,484860.664602399],[639765.052952519,485117.563820058],[639771.330620311,485119.097070808],[639786.307399562,485123.560397348],[639789.570618879,485124.530455166],[639896.334478897,485156.266918853],[639948.931593277,485170.498502275],[639972.220348683,485088.291404436],[639984.444906636,485091.74877694],[640088.89856022,485121.321492653],[640106.213359568,485126.219349035],[640178.34967213,485146.640183452],[640303.829149356,485182.163217238],[640280.693197023,485263.904618269],[640295.386839394,485268.120144996],[640372.336951395,485289.853881569],[640447.335128692,485310.933757305],[640524.316908649,485332.608389075],[640550.356849089,485339.857071747],[640558.127111802,485342.021525361],[640583.105315414,485348.970906382],[640584.057966029,485349.2371989],[640609.125551594,485356.209047964],[640620.647015817,485359.417033263],[640633.953597495,485363.164287008],[640639.500458822,485364.727377178],[640643.707999795,485365.903502916],[640660.864052203,485370.757000547],[640664.754043168,485371.844362233],[640676.64136693,485375.202446241],[640682.217654599,485376.786349],[640696.933230439,485380.932491806],[640704.444521791,485383.059799987],[640716.460920779,485386.451447269],[640719.855153684,485387.385126624],[640722.465503165,485388.097171149],[640733.631106201,485391.155337139],[640757.541131112,485395.865243318],[640770.065066286,485400.070899987],[640787.393112382,485416.809157861],[640788.874789725,485418.56005283],[640802.548259976,485443.797455347],[640812.85451665,485462.411920335],[640814.930818047,485466.169228896],[640823.142166659,485480.975873048],[640830.93508494,485495.000968706],[640864.533191774,485555.578333027],[640867.685957487,485561.275355394],[640922.497666568,485660.128282828],[640946.752275888,485654.527709976],[640971.096330953,485649.309605437],[640995.519563608,485644.483685911],[641020.013084661,485640.00970608],[641044.555806161,485635.927084064],[641069.178532734,485632.206670117],[641093.851011401,485628.857629352],[641118.562698192,485625.899670886],[641143.324412916,485623.303093381],[641168.125611602,485621.087605951],[641192.956301856,485619.252932899],[641217.806767074,485617.788806115],[641242.686448095,485616.715486309],[641267.556202657,485616.001893167],[641292.454069865,485615.719076848],[641317.593475726,485615.742927717],[641342.74156104,485616.177019187],[641367.878340974,485617.020799775],[641392.995202071,485618.224031711],[641418.081048732,485619.826408962],[641443.146149153,485621.818215003],[641468.180786697,485624.189181717],[641493.184961345,485626.939309203],[641518.127316851,485630.117732278],[641545.749913604,485633.650132122],[641573.423790103,485636.77394647],[641601.148670578,485639.49916764],[641628.904294415,485641.835236353],[641656.69066163,485643.782152503],[641684.497779813,485645.339640188],[641712.325373184,485646.517691728],[641740.164000911,485647.296046365],[641768.023655431,485647.674979782],[641795.872980491,485647.703626633],[641823.714734029,485647.282062511],[641851.566142963,485646.510763197],[641879.388892326,485645.328670821],[641907.201863799,485643.776306591],[641934.985899884,485641.823141509],[641962.741000567,485639.469175466],[641990.456346011,485636.744109865],[642018.132487784,485633.627959728],[642045.76942586,485630.12072495],[642073.347175338,485626.221853833],[642100.875177039,485621.951606947],[642128.334273432,485617.279455279],[642155.723637098,485612.235376048],[642183.043819586,485606.79938427],[642198.847025187,485603.425534319],[642210.274560174,485600.980920697],[642237.425575469,485594.790253469],[642264.487424564,485588.207121803],[642291.469548272,485581.251786285],[642318.332252546,485573.913151203],[642345.104963087,485566.212028735],[642371.758529871,485558.117614066],[642398.291849667,485549.669876903],[642424.715742238,485540.839115598],[642450.999678584,485531.644487591],[642477.163919329,485522.076551925],[642503.187927919,485512.154741843],[642529.062539197,485501.84880411],[642554.787753084,485491.158738641],[642579.591180711,485480.533230823],[642604.215233318,485469.522767872],[642628.708218377,485458.188683402],[642653.030441771,485446.519881736],[642677.201612551,485434.526906851],[642701.202021507,485422.199214646],[642725.031116983,485409.556789985],[642748.680285368,485396.54939472],[642771.312770073,485383.783939485],[642793.774492538,485370.683766861],[642816.053529718,485357.318548263],[642838.161804496,485343.618612188],[642860.077401364,485329.653354273],[642881.82058096,485315.41333359],[642903.352752255,485300.84748463],[642920.968602585,485288.683566561],[642938.450350338,485276.305944255],[642955.806609022,485263.764855814],[642972.98934672,485250.988975031],[642993.109972407,485235.754154564],[643013.028202867,485220.243743913],[643032.704343911,485204.446647465],[643051.713811949,485188.891151739],[643070.480363047,485173.078947714],[643089.073392876,485157.031950775],[643107.462372387,485140.769318524],[643125.667562234,485124.281610033],[643143.619842348,485107.536917422],[643163.461968224,485088.624360181],[643183.041743297,485069.434557585],[643202.338906733,485049.976950556],[643221.344293267,485030.221285888],[643240.076508873,485010.218077526],[643257.532914325,484991.149665487],[643274.705880432,484971.843426753],[643291.644817957,484952.32072516],[643308.300315956,484932.560196895],[643324.692083526,484912.572386],[643340.141929098,484893.378585607],[643355.257545208,484873.975557388],[643370.168282511,484854.386871346],[643384.824178522,484834.611148649],[643399.225233162,484814.64838932],[643412.847830368,484795.35415123],[643426.215861888,484775.862884224],[643439.357650514,484756.235370532],[643452.264030997,484736.441356962],[643464.935279038,484716.470851047],[643476.960729511,484697.072527061],[643488.760212676,484677.527964124],[643500.323460228,484657.846878991],[643511.660188836,484638.039539942],[643522.760957486,484618.085686266],[643535.963503075,484593.719788947],[643548.820998031,484569.174365549],[643561.304292067,484544.41861139],[643573.421998786,484519.502764744],[643584.976880557,484495.051388999],[643596.166450689,484470.429928497],[643607.000150077,484445.658644062],[643617.478254401,484420.727543261],[643627.495388927,484396.193723979],[643637.126399336,484371.519246262],[643646.420972268,484346.715481448],[643655.37910766,484321.782429609],[643663.918173462,484297.177815287],[643672.070563449,484272.45252787],[643679.925934262,484247.61904168],[643687.424330882,484222.675702295],[643694.555274853,484198.00222461],[643701.358946325,484173.229713645],[643707.795099522,484148.367058991],[643713.903704382,484123.415363709],[643719.696197788,484098.684946747],[643725.131441078,484073.854669596],[643730.248301224,484048.965605296],[643735.027068945,484024.007209945],[643739.511364651,483999.210689756],[643743.63758291,483974.344287199],[643747.445417939,483949.41909781],[643750.91433324,483924.454555193],[643754.110415948,483899.592484549],[643756.987839642,483874.681619807],[643759.496090339,483849.740567366],[643761.705391244,483824.76126496],[643763.633245727,483799.834196612],[643765.241613937,483774.888311978],[643766.500794103,483749.912791439],[643767.430219746,483724.928171546],[643768.130653993,483698.45721705],[643768.451370962,483671.975784693],[643768.421796683,483645.50468676],[643768.042206889,483619.033930848],[643767.26263909,483592.56213841],[643766.58482669,483570.013195632],[643766.167368988,483547.451436821],[643766.019707027,483524.897122644],[643766.068946781,483499.918215838],[643766.468473324,483474.928974338],[643767.16804844,483449.938011939],[643768.197098185,483424.966140725],[643769.446256525,483399.990342693],[643771.015172729,483375.023367483],[643772.92328036,483350.08575145],[643775.130885157,483325.166399134],[643777.655072588,483301.095790734],[643780.478205913,483277.063430917],[643783.610277647,483253.069595326],[643787.387959136,483224.523524283],[643791.594212553,483196.029278206],[643796.178799722,483167.595470906],[643801.181139252,483139.243190127],[643806.551820112,483110.951072199],[643812.310551627,483082.729660939],[643818.486484215,483054.60976087],[643825.050191844,483026.570559753],[643733.613705996,482933.986746208],[643723.515819898,482923.758029602],[643705.934012408,482875.612432713],[643690.844640061,482834.265679493],[643688.962971011,482829.613715193],[643686.656654437,482825.13003643],[643683.993983621,482820.876528103],[643680.974958585,482816.853190221],[643677.638446526,482813.101095577],[643673.993888562,482809.640504867],[643670.080703294,482806.492505888],[643665.908056137,482803.687351821],[643661.525633887,482801.236413655],[643656.942601957,482799.169944566],[643652.198103245,482797.51902483],[643628.797226568,482790.293310856],[643621.846249667,482788.151508773],[643613.487366792,482785.570857651],[643601.826623893,482781.969096755],[643598.942242812,482781.039506194],[643596.080052341,482780.030527106],[643595.71281139,482779.93039378],[643593.239501077,482778.962144478],[643590.431408612,482777.804656532],[643589.7285584,482777.545262028],[643587.654947845,482776.588040748],[643584.910394474,482775.302304638],[643583.873313509,482774.833686506],[643582.197748498,482773.947448199],[643579.517009914,482772.523471436],[643578.176502778,482771.816479309],[643576.878171212,482771.030650049],[643574.281232392,482769.468984035],[643572.648118682,482768.493916156],[643571.715925259,482767.848190195],[643569.202510496,482766.158827431],[643567.317862979,482764.876816642],[643566.730719907,482764.41061254],[643564.300829191,482762.593553029],[643562.185184249,482760.985165759],[643561.912562646,482760.717641391],[643559.575912762,482758.783153327],[643557.280611346,482756.799805628],[643511.772427237,482716.123824868],[643508.378301209,482713.010150078],[643505.249285569,482710.073791515],[643505.056052499,482709.828457807],[643501.8059568,482706.568755566],[643499.014755945,482703.711718265],[643498.628014106,482703.231043356],[643495.531665509,482699.835581852],[643493.087720521,482697.078126473],[643492.517738095,482696.352393584],[643489.585404769,482692.811456024],[643487.447642887,482690.192449716],[643486.724948731,482689.20250098],[643483.956630656,482685.51608736],[643482.124776175,482683.045522593],[643481.269906653,482681.771924441],[643477.117741867,482675.687307538],[643472.456793096,482668.108639139],[643468.121393461,482660.328950965],[643464.140969005,482652.369055063],[643460.525236496,482644.239219597],[643457.2839127,482635.949712726],[643454.39618553,482627.5299605],[643451.891756736,482618.990782465],[643449.770350606,482610.342171077],[643448.071385688,482601.60521406],[643447.630416467,482599.10302408],[643445.772612209,482588.511667291],[643444.602072725,482580.91930049],[643443.862864204,482573.278833601],[643443.544718457,482565.599983387],[643443.575269001,482559.780771206],[643443.96554901,482553.971483937],[643444.694746434,482548.201547635],[643445.75286879,482542.470686591],[643447.148530115,482536.829138923],[643448.87173793,482531.276628918],[643450.941925841,482525.833692921],[643468.359607189,482483.153831988],[643471.161113236,482475.851054193],[643473.536801733,482468.396526774],[643475.52581555,482460.821329988],[643477.107342628,482453.154889953],[643478.300816554,482445.417743052],[643479.055723492,482437.628495853],[643479.643727516,482427.914625475],[643479.902254751,482418.181664882],[643479.830478136,482408.459591579],[643479.448658339,482398.738964475],[643478.746527182,482389.029500412],[643477.713540809,482379.350908707],[643472.592208737,482336.989211722],[643466.842598842,482289.490134039],[643465.421144785,482279.030818394],[643463.598336703,482268.620430488],[643461.413593201,482258.280058064],[643458.866362931,482248.029686146],[643455.946653422,482237.869039079],[643452.683890799,482227.818928928],[643449.067806915,482217.889072523],[643445.097850434,482208.099454877],[643440.79428204,482198.440634891],[643436.146006555,482188.952306865],[643431.163016499,482179.634746505],[643425.865296879,482170.48850519],[643420.242028207,482161.543284724],[643414.303203004,482152.799360807],[643408.078523092,482144.267552974],[643401.51692336,482135.986452797],[643397.022107683,482130.722399867],[643392.230066564,482125.720149597],[643387.180494299,482120.990797183],[643381.883383404,482116.534618303],[643376.368711363,482112.352439985],[643370.625383004,482108.48395649],[643364.693643975,482104.920278029],[643358.572942944,482101.681389567],[643352.3029742,482098.778386277],[643345.874020953,482096.200999982],[643339.315233649,482093.980035151],[643332.656865435,482092.106326306],[643325.898640648,482090.589865912],[643319.06943405,482089.471450914],[643304.596116574,482087.41214098],[643298.06585794,482086.331973869],[643291.616022521,482084.87402216],[643285.246334631,482083.048278358],[643278.995937163,482080.885822642],[643272.865105778,482078.376662542],[643266.904354226,482075.502191495],[643259.878405938,482071.728325934],[643253.053066277,482067.569991571],[643246.446666123,482063.087694669],[643240.069473606,482058.271718434],[643233.940646633,482053.152591669],[643228.080170135,482047.730865732],[643222.48804408,482042.006540624],[643217.202859991,482036.030681451],[643212.214901027,482029.793020053],[643207.54360077,482023.314092733],[643203.208668479,482016.604443312],[643199.209277103,482009.694049215],[643195.555143422,482002.593178583],[643192.255984216,481995.312099555],[643189.330957403,481987.88134089],[643186.779787288,481980.31089505],[643184.611639315,481972.63101512],[643182.836505949,481964.841976747],[643181.443292004,481956.983474152],[643180.481959872,481949.056885656],[643179.667138359,481940.894337087],[643178.490523337,481930.621789587],[643176.912830413,481920.388177749],[643175.003179948,481910.225408747],[643172.701341407,481900.141821071],[643157.614851567,481838.025098401],[643153.292403958,481819.625698855],[643152.875685497,481817.694186488],[643149.362142959,481801.147118518],[643145.773830477,481782.597971474],[643142.56771207,481763.969367838],[643133.228657992,481707.021255693],[643131.806219624,481697.321934224],[643130.785685391,481687.553699521],[643130.155684494,481677.766238278],[643129.906224451,481667.959274789],[643130.046746413,481658.153069644],[643130.56670658,481648.367332094],[643131.476373096,481638.592345287],[643132.764650844,481628.867803436],[643134.431264174,481619.203698988],[643136.475937439,481609.610024381],[643138.898119333,481600.106764542],[643141.697809874,481590.693919435],[643144.893615746,481581.422002742],[643154.949300085,481553.669169797],[643174.811263387,481498.866624273],[643160.496450193,481496.861716953],[643155.087348724,481496.102494377],[643093.902645054,481487.554574856],[643076.877875923,481485.184908431],[643012.515236441,481476.199322731],[642941.896633639,481466.341156522],[642858.099082055,481454.62942604],[642840.327371846,481452.149157093],[642830.465425213,481450.767095213],[642827.374857988,481452.96185481],[642810.902101175,481464.657521741],[642809.239423334,481465.841663583],[642803.425736299,481469.961316585],[642800.845267492,481471.790144757],[642807.07567068,481502.952242459],[642807.120119898,481503.1534701],[642805.563637581,481505.200547481],[642790.600981055,481524.867925883],[642773.578500166,481535.828417324],[642742.526180921,481555.84193917],[642734.106940836,481561.249720708],[642717.666161307,481571.78625206],[642675.621580629,481598.7665757],[642654.548502311,481612.285333754],[642633.60780782,481625.717741316],[642624.608248485,481631.499512278],[642595.935523298,481650.078649675],[642588.920054684,481654.625145661],[642562.080983228,481671.984855319],[642559.932879006,481673.36560491],[642561.990840798,481676.702398879],[642546.157884105,481686.955683722],[642545.966029123,481686.660389169],[642537.434669887,481692.145070829],[642534.278567314,481694.178016787],[642528.57672918,481698.230746605],[642526.067311216,481700.021530917],[642525.190112782,481698.107319693],[642512.382255114,481706.36404271],[642501.946470753,481713.096193721],[642475.322482933,481730.271825301],[642450.154984067,481746.487628176],[642424.295043289,481763.154328509],[642399.79890251,481778.958644195],[642376.127313218,481794.235701256],[642370.283584261,481797.994510883],[642353.219769252,481809.003830851],[642330.556180154,481823.628687397],[642306.976731477,481838.82827875],[642282.36847406,481854.709489249],[642258.850360653,481869.860767446],[642256.625288161,481866.419364699],[642244.661559908,481873.439353605],[642239.284859807,481876.581040829],[642237.388709273,481874.628720348],[642230.037585529,481867.055881005],[642226.442090935,481870.51670883],[642220.948526396,481864.845125246],[642211.107977376,481854.713596258],[642201.618335096,481844.911750264],[642192.177001029,481835.171237911],[642185.467736233,481828.256111269],[642183.668753528,481826.406472577],[642179.303162463,481821.896014354],[642178.048870791,481820.601405156],[642177.980853328,481820.529528367],[642175.832342191,481818.300245274],[642130.618989722,481771.652698313],[642129.782795265,481770.789625794],[642089.401438961,481729.145417734],[642011.294438721,481648.550310277],[641993.062794086,481629.757273793],[641984.526222848,481620.931738572],[641990.290210223,481615.350722599],[641975.607946583,481600.205620979],[641917.035187013,481539.759541633],[641905.872878991,481528.241565414],[641877.15992679,481498.61935812],[641872.473130134,481493.790047203],[641815.7090689,481435.203911835],[641769.718368394,481387.735032714],[641767.560896788,481379.305485507],[641765.718979438,481372.124647903],[641726.679359567,481331.867562726],[641725.502801927,481330.655102209],[641718.404864598,481323.329274547],[641669.711517406,481273.055864866],[641669.333166521,481246.895339235],[641668.981294462,481245.875629242],[641660.808985385,481221.670111381],[641651.988198761,481195.596700266],[641636.02786359,481179.656378215],[641635.48310443,481180.191352672],[641629.101945121,481186.39534722],[641623.87163693,481191.481084402],[641618.243689434,481185.605817238],[641612.849496034,481179.956999172],[641611.770657354,481178.827235582],[641611.633648839,481169.293425797],[641609.897997048,481167.685542432],[641603.003214735,481160.245325235],[641601.690897545,481158.879120474],[641582.902840224,481139.230788665],[641582.49445963,481138.809522158],[641571.054496486,481126.843913506],[641565.144761957,481120.670874612],[641559.76028507,481115.0323268],[641554.366091389,481109.383511121],[641548.971622057,481103.744688075],[641547.699274549,481102.379586375],[641543.373169577,481098.250238795],[641537.127828892,481093.367947158],[641530.28308143,481089.189123187],[641522.787862573,481085.752358357],[641514.942151427,481082.695926492],[641506.908513871,481079.564310644],[641493.78810817,481073.052367724],[641492.495639012,481072.41671338],[641484.825503663,481057.195091931],[641480.692901891,481048.951072359],[641480.361083625,481048.291917426],[641477.943668645,481043.485220472],[641475.849457661,481039.287440754],[641472.409642458,481032.392535661],[641466.262015075,481023.242930496],[641466.970096856,481021.862459005],[641462.848383133,481013.948741664],[641459.068755652,481006.684462599],[641459.457839429,481006.355194458],[641456.893435074,481003.614449028],[641457.641625346,481002.955085829],[641456.914795924,481002.115034284],[641451.905275511,480996.296833225],[641444.376212366,480987.199123269],[641441.266359279,480984.293331749],[641435.182963748,480978.615509303],[641430.036032391,480974.153522124],[641421.076262322,480965.806349958],[641420.747684445,480966.117287086],[641418.822452287,480964.494176419],[641415.47057603,480961.661709483],[641412.108431725,480958.838959397],[641408.642504307,480956.153346913],[641405.959708081,480954.079338257],[641401.970246357,480951.159283894],[641392.522506615,480945.638659709],[641390.464892332,480944.101897849],[641383.282263755,480939.483758028],[641373.305407839,480933.568538261],[641367.716813935,480930.254372477],[641366.831277891,480929.729944278],[641362.501868083,480927.170514202],[641354.827681902,480922.608816037],[641351.384083854,480920.563821889],[641331.627465657,480908.838822177],[641322.103922527,480903.166109283],[641321.306664532,480902.704116468],[641308.919980638,480895.332422633],[641295.736314759,480887.488744259],[641290.423374984,480884.332184217],[641289.222767499,480883.629064909],[641281.644923473,480879.200026751],[641281.007268592,480878.752436619],[641278.279266268,480876.867182945],[641266.397304998,480870.049414694],[641258.689008669,480865.636778827],[641237.748876332,480852.589137565],[641235.143609195,480850.967270443],[641211.865804001,480837.83514848],[641204.920321363,480839.48356659],[641201.776993411,480844.316869325],[641200.753911213,480845.878651283],[641183.942312096,480871.674962501],[641178.846334213,480879.504407339],[641165.762995447,480899.563546794],[641158.797723979,480895.041407208],[641148.924312473,480888.639045873],[641068.107310637,480835.959697453],[641026.230169555,480808.664521719],[641052.324261418,480770.814253218],[641076.02224816,480736.447889276],[641090.189368259,480715.888643092],[641110.061651034,480687.166752123],[641118.561095236,480674.861179062]]]},"properties":{"NAZWA_DZIELNICY":"Mokotów","KODTERYT":"146505_8"}},{"type":"Feature","geometry":{"type":"Polygon","coordinates":[[[644673.357099559,487246.894649028],[644670.858872751,487244.655653393],[644665.133268891,487238.697513155],[644645.298102321,487217.139658138],[644644.890553692,487216.688401402],[644611.316774533,487180.221087523],[644586.356657956,487152.681684043],[644567.027522975,487131.267811404],[644552.889912678,487115.597330846],[644489.261344049,487044.149917021],[644474.506403443,487028.382402268],[644292.158671067,486826.796208164],[644256.153320567,486786.761816144],[644211.464783184,486737.057626081],[644189.82748674,486713.040061889],[644093.459575781,486605.68867611],[644037.049835172,486542.980846145],[643974.248661438,486473.076535206],[643971.316155351,486469.905553211],[643852.813293746,486338.813082148],[643848.029590652,486333.510981683],[643739.920594339,486213.87563308],[643664.354170545,486130.388976251],[643661.772567579,486127.547689906],[643637.354636373,486100.653434676],[643623.408803823,486084.918344842],[643613.555411716,486073.806261558],[643581.778855188,486038.88882486],[643529.33273362,485980.760656876],[643448.184106933,485890.829981794],[643340.160660679,485771.717321314],[643323.401739144,485753.194594191],[643232.79270013,485653.492846895],[643210.202559273,485670.519509471],[643176.183965021,485625.53019389],[643167.688915601,485590.565422788],[643166.036736373,485583.759762986],[643161.708240818,485565.950140771],[643153.617928928,485550.016710376],[643141.117373687,485537.351587964],[643138.860768832,485534.329280052],[643133.47967655,485527.12070098],[643117.937863205,485511.601618177],[643112.884424353,485506.652102579],[643045.772353931,485438.5892655],[643030.987550401,485423.541088769],[642999.384398451,485391.398598694],[642903.352752255,485300.84748463],[642881.82058096,485315.41333359],[642860.077401364,485329.653354273],[642838.161804496,485343.618612188],[642816.053529718,485357.318548263],[642793.774492538,485370.683766861],[642771.312770073,485383.783939485],[642748.680285368,485396.54939472],[642725.031116983,485409.556789985],[642701.202021507,485422.199214646],[642677.201612551,485434.526906851],[642653.030441771,485446.519881736],[642628.708218377,485458.188683402],[642604.215233318,485469.522767872],[642579.591180711,485480.533230823],[642554.787753084,485491.158738641],[642529.062539197,485501.84880411],[642503.187927919,485512.154741843],[642477.163919329,485522.076551925],[642450.999678584,485531.644487591],[642424.715742238,485540.839115598],[642398.291849667,485549.669876903],[642371.758529871,485558.117614066],[642345.104963087,485566.212028735],[642318.332252546,485573.913151203],[642291.469548272,485581.251786285],[642264.487424564,485588.207121803],[642237.425575469,485594.790253469],[642210.274560174,485600.980920697],[642198.847025187,485603.425534319],[642183.043819586,485606.79938427],[642155.723637098,485612.235376048],[642128.334273432,485617.279455279],[642100.875177039,485621.951606947],[642073.347175338,485626.221853833],[642045.76942586,485630.12072495],[642018.132487784,485633.627959728],[641990.456346011,485636.744109865],[641962.741000567,485639.469175466],[641934.985899884,485641.823141509],[641907.201863799,485643.776306591],[641879.388892326,485645.328670821],[641851.566142963,485646.510763197],[641823.714734029,485647.282062511],[641795.872980491,485647.703626633],[641768.023655431,485647.674979782],[641740.164000911,485647.296046365],[641712.325373184,485646.517691728],[641684.497779813,485645.339640188],[641656.69066163,485643.782152503],[641628.904294415,485641.835236353],[641601.148670578,485639.49916764],[641573.423790103,485636.77394647],[641545.749913604,485633.650132122],[641518.127316851,485630.117732278],[641493.184961345,485626.939309203],[641468.180786697,485624.189181717],[641443.146149153,485621.818215003],[641418.081048732,485619.826408962],[641392.995202071,485618.224031711],[641367.878340974,485617.020799775],[641342.74156104,485616.177019187],[641317.593475726,485615.742927717],[641292.454069865,485615.719076848],[641267.556202657,485616.001893167],[641242.686448095,485616.715486309],[641217.806767074,485617.788806115],[641192.956301856,485619.252932899],[641168.125611602,485621.087605951],[641143.324412916,485623.303093381],[641118.562698192,485625.899670886],[641093.851011401,485628.857629352],[641069.178532734,485632.206670117],[641044.555806161,485635.927084064],[641020.013084661,485640.00970608],[640995.519563608,485644.483685911],[640971.096330953,485649.309605437],[640946.752275888,485654.527709976],[640922.497666568,485660.128282828],[640918.199195213,485661.15964498],[640913.910716318,485662.191282895],[640909.611693494,485663.242629788],[640905.332379735,485664.304520638],[640901.042797839,485665.376128064],[640896.762656813,485666.467996053],[640892.482515844,485667.55986401],[640888.201823345,485668.671716735],[640883.930847509,485669.793837622],[640879.659595935,485670.925950876],[640875.388068625,485672.068056497],[640871.126257977,485673.220430276],[640866.864447384,485674.372804025],[640862.611801865,485675.55543073],[640858.359156402,485676.738057403],[640854.105959406,485677.940668838],[640849.852486672,485679.153272637],[640845.608730598,485680.376144594],[640841.364698785,485681.609008913],[640837.13038363,485682.85214139],[640832.895516941,485684.115258628],[640828.660650308,485685.378375828],[640824.435224538,485686.661753582],[640820.209523027,485687.955123699],[640815.993538174,485689.258761969],[640811.767285183,485690.572116806],[640807.560741245,485691.896015589],[640803.343929169,485693.229630941],[640799.136833748,485694.573514444],[640794.939179188,485695.937658497],[640790.741524681,485697.301802513],[640786.543318638,485698.685931282],[640782.354829247,485700.080328203],[640778.166064114,485701.484717479],[640773.976747444,485702.90909151],[640769.797423221,485704.333741292],[640765.617823255,485705.768383434],[640761.447664146,485707.223286119],[640757.277229293,485708.688181159],[640753.116786886,485710.153351954],[640748.956068734,485711.628515101],[640744.794799043,485713.123662997],[640740.643246002,485714.62907904],[640736.49114142,485716.154479832],[640732.349029283,485717.680156377],[640728.2066414,485719.215825275],[640724.073694369,485720.771754711],[640719.940471592,485722.337676499],[640715.807248865,485723.903598243],[640711.683466988,485725.489780527],[640707.569401758,485727.086230958],[640703.45506078,485728.692673735],[640699.340444055,485730.309108863],[640695.235543975,485731.935812135],[640691.130368147,485733.572507755],[640687.034633167,485735.22946391],[640682.948890627,485736.886695819],[640678.852604148,485738.563636668],[640674.776302502,485740.241129066],[640670.689456918,485741.938330404],[640666.622320367,485743.64607568],[640662.544915675,485745.363537506],[640658.477227622,485747.091267474],[640654.419256212,485748.829265582],[640650.360733254,485750.587248426],[640646.312202731,485752.345507019],[640642.263672254,485754.103765566],[640638.224306822,485755.89227703],[640634.184941434,485757.680788449],[640630.155016888,485759.489560398],[640626.124816588,485761.308324688],[640622.104608722,485763.127364728],[640618.083849306,485764.966389496],[640614.072806525,485766.815682405],[640610.071480382,485768.675243448],[640606.069878482,485770.544796833],[640602.068000827,485772.42434256],[640598.07556401,485774.32414881],[640594.093119624,485776.224230806],[640590.110675279,485778.124312754],[640586.12767938,485780.044379431],[640582.164116706,485781.984982425],[640578.190561683,485783.925309574],[640574.236439882,485785.886173043],[640570.272325732,485787.84676066],[640566.327644805,485789.827884601],[640562.382688118,485791.819000877],[640558.437455673,485793.820109488],[640554.502215655,485795.821493845],[640550.576416467,485797.843138723],[640546.650341519,485799.874775936],[640542.734258998,485801.906688892],[640538.827617305,485803.958862371],[640534.920699852,485806.021028182],[640531.013506636,485808.093186325],[640527.116030047,485810.175612603],[640523.228270083,485812.268307011],[640519.350226745,485814.37126955],[640515.461915255,485816.48394862],[640511.593036978,485818.617164007],[640507.724158736,485820.75037934],[640503.864997117,485822.893862803],[640500.005559732,485825.047338596],[640496.155563172,485827.221074903],[640492.315559032,485829.395086956],[640488.475554925,485831.56909895],[640484.64471584,485833.773363848],[640480.823869174,485835.977904487],[640477.002470942,485838.202429841],[640473.181072743,485840.426955137],[640469.379107748,485842.672016746],[640465.577142785,485844.917078299],[640461.774902054,485847.172132176],[640457.992094525,485849.447722368],[640454.209287027,485851.723312501],[640450.425927959,485854.018887347],[640446.652561308,485856.314737934],[640442.88863547,485858.630849031],[640439.134977846,485860.937243486],[640435.380492853,485863.273615035],[640431.636000271,485865.610262327],[640427.890956118,485867.966894325],[640424.155904378,485870.323802066],[640420.430569249,485872.69097793],[640416.714674931,485875.078414304],[640412.99878064,485877.465850618],[640409.292327158,485879.873547441],[640405.585873703,485882.281244203],[640401.889136857,485884.699209089],[640398.191848435,485887.137158682],[640394.524537189,485889.575935615],[640390.837241202,485892.014160889],[640387.169102602,485894.48291485],[640383.500964027,485896.951668751],[640379.852534441,485899.430966577],[640376.203829077,485901.920256723],[640372.564840317,485904.419814992],[640368.925575781,485906.929365581],[640365.296027847,485909.449184294],[640361.676196516,485911.979271127],[640358.056089407,485914.519350281],[640354.45569128,485917.069973359],[640350.855017374,485919.630588755],[640347.25434349,485922.191204088],[640343.673102784,485924.77235573],[640340.091862099,485927.353507306],[640336.520062212,485929.954919385],[640332.947986543,485932.566323781],[640329.395895655,485935.178279721],[640325.84325318,485937.810220361],[640322.300603106,485940.442436739],[640318.757401446,485943.094637815],[640315.224192184,485945.74711463],[640311.700699518,485948.409859565],[640308.186923446,485951.08287262],[640304.683139772,485953.756161414],[640301.178804509,485956.449434906],[640297.684185839,485959.152976516],[640294.199283762,485961.866786247],[640290.714105897,485964.590588293],[640287.248637003,485967.324934261],[640283.783168125,485970.059280165],[640280.327140033,485972.813886566],[640276.871111956,485975.568492904],[640273.434517044,485978.343635545],[640269.997922146,485981.118778119],[640266.571043835,485983.904188815],[640263.143889735,485986.699591819],[640259.736720404,485989.495546372],[640256.328999477,485992.311485616],[640252.930995136,485995.137692978],[640249.542983185,485997.964176079],[640246.164412015,486000.810919677],[640242.785840855,486003.65766321],[640239.416710475,486006.524667238],[640236.057572483,486009.391947005],[640232.698158696,486012.269219086],[640229.358453869,486015.157035088],[640226.018473247,486018.054843403],[640222.688209205,486020.962919835],[640219.377929926,486023.871547814],[640216.057382473,486026.789892298],[640212.756543977,486029.718780703],[640209.465422059,486032.657937229],[640206.174024343,486035.607086063],[640202.892343204,486038.566503015],[640199.620378644,486041.536188084],[640196.358130659,486044.516141268],[640193.09588268,486047.49609439],[640189.853067847,486050.496583807],[640186.610253018,486053.49707316],[640183.377154765,486056.507830632],[640180.153773084,486059.528856219],[640176.940107977,486062.56014992],[640173.284911057,486066.009256009],[640169.638879096,486069.488614945],[640166.002563707,486072.978241975],[640162.386233071,486076.468420537],[640158.769350825,486079.978583761],[640155.162185147,486083.499015084],[640151.574728415,486087.029990309],[640147.99698825,486090.571233632],[640144.428964653,486094.122745051],[640140.870381815,486097.694516941],[640137.321791351,486101.266564554],[640133.78319326,486104.838887888],[640130.253760119,486108.441464067],[640126.744311723,486112.044591779],[640123.244304082,486115.667979958],[640119.744296438,486119.291368054],[640116.263721921,486122.935292428],[640112.783147399,486126.579216717],[640109.331998375,486130.243953092],[640105.880573538,486133.918681756],[640102.449133441,486137.593961951],[640099.01714172,486141.28922681],[640095.60485893,486144.995035572],[640092.202292695,486148.711112431],[640088.819987006,486152.417748453],[640085.436853881,486156.154361508],[640082.073429682,486159.901518468],[640078.709729665,486163.658667715],[640075.365738572,486167.426360869],[640072.041732212,486171.194605561],[640068.717174221,486174.982834908],[640065.412325151,486178.781608166],[640062.107200261,486182.59037371],[640058.8220601,486186.399690788],[640055.546360677,486190.229268339],[640052.290370173,486194.069389796],[640049.034655465,486197.899518798],[640045.798098052,486201.760176452],[640042.571257183,486205.631102204],[640039.35440867,486209.50230368],[640036.147000889,486213.39376563],[640032.959577833,486217.285779118],[640029.771878949,486221.187784892],[640026.603613164,486225.110326946],[640023.455332101,486229.03342054],[640020.306775208,486232.966506422],[640017.177927223,486236.910136214],[640014.058519965,486240.874026477],[640010.959373238,486244.828475909],[640007.859950679,486248.792917632],[640004.779961212,486252.777895636],[640001.70968828,486256.773141738],[639998.649131883,486260.77865594],[639995.608560201,486264.784721687],[639992.57742924,486268.811047902],[639989.556290623,486272.83764985],[639986.544868539,486276.874519898],[639983.553155353,486280.921933861],[639980.571158697,486284.979615922],[639977.598878571,486289.047566086],[639974.636590787,486293.115791984],[639971.693736085,486297.204554165],[639968.760873725,486301.293592079],[639965.827459708,486305.402614648],[639962.924022767,486309.512464583],[639960.030302352,486313.632582619],[639957.136030277,486317.772685308],[639954.241758173,486321.912787918],[639951.357202593,486326.06315863],[639948.482639349,486330.213805079],[639945.608076077,486334.364451446],[639942.733236958,486338.525090098],[639939.868390177,486342.686004489],[639937.00381918,486346.836926431],[639934.148688888,486351.008108844],[639930.834863117,486355.856628579],[639927.53102967,486360.705424024],[639924.226920364,486365.564211724],[639920.942795749,486370.42355095],[639917.648678724,486375.282614256],[639914.374270572,486380.152221451],[639911.099862377,486385.021828541],[639907.835170687,486389.901703706],[639904.560762405,486394.771310581],[639901.305787175,486399.661453715],[639898.060804267,486404.551872561],[639894.825813679,486409.442567117],[639891.590547228,486414.343253933],[639888.365273097,486419.244216461],[639885.139723102,486424.155171248],[639881.924165427,486429.066401747],[639878.71860007,486433.977907958],[639875.512758847,486438.899406429],[639872.326902308,486443.821456431],[639869.130777538,486448.753222875],[639865.954913269,486453.675548487],[639862.778773133,486458.607866358],[639859.612349494,486463.550452307],[639856.445649987,486468.503030516],[639853.29921098,486473.446167895],[639850.142503739,486478.399021715],[639846.995512994,486483.362143612],[639843.858514563,486488.325541224],[639840.731508445,486493.289214552],[639837.614218822,486498.263155964],[639834.496929147,486503.237097269],[639831.389907607,486508.201321929],[639828.282334375,486513.18553121],[639825.194469995,486518.180284395],[639822.096889023,486523.164769292],[639819.019016904,486528.159798089],[639815.940868911,486533.164819148],[639812.872713229,486538.170115924],[639809.814549857,486543.17568842],[639806.756110609,486548.191253176],[639803.707663672,486553.207093653],[639800.669209043,486558.223209849],[639797.640746723,486563.239601764],[639794.612008526,486568.26598594],[639791.57300209,486573.302086554],[639788.573965047,486578.339290356],[639785.554943227,486583.375942413],[639782.555630251,486588.423138373],[639779.55631722,486593.470334234],[639776.576713032,486598.528074002],[639773.587116427,486603.585537844],[639770.617504489,486608.643553236],[639767.64761667,486613.711560886],[639764.687996981,486618.769851898],[639761.73809377,486623.838410998],[639758.787914679,486628.916962356],[639755.847727889,486633.99578944],[639752.917533404,486639.074892249],[639749.987063035,486644.163987317],[639747.066309143,486649.263350473],[639744.155823378,486654.352996994],[639741.255054089,486659.4529116],[639738.354008915,486664.56281847],[639735.452963682,486669.67272524],[639732.561910749,486674.782907734],[639729.681125943,486679.883373598],[639726.809781783,486685.004099911],[639723.948429922,486690.125101948],[639721.086802175,486695.256096251],[639718.235166725,486700.387366279],[639715.393523574,486705.518912039],[639712.561596893,486710.660725887],[639709.729670151,486715.802539637],[639706.907735705,486720.944629119],[639704.085525369,486726.09671086],[639701.27330733,486731.249068332],[639698.470805758,486736.411693896],[639695.678572311,486741.564602832],[639692.886062972,486746.727504031],[639690.103545928,486751.890680961],[639687.320752991,486757.063850153],[639684.557944707,486762.237570907],[639681.79486053,486767.421283924],[639679.041768645,486772.605272673],[639676.288676696,486777.789261327],[639673.54530121,486782.983518073],[639670.811918017,486788.178050553],[639668.088527115,486793.372858771],[639665.364860317,486798.577659248],[639662.651461642,486803.772743108],[639659.947779427,486808.978095058],[639657.253813672,486814.193715102],[639654.559847849,486819.409335054],[639651.875874317,486824.62523074],[639649.191624886,486829.85111869],[639646.527360102,486835.077558209],[639643.862819418,486840.313989993],[639641.198554498,486845.540429327],[639638.544006034,486850.777136753],[639635.899174026,486856.024112279],[639633.264334305,486861.271363542],[639630.639486872,486866.518890546],[639628.014915202,486871.756425099],[639625.823751722,486876.145926106],[639623.622595839,486880.535151212],[639621.431432263,486884.924652088],[639619.220283927,486889.313601229],[639617.009411376,486893.692557951],[639614.798538778,486898.071514611],[639612.587666132,486902.450471203],[639610.366801082,486906.829151895],[639608.135943629,486911.207556687],[639605.905361963,486915.575969062],[639603.674504416,486919.954373724],[639601.423937945,486924.322234295],[639599.183639616,486928.680378281],[639596.933073052,486933.048238722],[639594.683058111,486937.396114385],[639592.432491451,486941.763974693],[639590.172208227,486946.121566745],[639587.912200791,486950.469166376],[639585.641925119,486954.82648246],[639583.371925236,486959.173806123],[639581.091657117,486963.530846237],[639578.811664788,486967.877893931],[639576.531948249,486972.214949204],[639574.241963474,486976.561720928],[639571.952254489,486980.898500233],[639569.652553105,486985.235003632],[639567.352851676,486989.571506962],[639565.043157848,486993.907734392],[639562.743732165,486998.234245238],[639560.424045893,487002.570196696],[639558.104911251,487006.886163376],[639555.775508374,487011.211846508],[639553.456373642,487015.527813054],[639551.126970675,487019.85349605],[639548.787851149,487024.168910788],[639546.448731578,487028.484325456],[639544.109611963,487032.799740058],[639541.760499951,487037.114878751],[639539.411663734,487041.420025026],[639537.05283512,487045.724895393],[639534.703998817,487050.030041531],[639532.335177763,487054.334635923],[639529.966632506,487058.629237891],[639527.598087205,487062.923839795],[639525.219549509,487067.218165789],[639522.84101177,487071.512491714],[639520.462749828,487075.796825221],[639518.064227299,487080.090599329],[639515.685965272,487084.374932695],[639513.277726147,487088.658438473],[639510.87947933,487092.942220025],[639508.47124012,487097.225725665],[639506.063276709,487101.499238883],[639503.655313256,487105.772752033],[639501.23735741,487110.045989273],[639498.777501227,487114.38806954],[639496.317920844,487118.720157384],[639493.848348065,487123.051969314],[639491.368782894,487127.383505332],[639488.899210031,487131.715317119],[639486.409928265,487136.036584801],[639483.930362967,487140.368120602],[639481.441081117,487144.689388138],[639478.941806875,487149.010379761],[639476.452524942,487153.331647152],[639473.943534109,487157.642370435],[639471.444259742,487161.96336184],[639468.915284124,487166.273533292],[639466.406569009,487170.574264009],[639463.887585661,487174.884711158],[639461.359161607,487179.174897692],[639458.830185827,487183.485068852],[639456.301761692,487187.775255241],[639453.773061674,487192.075433905],[639451.224652759,487196.365068459],[639448.685960311,487200.664971136],[639446.137551316,487204.954605541],[639443.579425776,487209.233971681],[639441.031016702,487213.523605944],[639438.462898733,487217.802696091],[639435.904773074,487222.082062011],[639433.336655027,487226.361152012],[639430.758820437,487230.629973745],[639428.180985807,487234.898795404],[639425.593158789,487239.167341146],[639423.015599928,487243.426170308],[639420.417780485,487247.694440058],[639417.820236848,487251.952717379],[639415.222693174,487256.210994629],[639412.625149462,487260.469271804],[639410.017613362,487264.72727306],[639407.400360723,487268.975006045],[639404.793100396,487273.223014804],[639402.165855333,487277.470471795],[639399.548878427,487281.708212208],[639396.921633291,487285.955669047],[639394.284671616,487290.192857618],[639391.657702251,487294.430321963],[639389.011299849,487298.64724984],[639386.374338063,487302.884438186],[639383.717667393,487307.111082417],[639381.070989035,487311.338002415],[639378.404325944,487315.564370647],[639375.747931013,487319.781022303],[639373.081543699,487323.997398035],[639370.41515635,487328.213773691],[639367.738776618,487332.429873425],[639365.062672698,487336.635980734],[639362.386568743,487340.84208797],[639359.700472406,487345.04791928],[639357.004383688,487349.253474664],[639354.318838979,487353.439321131],[639351.62302604,487357.634884018],[639348.91722072,487361.830170981],[639346.211415366,487366.025457866],[639343.505885827,487370.21075233],[639340.790363908,487374.395770868],[639338.074841954,487378.580789329],[639335.349327621,487382.765531868],[639332.624089104,487386.940281981],[639329.898850553,487391.115032018],[639327.163619624,487395.289506126],[639324.428388662,487399.46398016],[639321.673724676,487403.617917724],[639318.928777152,487407.782123409],[639316.173837251,487411.946053164],[639313.428889662,487416.110258697],[639310.664233201,487420.263920103],[639307.899576708,487424.417581431],[639305.134920184,487428.571242684],[639302.370263626,487432.724903859],[639299.595890544,487436.868296762],[639296.811525085,487441.011413733],[639294.03715194,487445.154806482],[639291.243069926,487449.287655101],[639288.458980225,487453.4207795],[639285.665174002,487457.543635622],[639282.861099551,487461.676208158],[639280.05702507,487465.808780617],[639277.253226409,487469.931360656],[639274.449427719,487474.053940615],[639271.615651967,487478.175692939],[639268.802136725,487482.288004546],[639265.988897307,487486.390323732],[639263.175933713,487490.482650497],[639260.352977745,487494.574701332],[639257.530021748,487498.666752089],[639254.707341576,487502.748810426],[639251.874669031,487506.830592833],[639249.032004115,487510.912099306],[639246.199607367,487514.983889214],[639243.357218247,487519.05540319],[639240.504836757,487523.126641232],[639237.652455239,487527.197879197],[639234.800073692,487531.269117083],[639231.93797563,487535.330086697],[639229.07587754,487539.39105623],[639226.213779422,487543.452025686],[639223.341688935,487547.51271921],[639220.469874274,487551.563420312],[639217.578074905,487555.613569626],[639214.696267848,487559.663994715],[639211.804744279,487563.704151532],[639208.913220685,487567.744308266],[639206.021697063,487571.784464926],[639203.120456929,487575.814353307],[639200.218940913,487579.85423395],[639197.317700727,487583.884122177],[639194.406468174,487587.913734467],[639191.485519111,487591.93307848],[639188.574562363,487595.95269827],[639185.653337392,487599.982034468],[639182.722671769,487603.991110046],[639179.791730263,487608.010177888],[639176.86106459,487612.019253309],[639173.920682409,487616.018060455],[639170.980024345,487620.02685986],[639168.039642115,487624.025666847],[639165.08926752,487628.024197897],[639162.128900561,487632.02245301],[639159.178525917,487636.020983902],[639156.208442429,487640.008970658],[639153.238358916,487643.996957334],[639150.27826772,487647.985219791],[639147.298467679,487651.962938108],[639144.328659955,487655.940932209],[639141.348859868,487659.918650369],[639138.359067418,487663.89609259],[639135.369826665,487667.853550054],[639132.380310029,487671.820999777],[639129.390793371,487675.788449422],[639126.391284351,487679.755623127],[639123.38205883,487683.712528553],[639120.372833287,487687.669433901],[639117.363883583,487691.61634683],[639114.354657995,487695.573252015],[639111.335715908,487699.519888925],[639108.306781462,487703.466249892],[639105.288115193,487707.402894302],[639102.249188366,487711.348979251],[639099.220529716,487715.285347641],[639096.182154568,487719.211447752],[639093.143779401,487723.137547783],[639090.085419537,487727.063096012],[639087.037051991,487730.988920024],[639083.978967949,487734.904475754],[639080.930876223,487738.820307266],[639077.862799804,487742.735586975],[639074.804715702,487746.651142465],[639071.736639243,487750.566422012],[639068.658846289,487754.471433278],[639065.591045653,487758.376720329],[639062.503536187,487762.271463237],[639059.426019038,487766.166481926],[639056.338785398,487770.051232338],[639053.241283539,487773.94569914],[639050.154049861,487777.830449391],[639047.056823828,487781.714923697],[639043.949605441,487785.599122059],[639040.842387036,487789.48332034],[639037.735444476,487793.357526205],[639207.203756568,487946.245489493],[639209.857671787,487948.638748925],[639251.139105319,487985.888298761],[639270.340573646,488003.218347556],[639277.385109027,488009.57280969],[639279.95589998,488009.543785079],[639282.587536433,488006.586452085],[639288.684884373,488012.114767572],[639301.606262725,488023.291461279],[639307.710231661,488028.579961197],[639302.935245067,488054.478029183],[639317.860207653,488068.060031922],[639361.70899674,488107.940483169],[639401.523680504,488161.009521755],[639436.738212114,488226.761524784],[639461.591731326,488296.897468725],[639462.52895372,488299.533335834],[639487.057210041,488294.160561497],[639491.267263736,488313.716733631],[639466.772294343,488318.970425887],[639466.058365404,488393.000465052],[639465.434157124,488457.623013196],[639464.872826772,488500.047372161],[639462.983565392,488581.87493422],[639462.141379774,488584.851671251],[639466.171632703,488586.65294152],[639464.907621533,488590.058030414],[639464.647871549,488593.670846522],[639464.28687965,488629.200760193],[639464.223535338,488635.478990171],[639460.238099422,488652.698892621],[639464.421091331,488653.31438498],[639463.616235882,488657.112149794],[639463.227407288,488672.281363153],[639462.892868822,488685.12208329],[639462.674466553,488688.686041117],[639461.183942383,488720.21478097],[639461.895227617,488732.844377707],[639462.395796058,488741.878168504],[639462.548369292,488744.682371775],[639465.531988467,488776.784644689],[639466.033083002,488783.988456334],[639467.353815859,488802.794860372],[639483.522228792,488804.661280053],[639483.850981244,488808.690344048],[639485.625338558,488823.019289033],[639486.066861481,488825.861470668],[639487.935671324,488835.683038503],[639488.250424401,488837.321723845],[639488.812131286,488840.157223962],[639489.198486181,488841.73788651],[639489.810922489,488844.184788607],[639478.07204713,488846.680656878],[639490.977565661,488887.766859571],[639491.86929551,488890.601472184],[639492.750853215,488892.355807443],[639507.708183667,488922.148703662],[639518.146688506,488916.406943267],[639519.238085497,488918.167072692],[639525.143190498,488927.760090745],[639527.29738685,488931.229560307],[639529.593407406,488934.632946094],[639540.078270202,488948.942404094],[639542.650705804,488952.113423105],[639554.091343634,488965.489275588],[639554.500262179,488965.890565238],[639552.285161238,488970.059390297],[639552.249400083,488975.33838689],[639564.789315574,488989.464591285],[639573.742505178,489001.661767155],[639582.008562816,489011.219978614],[639591.24979215,489021.315115204],[639608.970482224,489039.034363483],[639618.642403773,489046.931400192],[639630.519168362,489055.739314615],[639657.790700972,489075.96227727],[639698.459218186,489104.98513821],[639728.882566798,489127.315132876],[639729.906321075,489127.903399408],[639736.044551514,489132.312877966],[639759.156188145,489148.910999473],[639791.741237768,489169.730695724],[639791.966095651,489169.916904131],[639791.115327988,489171.393409313],[639792.165472636,489172.112404522],[639792.029501935,489172.328649595],[639796.654233792,489175.416341828],[639797.884651572,489173.590320367],[639805.371083163,489178.427026749],[639805.558395227,489178.162199422],[639806.547482107,489178.919508664],[639942.285447256,489275.317370173],[639979.363918603,489295.651168512],[640012.020108767,489313.53286446],[640017.971344127,489316.747189213],[640049.1887934,489333.859163187],[640082.610873778,489352.252015092],[640080.336912961,489356.379219682],[640087.300256394,489360.241492361],[640086.562438094,489361.611117488],[640103.392116329,489370.675821691],[640222.210800397,489417.436706656],[640229.488935768,489421.487674741],[640228.322115163,489423.545453852],[640235.118350013,489427.303115648],[640236.295438964,489425.235620052],[640236.414795615,489425.258915831],[640238.634381999,489421.290208002],[640261.011590698,489434.428101589],[640269.247733732,489439.275523643],[640270.849115572,489439.949742287],[640306.857191362,489462.834024598],[640328.006760889,489479.508023871],[640361.456259864,489504.151664148],[640382.330951778,489520.278079189],[640419.96069777,489550.707158857],[640443.832100417,489565.866329812],[640451.623772662,489570.151484986],[640478.680894384,489582.568627615],[640485.542546635,489585.768102412],[640503.354371475,489595.479951669],[640528.476600142,489611.33367035],[640580.545823997,489645.041505147],[640613.97158879,489668.734528517],[640650.924135291,489694.354946602],[640676.546226289,489711.662485601],[640688.820423829,489718.391430073],[640713.571268953,489732.4849117],[640724.398561381,489739.463903223],[640735.892820465,489748.001314462],[640748.634373734,489757.723170473],[640773.253679841,489778.753033668],[640777.673528838,489779.84508526],[640778.321411381,489788.612986116],[640784.506756816,489794.213795909],[640792.178444717,489801.395652008],[640798.606543403,489807.983166981],[640803.505412433,489813.81845276],[640810.134915019,489821.441531184],[640817.521591204,489830.615520774],[640823.976039024,489838.783766629],[640830.353582886,489846.839889036],[640837.862334092,489857.387252783],[640842.92253734,489865.346998232],[640848.925060801,489873.222765492],[640855.899012892,489882.495360553],[640862.852428198,489891.787388969],[640870.037147954,489899.945803515],[640877.696811713,489908.287334102],[640884.203862671,489915.637034677],[640892.25947642,489924.849501424],[640900.084654458,489933.715604722],[640905.679537894,489942.230119059],[640914.240489965,489949.076538114],[640923.40798438,489954.599704864],[640932.575972217,489959.742884936],[640941.779456198,489964.687045191],[640950.536811065,489969.128885117],[640959.632469339,489973.270066937],[640969.358869895,489978.108668084],[640979.339595786,489981.70429039],[640988.450924668,489984.91590397],[640998.326091147,489987.988610712],[641008.527695834,489991.190332439],[641018.892314721,489993.19655362],[641032.771181915,489996.859823707],[641057.872419294,490002.973003471],[641082.342857856,490008.028762454],[641106.640785233,490013.899760192],[641131.100407385,490018.985222172],[641134.04491372,490019.546535793],[641155.503170928,490024.319115396],[641180.087338206,490028.87801694],[641208.683370646,490033.007705539],[641209.664081475,490035.154793458],[641224.326311545,490047.749724054],[641238.469965595,490046.170296787],[641251.182573744,490046.801357147],[641262.763397982,490048.221165548],[641280.97279335,490051.504027407],[641316.559416005,490059.596776448],[641341.136363021,490064.055483329],[641390.179911502,490073.709854322],[641398.44806807,490075.588186208],[641409.266062742,490078.196934598],[641409.708254359,490076.669140717],[641418.890905454,490078.022724894],[641441.130564084,490081.296886122],[641451.829144683,490083.522336101],[641458.523526863,490085.537209127],[641477.95068509,490101.213747521],[641489.865095571,490110.832800204],[641501.065512712,490119.87213447],[641522.184659357,490136.9254071],[641591.806036952,490145.938055668],[641618.309929003,490149.059981049],[641636.132633617,490153.672179247],[641630.434731387,490170.614898409],[641681.34608411,490187.230904672],[641803.65824785,490213.968730791],[641874.288757239,490235.689333782],[641973.23717482,490252.421937872],[642061.632494152,490267.093110003],[642069.655766064,490268.424685341],[642076.802463401,490269.632052863],[642075.291198775,490278.730368756],[642087.756747738,490280.704624667],[642088.161280463,490278.005781032],[642117.808098524,490282.834526053],[642118.777202502,490276.711253679],[642191.479117945,490288.969039877],[642199.361947205,490290.316737963],[642292.988302895,490306.402398719],[642404.28002434,490325.195930412],[642491.190629213,490333.88609881],[642507.974530804,490335.559612228],[642513.987719574,490335.445670767],[642519.69333519,490333.433222034],[642568.079887694,490329.949432406],[642578.46836348,490333.266342799],[642603.560848712,490334.26930018],[642611.313815045,490332.35339078],[642668.064459204,490329.810587846],[642814.378807822,490325.711144802],[642958.584803131,490319.743456157],[643108.296863148,490311.387792381],[643254.615726304,490306.408444915],[643362.607100433,490300.240639945],[643367.42148499,490300.083590802],[643378.63154951,490299.723160547],[643529.917637284,490294.850973537],[643691.650950114,490293.707326856],[643730.514529887,490291.420542872],[643800.55997638,490288.354854874],[643923.766198559,490282.387195721],[643929.834345469,490282.094767503],[643999.51618714,490278.79903015],[644014.195546242,490278.104400101],[644062.356333432,490275.924359028],[644071.528229625,490275.497640466],[644102.026652844,490274.119853113],[644106.612325563,490273.916486282],[644122.061940547,490273.213126503],[644127.208573534,490272.975250407],[644131.805342949,490272.732189481],[644208.93732735,490268.712176587],[644215.79433617,490268.461532994],[644275.305483361,490266.274933464],[644279.194893369,490267.022351007],[644284.725659625,490266.635080697],[644316.687033813,490264.427680113],[644316.283637055,490200.455704731],[644315.94979332,490149.535820914],[644315.172488222,490029.212786246],[644304.931305254,489979.639334861],[644303.98683235,489975.093194633],[644300.986085541,489973.670312067],[644298.412750524,489971.979228805],[644296.477339103,489970.725767169],[644294.623464796,489969.054551741],[644298.142666827,489965.101681347],[644300.691332946,489961.892019704],[644303.507313351,489958.779741002],[644323.344880888,489936.787257006],[644344.846213115,489913.210692969],[644352.952811707,489904.284433416],[644367.344629808,489888.291641505],[644370.448126699,489884.907297354],[644373.943756288,489881.083775747],[644377.078058519,489877.670281723],[644381.697640186,489872.617780638],[644389.505349742,489864.0132696],[644399.041746185,489853.646470764],[644400.939419267,489851.558845462],[644417.895807352,489832.866830434],[644424.383636277,489825.705889492],[644429.303486301,489820.281673419],[644434.450345971,489814.603722395],[644439.833931862,489808.682304843],[644445.207249283,489802.770603654],[644449.849023257,489797.638712006],[644456.781430707,489789.950038943],[644463.383592086,489782.632251175],[644474.958877092,489769.771714836],[644475.031308117,489769.683713739],[644493.434719046,489749.65162888],[644521.847091212,489718.435772213],[644529.321518722,489710.312056604],[644536.109891533,489702.769404171],[644536.811733303,489701.978773645],[644537.534387906,489701.158717426],[644543.204110369,489695.01519397],[644548.732006029,489688.937754856],[644554.342601139,489682.762597789],[644558.139050619,489678.547372731],[644557.435376365,489678.317938672],[644559.416024631,489676.122600893],[644564.772332819,489669.740418763],[644569.69488266,489663.856265754],[644571.722675195,489661.402226015],[644573.956112665,489658.74386197],[644578.237879543,489653.61202486],[644583.357185435,489647.483301018],[644588.860286985,489640.855167897],[644594.55876498,489634.032426811],[644606.174117586,489620.082970257],[644615.873250906,489608.530633212],[644626.127373202,489596.073607731],[644644.363983733,489574.476874124],[644645.005042502,489573.714565002],[644650.155153253,489567.556688635],[644656.060655319,489560.479657733],[644662.203711326,489553.12918227],[644680.940656597,489530.796248704],[644681.891976253,489529.662501334],[644687.745032092,489522.674022003],[644693.525656881,489515.773543621],[644699.275200346,489508.912207287],[644699.810263449,489508.366974138],[644702.179673705,489505.492359322],[644713.118469711,489492.504224904],[644724.746020263,489478.475093016],[644736.692996254,489464.104775339],[644754.569185848,489450.128183734],[644777.188469886,489422.64236345],[644783.517736715,489415.067020669],[644790.070797604,489401.19776535],[644826.610370849,489358.136082212],[644828.771100622,489355.57570745],[644873.528721362,489302.810787625],[644893.42682374,489279.34986782],[644970.279602804,489188.750560528],[644996.928212309,489158.755919],[645048.169703789,489096.799827896],[645065.085261082,489076.326574697],[645111.837959133,489019.756598588],[645163.62808385,488957.125597611],[645175.536185849,488942.714164088],[645175.918877504,488942.254723296],[645216.582953549,488893.236714428],[645242.226879138,488862.324267175],[645280.398321541,488816.297462096],[645344.193698309,488739.357625015],[645408.008778134,488662.428299341],[645471.814411076,488585.478679728],[645530.715272769,488514.49371053],[645535.639471193,488508.549564059],[645539.091581253,488488.554534851],[645539.216035126,488485.857925078],[645525.524386921,488426.508900445],[645525.003307759,488424.374477678],[645520.115977363,488406.889246296],[645500.451653999,488329.885032538],[645499.440912057,488325.927060357],[645499.350366717,488325.58455473],[645409.010774516,488207.798432056],[645462.416446681,488167.782211288],[645460.961620969,488160.711927776],[645459.505934797,488155.121645316],[645451.873690032,488124.410419662],[645450.954931334,488121.104999263],[645495.313007926,488089.689115847],[645517.276992611,488074.345239553],[645542.167878921,488056.942131774],[645556.231213206,488047.05022312],[645561.051919629,488043.043244468],[645568.44647706,488037.087291005],[645569.448645238,488036.284945046],[645573.65214229,488032.900936854],[645573.546914115,488032.728028774],[645553.792951225,488000.622117658],[645549.864503833,487994.043550176],[645549.644606653,487993.677473087],[645546.300048431,487988.04504171],[645532.270736421,487964.467324972],[645530.13950525,487960.888426106],[645529.631049591,487961.194394032],[645525.033469212,487953.497335536],[645519.700394754,487944.549950944],[645520.249372338,487944.225101394],[645520.000600961,487943.818226544],[645518.251967503,487940.869901218],[645516.025224615,487937.128363105],[645510.320096236,487927.530696632],[645506.16313738,487920.535815454],[645506.077066646,487920.393436858],[645496.453757668,487904.207489226],[645496.243301222,487903.861673248],[645493.118087406,487898.615305937],[645492.529139715,487898.939052048],[645486.345839931,487888.188166667],[645482.347106072,487881.257655869],[645482.682653595,487881.056916088],[645477.025279822,487871.540571529],[645465.547279238,487852.263372459],[645458.950421552,487841.641074003],[645455.981838576,487836.879040237],[645451.184956848,487829.156483037],[645448.417389445,487824.720004415],[645447.890972315,487823.8654573],[645445.056491587,487819.317129628],[645439.136490325,487809.533532644],[645433.254527971,487799.820987377],[645434.068277193,487799.323444372],[645428.143800332,487789.339721282],[645426.222748462,487786.11663328],[645425.388738314,487786.623617118],[645420.886942482,487779.079210935],[645416.384870659,487771.544797528],[645417.249134271,487771.028648718],[645415.185090753,487767.551609188],[645410.072185899,487758.960315406],[645409.24872013,487759.447590067],[645403.07657435,487749.017023874],[645403.889771668,487748.539465878],[645401.337901557,487744.258946032],[645398.967889665,487740.273451664],[645398.540754186,487740.531664032],[645398.32732438,487740.655773941],[645393.891337618,487733.263188437],[645389.264327523,487725.545324255],[645389.528823527,487725.382623482],[645389.95595898,487725.124411101],[645387.557072746,487721.098119241],[645381.479334216,487710.870164232],[645380.757449287,487711.300242358],[645378.037299372,487706.595070543],[645378.698401399,487706.193314855],[645373.8820228,487698.090217335],[645363.981887803,487681.426634189],[645354.148113782,487664.894886326],[645337.500828359,487636.894855244],[645334.719894789,487632.218007243],[645334.576627327,487631.97404816],[645333.5729275,487630.296312224],[645330.897222189,487625.792372143],[645330.830308865,487625.680523081],[645325.746275546,487617.130031936],[645321.45548531,487609.911461304],[645312.186165414,487594.305315744],[645301.9217582,487577.071674166],[645296.961282243,487568.754599429],[645300.183263992,487566.873516186],[645296.100843753,487557.540665172],[645264.086500309,487503.706006174],[645266.009230891,487495.638956159],[645266.235288432,487494.695181618],[645266.540673003,487493.41359157],[645267.388871497,487489.856950061],[645267.411891038,487489.747583788],[645265.023538259,487475.921429493],[645265.006863475,487475.800967243],[645261.79025848,487457.201872155],[645259.393566837,487443.315487254],[645259.272981256,487442.612147139],[645255.203937436,487419.029440961],[645254.656982679,487418.194328488],[645233.352689315,487385.735689999],[645189.291969581,487350.598808863],[645188.842243407,487350.226388038],[645178.939716153,487342.342898961],[645166.351369067,487332.495236093],[645165.979100551,487332.214955027],[645152.5784757,487321.724859633],[645114.664828088,487307.708016755],[645108.992618395,487305.611400309],[645094.123957723,487300.120859376],[645092.560032616,487299.537677538],[645075.533412365,487293.247553516],[645067.717711105,487290.551756438],[645059.833227524,487288.174065595],[645051.89994671,487286.115032674],[645043.888166915,487284.363837554],[645035.827589907,487282.931300306],[645027.698230623,487281.816869199],[645019.500364925,487281.010551676],[645011.253426188,487280.532884483],[644972.454279638,487279.031796351],[644963.793510501,487278.692707383],[644963.363831511,487278.68084575],[644819.206011314,487273.091231425],[644818.436862371,487273.059998325],[644740.41893829,487270.046240685],[644725.434837401,487269.462590642],[644696.015950941,487268.320455083],[644690.022366557,487268.084996626],[644689.319174718,487264.215530372],[644684.308985128,487257.33712573],[644673.357099559,487246.894649028]]]},"properties":{"NAZWA_DZIELNICY":"Praga-Południe","KODTERYT":"146507_8"}},{"type":"Feature","geometry":{"type":"Polygon","coordinates":[[[631201.484389524,497202.235490213],[631188.763487149,497254.742295468],[631177.572516267,497307.611373209],[631167.923401815,497360.77305594],[631159.826964085,497414.197644447],[631153.284859892,497467.825187166],[631148.297641388,497521.635700797],[631144.896941688,497575.570062349],[631143.04472572,497629.557223501],[631142.739336305,497683.657137464],[631143.068412458,497707.205517857],[631143.738597808,497730.713328416],[631167.896917869,498424.9600857],[631168.756172259,498457.542853668],[631169.044770694,498490.149845861],[631168.783525938,498522.751638333],[631167.952730084,498555.33768641],[631166.572367268,498587.908542341],[631164.632721658,498620.453937664],[631162.134345712,498652.953888074],[631159.066971177,498685.418109233],[631155.461126711,498717.827445496],[631151.277672773,498750.150815618],[631146.556025214,498782.409308427],[631141.276476182,498814.592379248],[631135.450122697,498846.660335883],[631129.066420312,498878.632886056],[631122.135913612,498910.490321705],[631114.6588789,498942.222650603],[631106.645308315,498973.830148814],[631098.086038577,499005.282563767],[631088.980793548,499036.589887366],[631079.360101968,499067.732964033],[631069.183995703,499098.710688683],[631058.483003507,499129.503905755],[631047.266841314,499160.122883396],[631035.506638015,499190.52682453],[631023.241809489,499220.736818082],[631010.453200462,499250.722335275],[631004.937311581,499263.23945436],[630986.359250103,499293.934885643],[630967.309855259,499324.31729185],[630947.778582695,499354.406380762],[630927.795684998,499384.192988973],[630907.341730735,499413.656579811],[630886.426435901,499442.807421502],[630865.06062148,499471.615814063],[630843.254003466,499500.092025746],[630821.006858303,499528.226064441],[630798.309470383,499556.007661803],[630775.192092306,499583.427654491],[630768.135473008,499591.632295526],[630751.644455967,499610.49575827],[630727.687374413,499637.182549466],[630703.300311249,499663.507459653],[630678.514347825,499689.431349383],[630653.32920809,499714.964210699],[630627.744615989,499740.116035639],[630625.114274008,499742.663229426],[630410.022164282,500016.057338881],[630388.222475456,500040.303797901],[630366.852766426,500064.912130288],[630345.902492439,500089.902043871],[630325.383026684,500115.223854779],[630305.283271883,500140.917254915],[630285.654569357,500166.933665503],[630266.466666568,500193.282249819],[630247.729279101,500219.973276223],[630229.453503899,500246.967052922],[630211.648780278,500274.283840318],[630208.973128584,500278.469718531],[630746.149544472,500637.091505591],[630748.58447134,500638.718783664],[630750.636615561,500640.085485459],[630789.066099133,500665.73731337],[630906.828356957,500744.361189818],[630914.467067446,500749.462256299],[630919.83645595,500771.900037338],[630931.669098284,500821.335709086],[630934.689673059,500833.968845109],[630940.613910205,500858.761899641],[630946.538421707,500883.544963103],[630949.568709762,500896.188368731],[630954.731755775,500917.770475767],[630961.794841582,500947.304880231],[630981.227338378,501028.559748206],[630982.446726614,501033.643311983],[630990.971927892,501034.169041085],[631089.77824727,501040.341119559],[631135.807418866,501043.213866318],[631171.460251202,501038.009921444],[631180.982920171,501035.733317492],[631182.493057499,501035.365087938],[631215.389150769,501027.51498881],[631230.064925755,501020.781014164],[631272.32932083,501001.410311915],[631322.129218212,500978.578081865],[631338.027666558,500972.107904505],[631365.173808381,500947.989270857],[631394.380576211,500922.037667543],[631432.481272409,500884.36233759],[631453.381721888,500863.710880962],[631458.599093385,500869.224992269],[631476.719843679,500888.345515857],[631583.999582533,501006.858646302],[631597.151552406,501004.242407103],[631607.890428475,501016.929002898],[631619.490692796,501030.649389848],[631655.278303985,501072.647821661],[631661.884688687,501068.07063645],[631688.20920228,501049.799098892],[631688.422904107,501049.665012119],[631693.966627612,501045.908417251],[631712.851360887,501033.060993286],[631722.763470955,501026.465275177],[631729.043478736,501022.119056215],[631732.902912322,501019.965840225],[631734.001950389,501019.276250891],[631743.348289913,501011.804911399],[631764.975510803,500996.33339336],[631766.870509085,500995.065830364],[631767.889334282,500994.38402255],[631789.549336399,500981.343340571],[631805.217348485,500974.166800085],[631824.056216202,500965.147991942],[631841.577602185,500956.762733528],[631857.358523204,500949.119325574],[631877.041380126,500939.593866487],[631896.148701524,500930.992465757],[631899.765609026,500929.29252845],[631968.189903853,500897.24549346],[631981.030137293,500905.180337528],[631981.993612974,500905.776963489],[631993.39848716,500912.822141615],[632004.002200539,500918.825194716],[632015.186882192,500925.15430447],[631982.829213953,500984.047934791],[631975.606059824,500997.187837998],[631953.09357269,501038.164189406],[631891.737256539,501149.834445271],[631889.08413874,501154.6509457],[631804.89976721,501307.85872399],[631720.705348727,501461.066139722],[631739.028857674,501443.563350703],[631748.252084381,501434.758656836],[631764.300849718,501431.532559746],[631773.774648087,501426.684683536],[631802.906266365,501411.770703802],[631811.670396401,501407.273191472],[631864.04037324,501380.462166885],[631896.184409309,501364.011524949],[631917.424762395,501353.12919932],[631936.433147952,501343.405118262],[632001.594092799,501310.037965228],[632011.453398542,501304.990747223],[632031.633883311,501346.177694066],[632052.174168692,501388.094576743],[632053.962924876,501391.753943905],[632117.949696584,501522.349926716],[632120.590765889,501527.732819508],[632204.402027445,501671.886743604],[632287.317369225,501814.446014698],[632289.799257193,501818.714540186],[632292.414678959,501823.216752544],[632318.962823861,501780.952050157],[632322.57567518,501782.291929054],[632398.147732885,501810.351158863],[632379.52812103,501858.084995045],[632378.817521765,501859.915295823],[632377.655200241,501862.893074359],[632640.093990463,501841.36145432],[632712.721913916,501838.840062442],[632753.928497858,501841.81956825],[632788.882268883,501847.076095632],[632844.704000919,501852.749723803],[632868.686381892,501850.473018981],[632881.51995048,501849.247964719],[632898.223187836,501847.66993564],[632907.005288478,501858.072556419],[632914.921502213,501873.751104416],[632915.994550239,501878.340669498],[632917.720755872,501885.708231113],[632921.993647339,501896.086150131],[632922.620952176,501912.093113691],[632923.018835407,501922.293872132],[632924.806683783,501932.133079569],[632927.389623731,501941.064297674],[632942.234126462,501978.49393396],[632947.881064729,501985.469937003],[632963.676656552,501997.186495771],[633012.717706554,501989.512946073],[633010.488574306,502009.370826356],[633157.769581136,502019.333769681],[633212.096760591,502023.006148201],[633318.385224638,502030.205480878],[633413.704805874,502036.651480508],[633567.663290403,502047.069106763],[633615.313262824,502050.286839019],[633816.981531654,502063.933866033],[633880.396878771,501897.361145429],[633941.52183738,501738.394859093],[633992.194737924,501604.458952651],[634049.622674646,501451.530191233],[634091.020734495,501341.277231874],[634139.81378858,501213.479088992],[634167.95812637,501136.998890921],[634196.78989601,501053.377829958],[634250.634939254,501055.326741719],[634480.296466778,501060.897350465],[634663.960123674,501066.066014018],[634914.604543066,501185.804866944],[635163.419261675,501306.263307031],[635412.802633878,501427.137662038],[635446.994283343,501443.692926632],[635591.785100598,501513.735865114],[635664.43184153,501471.505461196],[635780.886262657,501413.786702177],[635894.652969449,501446.392295091],[635939.529692227,501469.992970453],[636044.236872448,501513.797917194],[636062.05759317,501531.120493947],[636070.724641508,501539.540057831],[636075.42796729,501544.480056558],[636086.563773151,501556.19784773],[636100.430023869,501570.791108974],[636137.799324937,501585.624324186],[636283.486055125,501623.642671523],[636357.387280484,501632.966234584],[636435.528439486,501657.116871422],[636522.095122836,501686.850455986],[636526.492672177,501676.812188143],[636527.101468023,501675.409040857],[636547.839708151,501628.093108681],[636565.195423119,501588.463538223],[636582.241187398,501549.555383384],[636615.426441428,501473.773975042],[636630.562002448,501439.212932765],[636642.207385483,501412.615278868],[636670.856091814,501349.728241721],[636689.252262087,501309.35741998],[636706.383453896,501256.871751595],[636706.48500159,501252.114614132],[636706.449414746,501249.42366085],[636705.350868193,501163.304269144],[636704.408782114,501089.969058652],[636703.780070023,501041.102233814],[636711.917762064,501020.207498332],[636755.918118419,500907.345479156],[636804.686086623,500882.084281731],[636897.388467082,500887.747597367],[636953.053287567,500884.29686089],[637065.871036044,500897.716323043],[637078.074456518,500857.084184489],[637074.333874949,500809.731236991],[637076.903035885,500810.122273939],[637136.081739633,500819.188558088],[637146.378093806,500820.763251423],[637323.933730601,500865.702498125],[637394.100926619,500881.692585448],[637413.717078634,500886.164963336],[637418.596205232,500887.279869079],[637470.697218232,500899.160441972],[637518.833150959,500910.141385359],[637566.730934269,500921.055747406],[637577.421773805,500905.471501261],[637590.493246836,500869.973252141],[637689.346715226,500944.316097241],[637742.436423444,500973.603889514],[637744.048079584,500974.628446687],[637746.505256618,500976.176379965],[637745.149212673,500997.008716205],[637744.997938261,501001.394498106],[637745.464848927,501006.207370659],[637759.752113553,501088.031792663],[637760.663013664,501091.976949841],[637761.831226245,501096.019221559],[637780.086139109,501141.76365239],[637781.929399822,501148.154572885],[637783.389361712,501154.664893352],[637793.924393954,501244.525511468],[637795.2256726,501251.711439408],[637811.734607021,501290.077661064],[637822.327811965,501319.250369712],[637836.157418959,501359.762490404],[637838.141351376,501365.767306537],[637839.475187807,501371.414148233],[637855.756071327,501453.103747593],[637859.739001831,501474.693726189],[637860.167854466,501483.775516797],[637859.886567883,501491.777677671],[637854.769553049,501528.555894838],[637856.66981463,501616.417779259],[637858.007853748,501629.144685255],[637869.020150481,501658.349000695],[637873.727308268,501667.12910745],[637904.781830919,501705.287613691],[637918.286295496,501725.010925828],[637931.967117089,501745.589110585],[637943.402446813,501763.835216127],[637947.462003962,501769.997436636],[637951.609468516,501775.51209304],[638010.068317942,501843.158271642],[638012.514470743,501838.595951533],[638040.532762758,501789.111134158],[638057.028050007,501759.987505253],[638057.531996939,501759.121447616],[638231.99106666,501457.167931294],[638330.348583953,501480.017721863],[638334.829689254,501481.061634095],[638374.349576653,501489.37445077],[638406.631547972,501496.167123775],[638439.460336042,501503.07491897],[638447.413835165,501504.754852589],[638456.118736185,501506.745563548],[638459.278603969,501507.472941315],[638575.68048969,501534.141737665],[638714.678930399,501565.995409584],[638746.063883806,501573.043290501],[638750.864196373,501574.116032591],[638753.865571724,501574.789029032],[638758.864625376,501575.90726692],[638920.351050522,501612.172838977],[638982.027060188,501645.93829518],[639170.149526925,501750.330310899],[639193.6426128,501746.600009064],[639286.198871095,501731.899633922],[639293.771996894,501732.509061791],[639299.658905908,501732.981858897],[639382.14363502,501723.76293941],[639401.402972972,501721.615547474],[639408.404702832,501720.829177005],[639425.04609507,501718.969386656],[639447.696109132,501716.43576147],[639493.85052239,501503.282571726],[639530.657258392,501521.84037098],[639558.212765395,501535.742353291],[639599.822499105,501556.722976753],[639637.654908502,501575.799151786],[639674.372555577,501594.324504941],[639703.516115443,501609.020415038],[639749.702073457,501632.307606216],[639812.98900795,501664.23770616],[639850.244282456,501660.067968421],[639921.805487966,501652.066928145],[639957.10452982,501648.1230893],[639990.87893506,501644.34708712],[640005.313475046,501642.736259773],[640052.700015127,501637.436685557],[640105.838105029,501633.166162207],[640244.305665924,501622.045325178],[640269.21074405,501620.054045528],[640291.95659225,501855.973195582],[640300.649982502,501985.303690658],[640467.603925949,501963.470785141],[640624.302159872,502034.054391901],[640623.596637828,502029.914873393],[640622.295045198,502022.378864619],[640621.04622177,502015.104315707],[640623.961596393,502015.994942322],[640631.656266189,502018.357743617],[640639.966041988,502020.897556196],[640648.672196936,502023.568331074],[640651.825454439,502024.535536679],[640666.352643634,502028.977296777],[640680.016852538,502033.16519092],[640688.812387253,502035.858438344],[640702.902676879,502040.188116725],[640720.057399225,502045.442544972],[640723.825487048,502046.596754681],[640731.232590929,502048.871604603],[640736.210629791,502050.389276651],[640753.702331339,502055.753025504],[640771.094662701,502061.094026803],[640790.72841606,502067.107017415],[640808.785541075,502072.636405502],[640859.545518638,502088.190227565],[640865.276900982,502089.948735468],[640875.202729329,502092.993245696],[640905.21837532,502102.19336416],[640914.777250079,502105.127726621],[640917.325672504,502105.908206409],[640923.665485955,502107.723541536],[640944.133590597,502113.579611946],[640957.77584784,502117.476905627],[640969.701581962,502120.886727002],[640999.38657083,502129.387704371],[641019.66620658,502135.188565251],[641040.987583089,502141.288237703],[641046.464417049,502142.849707314],[641098.165286233,502157.649571081],[641115.944808021,502162.731291076],[641136.799588217,502168.708062862],[641144.488975497,502170.900725137],[641149.816754349,502172.428073457],[641216.123975396,501942.200985404],[641216.709669154,501940.187175211],[641399.322953374,501306.184595256],[641393.658187162,501304.547942265],[641384.967291476,501302.047605094],[641368.200608556,501297.223941294],[641363.597569153,501295.886649441],[641351.69234731,501292.457424289],[641340.402233602,501289.205209482],[641341.131363951,501286.705361708],[641343.051581898,501280.188434276],[641346.494988257,501268.493605746],[641350.247470925,501255.7473194],[641353.316595319,501245.292145587],[641357.0793458,501232.536142572],[641359.286167661,501225.057135805],[641366.670989081,501199.931239975],[641380.236231964,501153.816157761],[641522.15056945,500671.608163416],[641523.474820681,500667.114758953],[641728.926632972,500726.035924511],[641729.927904446,500722.373590932],[641732.554676268,500712.726171699],[641733.545955177,500709.063561733],[641734.703421841,500704.815543824],[641738.263220847,500691.803905115],[641741.234846358,500680.89601403],[641742.281336623,500677.044929478],[641743.071476795,500674.146761782],[641750.561160741,500646.673707927],[641753.243141996,500636.837812973],[641756.136529883,500626.227759149],[641760.476749206,500610.307681822],[641766.363953806,500588.710347838],[641768.356777478,500581.375410103],[641769.991991446,500575.400591684],[641778.551179727,500543.967083402],[641782.07850838,500531.044543721],[641784.071330742,500523.709605213],[641785.963169521,500516.771876596],[641792.572539473,500492.564492561],[641806.128621797,500442.799041378],[641815.197456543,500409.569607385],[641823.855954211,500377.798833999],[641827.617430223,500364.002759731],[641831.034052338,500351.467157191],[641834.606592397,500338.355862177],[641838.078701315,500325.621792133],[641839.782153622,500319.348856108],[641840.939338877,500315.11082759],[641843.07504316,500307.309834281],[641845.945672544,500296.79914567],[641847.525669758,500291.01279865],[641852.512569791,500272.680578517],[641855.061092753,500263.330989908],[641858.822563878,500249.534912754],[641863.251821313,500233.287284925],[641866.055586723,500223.024747655],[641869.316285164,500211.064834205],[641871.542977546,500202.86635292],[641873.412338066,500196.017999436],[641874.569521704,500191.779969962],[641875.6942415,500187.631043379],[641877.296984406,500181.745323574],[641878.320997356,500177.98361472],[641884.273376891,500156.198065387],[641885.876119224,500150.312345244],[641891.106604508,500131.126850494],[641892.654134986,500125.429604653],[641894.178641458,500119.841722809],[641896.304624887,500112.03045801],[641897.361377067,500108.169653317],[641898.274690111,500104.794885532],[641900.043341931,500098.333748677],[641901.379189902,500093.420654362],[641902.614607466,500088.884785448],[641903.547905148,500085.5105701],[641905.173117529,500079.535469976],[641906.831069832,500073.461274418],[641909.301904335,500064.389536224],[641910.826409751,500058.801653754],[641912.607815837,500052.240868431],[641914.789285259,500044.231135647],[641916.369277949,500038.444785951],[641920.933352694,500021.66087646],[641924.970870145,500006.922420144],[641928.221568165,499994.962225692],[641931.137682559,499984.252787759],[641935.321676204,499968.918376742],[641938.003636829,499959.082469597],[641940.285534112,499950.695509911],[641942.388765879,499942.983614364],[641944.635436299,499934.785681616],[641946.494798716,499927.937048498],[641952.248787602,499906.816008538],[641955.698131956,499894.181300119],[641958.214180261,499884.920808023],[641960.450580515,499876.732590551],[641965.670228321,499857.5767872],[641974.584190444,499824.883040668],[641979.180717775,499808.010021635],[641984.411182732,499788.824514878],[641986.615116875,499780.725398968],[641991.855848901,499761.530175097],[641994.827166736,499750.632257889],[641996.452372923,499744.65715411],[641998.08784769,499738.67233411],[642000.213545636,499730.871056293],[642002.739581682,499721.610837702],[642006.55624083,499707.62627216],[642009.70622163,499696.05328931],[642013.568098389,499681.879972124],[642017.40722704,499667.806026277],[642020.456500322,499656.620260749],[642021.825357744,499651.598074598],[642025.664485075,499637.524127973],[642029.393189582,499623.827130484],[642036.259115774,499598.656795729],[642040.455569893,499583.232718332],[642043.082307698,499573.58527902],[642043.859682942,499570.786753463],[642048.745559876,499552.851719875],[641965.760572738,499541.077382041],[641869.259214462,499524.829341616],[641866.203144702,499524.324848537],[641787.787591734,499511.126846413],[641708.259821385,499499.818111338],[641710.822401482,499487.788896178],[641716.707064524,499460.131444309],[641720.937061694,499440.238286006],[641723.729047128,499427.145406605],[641734.351599084,499377.138821061],[641739.315031594,499353.865919549],[641741.475659802,499343.715599463],[641743.718113439,499333.137539152],[641759.994507055,499256.587112507],[641833.934862385,498860.859070452],[641890.443423511,498862.731230374],[641940.346834917,498867.320810727],[642021.005183224,498872.100598265],[642065.773180692,498561.4462419],[642089.352166834,498486.967575508],[642136.268878034,498356.503659212],[642193.43663313,498372.154037707],[642211.852755096,498309.35268916],[642095.85300954,498270.245907382],[642105.343711839,498246.708104331],[642105.379489668,498246.499091988],[642106.044352707,498243.06744859],[642108.676735336,498230.320132813],[642111.515335962,498213.368490385],[642114.987942755,498198.804388232],[642116.872369291,498192.856440005],[642128.950780484,498156.740081977],[642136.479416754,498133.638040276],[642142.05202208,498116.541967792],[642147.206748197,498100.454350254],[642150.108482702,498090.624495929],[642148.913500765,498086.10143507],[642152.68875305,498080.485753555],[642156.72028167,498071.387133176],[642158.735939721,498065.032808199],[642163.98007463,498047.157648675],[642165.22020668,498042.811899662],[642166.336611461,498038.962733828],[642179.466253428,497993.395359534],[642184.367652443,497975.980726927],[642196.756531555,497932.972888645],[642199.785836969,497920.336538789],[642207.161741011,497894.800248166],[642208.258809721,497891.650551475],[642223.189272746,497856.183009206],[642227.838784798,497833.77137597],[642227.903711043,497833.593169395],[642231.490428342,497821.412227783],[642232.074715329,497819.448364801],[642234.967780831,497809.208262789],[642238.415707964,497796.98348404],[642238.858492714,497795.435712537],[642241.843649771,497784.758152607],[642245.271591119,497772.532820892],[642248.689539572,497760.307212695],[642252.107487563,497748.081604217],[642255.535427528,497735.856271658],[642257.654998654,497728.27480635],[642258.982799501,497723.651476086],[642262.490125619,497711.448337421],[642266.286807778,497698.183189176],[642267.134862685,497696.806620452],[642267.244907755,497695.719654715],[642267.14428311,497694.656866121],[642269.131850614,497683.89172979],[642269.843828834,497682.011396336],[642274.38290923,497670.10677698],[642276.431446841,497664.733362543],[642278.247475216,497658.003512053],[642281.546062539,497645.754601964],[642284.854918027,497633.495975363],[642285.167297333,497632.324601547],[642288.302562356,497621.281184971],[642291.007797523,497611.685892059],[642291.76019866,497609.06667049],[642295.267520486,497596.863529135],[642296.92685491,497591.099353496],[642298.596358992,497584.605453817],[642301.746161777,497572.312429428],[642303.470322949,497565.650039107],[642307.13609167,497553.14127416],[642309.244886996,497545.949511226],[642309.484458035,497544.156120471],[642309.673386764,497543.471337692],[642310.063446198,497542.022108832],[642310.685541191,497540.499292923],[642311.748939749,497536.758659162],[642315.523144177,497523.582886035],[642322.383000993,497497.902312046],[642328.846168062,497473.910784392],[642339.285542882,497436.30906081],[642344.848827337,497416.292686354],[642347.100955265,497407.894874731],[642350.609650469,497395.641766555],[642354.214756616,497382.07131349],[642356.821590337,497373.503304031],[642358.666689683,497364.274235821],[642338.641149697,497358.680702087],[642325.720757916,497355.07356491],[642317.963616915,497353.159148891],[642310.295579466,497351.277195964],[642304.267080495,497349.050556552],[642302.106405455,497348.350832002],[642293.948915789,497345.725346006],[642292.286255188,497345.459389295],[642290.414582015,497345.157655369],[642280.172164701,497341.624537283],[642279.419091932,497341.373721122],[642274.772410825,497339.805279161],[642270.562082669,497338.368898654],[642269.27802996,497338.153406817],[642263.067055243,497337.101732436],[642260.80761061,497336.719280291],[642258.538173561,497336.336551967],[642256.447771782,497335.9887723],[642254.288527725,497335.5990896],[642249.671647569,497334.761476464],[642245.333450882,497333.971566298],[642245.042239635,497333.653515274],[642242.516843773,497330.953696865],[642240.21406558,497330.330045457],[642226.694407909,497326.696347123],[642225.326499568,497326.258536167],[642213.798098479,497322.579874803],[642210.408708176,497320.386179934],[642200.805405879,497317.97073562],[642197.021488776,497317.026144678],[642195.184212433,497316.565360665],[642190.585887313,497315.418258787],[642184.102257118,497313.739045019],[642176.94328449,497311.891164258],[642170.082427849,497310.111523727],[642158.078081957,497307.009712582],[642152.676722739,497305.610414105],[642149.778542124,497304.820305527],[642140.130803194,497302.203632677],[642138.761238104,497301.825776543],[642131.369678751,497300.0714684],[642123.819069249,497298.2827641],[642121.951263669,497297.841136624],[642113.973465588,497295.950624636],[642111.274305355,497295.196017233],[642106.759235092,497293.931216335],[642102.13480054,497292.643392584],[642094.731818899,497290.578767226],[642087.241667412,497288.411732025],[642079.552772269,497286.199203536],[642074.661856757,497284.784013915],[642071.199355948,497283.788307116],[642069.106143778,497283.180448729],[642067.678833896,497282.720996245],[642063.673378052,497281.470281108],[642059.955769368,497280.297522332],[642056.614834947,497279.245175278],[642052.42118022,497277.929258176],[642048.217533119,497276.613064923],[642046.6214568,497276.108947669],[642044.221241386,497275.392603414],[642040.194143868,497274.201290667],[642032.348685208,497271.864434835],[642021.358826996,497268.600665103],[641993.792643976,497260.858714233],[641977.724552404,497256.444580816],[641973.088193982,497255.226428996],[641972.283778876,497255.02419452],[641961.765599588,497252.423466619],[641956.396480235,497251.305062662],[641945.628264536,497249.067426322],[641943.96781525,497248.721531072],[641936.870785635,497247.165366924],[641928.272633385,497245.287711406],[641927.144268264,497244.866522072],[641919.087490848,497241.853823361],[641918.147048514,497241.507828481],[641911.157903142,497239.304642809],[641900.381756452,497235.906781524],[641891.120641562,497233.050797472],[641881.246675021,497230.297875544],[641877.683975873,497229.309400626],[641870.898369884,497227.701844404],[641849.959080956,497221.883071855],[641822.42068034,497214.221897663],[641820.108465084,497213.577987017],[641812.846638135,497212.557272278],[641808.882083406,497211.997693169],[641798.428033458,497207.438730284],[641790.29596497,497203.893950064],[641787.973983807,497202.879767718],[641737.436813892,497189.742908403],[641708.064513348,497181.861051808],[641707.299792389,497181.669914848],[641689.245759946,497177.470901474],[641688.096029901,497177.099122451],[641677.807309435,497173.7947381],[641670.085358817,497171.331300518],[641652.262611317,497165.638673603],[641634.204841796,497160.489554153],[641607.815310752,497152.870144212],[641603.370746736,497151.587296035],[641581.374212676,497145.669312195],[641564.985832058,497141.266338192],[641565.759969077,497139.307725654],[641579.457057557,497091.656081805],[641592.971538236,497046.269397042],[641612.297432834,496979.123225862],[641622.773827727,496940.902597803],[641646.343057934,496857.353613318],[641647.317643087,496851.760522427],[641681.336830356,496725.880131952],[641697.121313033,496671.446109118],[641698.003504752,496668.110474215],[641698.885420273,496664.784831705],[641894.069162081,495978.985394472],[641891.000884486,495978.560600866],[641887.633662649,495978.097545792],[641886.29882006,495977.910656649],[641886.466051868,495976.925272728],[641886.820500322,495974.955057167],[641887.259531149,495972.457176157],[641888.102921096,495967.630456889],[641891.500029719,495955.794270921],[641936.612047152,495798.680053396],[641939.723186258,495780.545926072],[641945.169208767,495748.84624486],[641948.911283927,495727.059531373],[641951.05480904,495714.628695713],[641967.259994331,495662.69621449],[641974.781375098,495638.763922394],[641977.784935886,495629.226867501],[641985.185628555,495605.681240949],[641985.635632723,495604.233667891],[641991.084539869,495586.904141173],[641993.825914632,495578.169844778],[641995.053584349,495574.273747158],[641979.249206624,495574.067016412],[641684.028080045,495565.728993418],[641595.00703367,495563.219023032],[641594.607337121,495563.207977989],[641572.334800072,495562.572508102],[641571.925111142,495562.561186934],[641360.829059597,495556.597850519],[641162.54313661,495550.998507716],[641123.413732086,495549.887224036],[641065.162043966,495547.047521281],[640876.276099629,495537.837931743],[640862.441782793,495536.545639561],[640842.577534425,495534.526718444],[640822.678011926,495532.336822508],[640816.070454658,495531.524231653],[640802.854788304,495529.919034826],[640783.006006806,495527.340540911],[640763.222979525,495524.553863979],[640743.455192267,495521.577608222],[640723.713189656,495518.392065031],[640704.006135694,495515.027487724],[640684.344298874,495511.474160072],[640664.708246663,495507.711545101],[640645.276185182,495503.804567363],[640645.107143058,495503.769896124],[640638.286884496,495502.331427886],[640635.393183701,495501.741464585],[640628.096052274,495500.189818718],[640595.110543972,495492.788311518],[640562.249589792,495484.860247205],[640555.706186237,495484.259430933],[640533.525195366,495575.126574404],[640538.282708237,495583.178048543],[640537.56311954,495586.058166202],[640537.391143795,495586.853414577],[640536.232149629,495591.521391391],[640536.206918478,495591.710694325],[640534.075367945,495600.4517993],[640534.009338897,495600.669974861],[640507.921897259,495593.339077368],[640507.514971051,495593.227832426],[640506.835420622,495594.659055061],[640500.982493349,495593.317316285],[640495.944799201,495592.148105551],[640494.312313525,495589.342991992],[640488.717719592,495579.738386253],[640455.039682306,495570.257734975],[640457.18973176,495560.84714293],[640482.720235851,495563.362642984],[640440.794384529,495452.114023126],[640426.726525386,495436.475275831],[640406.809458055,495429.854902104],[640374.945082831,495418.794386805],[640343.275483754,495407.199255935],[640279.832244497,495382.346126405],[640219.043844937,495356.956368134],[640190.384843286,495344.254441238],[640115.809265338,495311.163724451],[640105.496795336,495306.548765431],[640098.39429209,495303.382505895],[640081.275501048,495295.739472441],[640008.928345905,495263.430355643],[639985.033216285,495252.760082102],[639958.876344835,495241.067313725],[639935.198289171,495230.503041846],[639854.14867769,495194.303491947],[639842.423322576,495189.069500394],[639845.396870548,495213.911629612],[639839.311988365,495211.193493565],[639828.900431149,495206.545804091],[639819.931191259,495202.537968615],[639813.915427635,495199.851742882],[639788.370639999,495188.445898334],[639749.994059933,495171.3154938],[639728.933895444,495161.913570561],[639699.042455297,495148.577628429],[639683.385708271,495141.585011751],[639648.86197755,495126.161077844],[639631.002064878,495118.197587426],[639625.095115692,495115.554371689],[639558.921755708,495086.00593318],[639522.116035063,495069.568958518],[639511.872423799,495064.995919163],[639489.153162601,495054.838168539],[639458.689088449,495041.236425101],[639416.341730743,495022.32634283],[639384.5441585,495008.127760743],[639377.698709015,495005.068618101],[639314.133274731,494976.682284964],[639295.789551736,494968.495444247],[639267.933374882,494956.055774443],[639265.868997588,494955.128735536],[639240.16657892,494943.638576559],[639211.026312269,494930.62343198],[639207.845502218,494929.205546447],[639191.48760316,494921.893579514],[639184.849511303,494918.930169981],[639177.41170413,494915.594664637],[639140.734817017,494899.201290667],[639131.657334619,494895.130482571],[639130.857225125,494895.858371553],[639130.669579631,494895.773186971],[639125.849094194,494893.619998476],[639120.15922329,494891.082789204],[639119.191018851,494890.656038022],[639113.422313803,494888.076650728],[639105.588680236,494884.590210279],[639072.44681097,494869.824514505],[639037.507600499,494854.239162498],[639029.229559641,494850.550445091],[639027.925757768,494849.964421849],[639016.238518402,494845.161508932],[638979.653997988,494830.13069822],[638933.99260874,494811.369103512],[638908.1956941,494800.766353901],[638838.54639649,494772.162004269],[638819.048058174,494764.14328449],[638753.670456193,494737.286973363],[638753.275286694,494737.836051609],[638724.451787363,494723.129708813],[638699.434799324,494710.358535548],[638687.16780452,494704.099621844],[638674.417812832,494697.587364426],[638650.781806022,494685.504349132],[638627.43198852,494673.559242564],[638605.186678655,494662.174652956],[638583.256525208,494653.498757385],[638575.768269273,494650.541868928],[638562.01273846,494655.811763688],[638550.1223972,494679.713085029],[638530.567188943,494718.992526463],[638530.450923328,494719.219312595],[638529.275790004,494721.576828603],[638516.849307334,494716.023506798],[638506.773937851,494711.515142472],[638471.654817865,494695.204870362],[638437.661295744,494679.415699884],[638438.307770172,494677.733572982],[638438.448437833,494677.347462149],[638453.226036141,494638.706018065],[638453.404040311,494635.520956178],[638454.808416956,494610.38991571],[638455.598225907,494596.28182597],[638440.30882562,494587.939424375],[638420.832606335,494577.311354392],[638414.438984041,494573.824717915],[638395.31696722,494563.406435148],[638394.863947222,494563.153919647],[638388.17469744,494559.509116484],[638374.641227176,494553.485220551],[638354.657049303,494544.593108657],[638333.911747631,494535.379969963],[638313.818760942,494526.444854306],[638293.232234063,494517.276104761],[638292.955486512,494517.15845895],[638255.515628803,494500.514100859],[638252.848194827,494507.660349952],[638226.103959514,494492.981503258],[638204.88616998,494481.325334229],[638201.073814564,494479.240013063],[638179.333612589,494467.30941361],[637996.632317762,494397.191902459],[637984.312245291,494399.731480657],[637975.137808061,494413.647883184],[637952.100298596,494448.671081837],[637948.711268026,494456.237382933],[637944.181948323,494465.262166009],[637938.07700706,494461.823513161],[637915.162596221,494448.96048901],[637887.669412154,494433.520976155],[637894.53575451,494416.640829788],[637909.589148253,494379.597052174],[637915.242982193,494365.703378102],[637920.511141371,494352.739039988],[637914.198421781,494335.104762914],[637802.307580802,494264.953845448],[637794.758567482,494260.215310394],[637782.520535197,494252.547245574],[637751.72461708,494233.226538526],[637746.141208501,494229.732302685],[637743.703428901,494228.20496162],[637717.350313497,494211.676986595],[637699.37203538,494200.400358646],[637692.963355414,494196.373327089],[637686.780356919,494192.502529723],[637685.903743146,494192.018313842],[637664.465268228,494180.026092207],[637664.091082978,494179.815755649],[637572.517339199,494128.586119569],[637526.041921601,494211.681272873],[637510.556957776,494239.373174089],[637491.17899089,494230.257858979],[637435.088650285,494203.868373433],[637366.044436006,494287.289907658],[637343.139922709,494333.426607003],[637335.822521129,494348.174282227],[637299.135846022,494329.970821647],[637270.666444372,494315.844364295],[637241.309335889,494301.273387155],[637228.899463768,494295.120570701],[637234.862239774,494264.61563445],[637240.545443158,494235.542957891],[637247.312251631,494200.910276703],[637236.842680123,494113.671910189],[637204.478007506,494097.927871182],[637207.146357819,494091.471662174],[637230.05776259,494036.035253266],[637244.031842162,494002.221687873],[637243.65114643,494001.16118071],[637237.780059316,493985.63913108],[637231.373307734,493970.322280341],[637224.450324151,493955.231165241],[637217.03054104,493940.386322514],[637214.845177038,493935.875991343],[637209.94734325,493926.750767225],[637205.433901833,493919.276146293],[637198.697382608,493909.380131042],[637192.394112936,493901.176068428],[637185.651237281,493893.31985696],[637178.48791204,493885.842025585],[637169.28379402,493877.307822286],[637163.027603983,493872.1050301],[637154.759493821,493865.886663244],[637146.158932248,493860.119106913],[637137.265336256,493854.823449877],[637081.417730468,493823.630823763],[637051.779296975,493806.212163218],[637017.480012114,493784.84478023],[637015.875164867,493788.640399552],[636890.483941063,493718.516907587],[636778.131189951,493655.683606843],[636767.959420958,493650.322650307],[636757.779700742,493645.61146668],[636747.386056817,493641.404367144],[636736.777661057,493637.731328424],[636726.014743075,493634.584014552],[636715.096750791,493631.982409982],[636710.778885231,493631.183128174],[636704.063653244,493629.927618884],[636692.965687771,493628.411029239],[636692.686456845,493628.383315147],[636681.782041718,493627.462065618],[636657.584990851,493671.163025904],[636646.430959561,493662.264977046],[636617.626900789,493639.259478162],[636563.598929229,493596.137366949],[636559.231252795,493601.846627596],[636553.816790659,493597.667093331],[636552.66144631,493596.775185552],[636504.608031133,493670.03665909],[636475.845886411,493685.691828717],[636465.755165382,493700.562853542],[636466.16912325,493710.554160923],[636461.751290443,493707.582144826],[636458.860316559,493711.962217072],[636455.96934264,493716.34228923],[636455.291472338,493715.903566906],[636398.967306152,493798.606369353],[636393.880456866,493806.095731147],[636386.978140789,493804.735051661],[636367.673749941,493800.921759882],[636360.383393451,493799.490360772],[636353.45137746,493798.118861169],[636344.918064709,493796.433125172],[636325.384959225,493792.573516088],[636300.003748981,493787.562351651],[636298.46450619,493786.449840492],[636279.016178073,493772.282714609],[636292.592500019,493749.968101998],[636281.899758224,493731.612933279],[636279.053367659,493726.054369194],[636270.292969457,493714.852491162],[636265.070640221,493707.338312306],[636258.128401176,493691.496730167],[636244.554802128,493672.811979053],[636246.524273889,493670.296425254],[636252.421316597,493662.799448789],[636258.204579828,493655.439326713],[636278.757362084,493629.267504916],[636279.184292263,493600.059696479],[636280.984139365,493475.911107251],[636281.025107802,493473.342273979],[636278.450924831,493470.961189568],[636196.257207701,493394.761486699],[636192.240060343,493391.040557948],[636168.732900256,493369.231438152],[636169.042386894,493367.44001324],[636170.392902696,493357.647460138],[636171.175241063,493347.789211107],[636171.418550549,493337.896071047],[636171.09175026,493328.007180807],[636170.204004296,493318.152793194],[636168.764476764,493308.363161012],[636166.772615587,493298.658268779],[636166.736511282,493298.51727332],[636164.246472938,493289.108614279],[636184.52285025,493267.149081863],[636187.924632405,493263.463111641],[636180.418209408,493257.545819906],[636082.169599351,493180.082687629],[636073.129819158,493189.852815161],[636051.690877252,493212.630215412],[636029.949629188,493235.129264857],[636007.945767967,493257.361059896],[635985.591295964,493279.253170531],[635962.347570404,493301.480706106],[635938.812359576,493323.400190047],[635914.986215713,493344.991637914],[635890.858594634,493366.274758128],[635866.460301295,493387.220402166],[635841.771075339,493407.838010184],[635816.820617524,493428.138402569],[635791.600039956,493448.081334412],[635766.108514626,493467.696782417],[635740.356585989,493486.965038219],[635714.353970346,493505.896370131],[635688.091503767,493524.460525487],[635661.588342664,493542.688033094],[635634.835323106,493560.548640292],[635607.852153604,493578.052891461],[635580.639110336,493595.190794444],[635553.196469486,493611.952357084],[635525.533671278,493628.357839929],[635497.651267946,493644.387258622],[635469.558975766,493660.050881494],[635441.257623026,493675.318731989],[635412.736389466,493690.220510758],[635384.045788356,493704.737613742],[635355.193603541,493718.95025475],[635326.114582672,493732.686633927],[635296.856478431,493746.02806932],[635267.418738804,493758.994545427],[635237.802468134,493771.546093529],[635208.027098807,493783.703250246],[635178.055146666,493795.374981632],[635140.728488047,493809.393472855],[635103.078110286,493822.823026986],[635065.144534494,493835.644764055],[635026.938029116,493847.848968129],[634988.509107428,493859.417035336],[634949.877477915,493870.359510211],[634919.443988099,493878.468535128],[634911.084213743,493880.637528467],[634872.149299424,493890.251642473],[634833.122419959,493899.213224984],[634794.034104135,493907.503120063],[634757.588261903,493914.616042514],[634732.836768745,493919.392105117],[634726.63294126,493920.620679196],[634695.757338966,493926.997510037],[634664.97061896,493933.776787538],[634634.263341137,493940.938251156],[634603.645497624,493948.482176839],[634573.137072726,493956.40911661],[634542.717805955,493964.728510407],[634532.195697501,493967.707740017],[634512.418225916,493973.421201962],[634482.218072121,493982.496631212],[634452.157589275,493991.945910141],[634422.186264292,494001.787642667],[634392.36515442,494011.983516387],[634362.653186612,494022.572395635],[634333.101425928,494033.515691953],[634303.678791496,494044.852545733],[634274.396655745,494056.533272094],[634265.25330657,494060.280573825],[634244.864219722,494068.587072928],[634216.281371837,494081.017099937],[634187.468483906,494093.810761212],[634158.805810402,494106.958562959],[634130.323051661,494120.471325473],[634102.000775396,494134.328512204],[634073.868405859,494148.550935616],[634062.100534639,494154.635668887],[634045.907891125,494163.068098353],[634018.135902553,494178.000458444],[633990.554648614,494193.268078509],[633963.163577056,494208.890942809],[633935.973232078,494224.849343033],[633924.217449862,494231.944382762],[633908.992225355,494241.193515984],[633894.759760417,494249.980087902],[633882.213325364,494257.823263949],[633855.63459947,494274.808531974],[633829.277412251,494292.099911378],[633803.140383211,494309.747362889],[633777.234884771,494327.701201763],[633751.550096427,494345.991128342],[633731.506975292,494360.597013088],[633711.588231171,494375.406327917],[633691.84382476,494390.420453206],[633672.224899564,494405.598039943],[633652.7597755,494420.999869246],[633633.449832906,494436.575980356],[633614.30423563,494452.35662579],[633595.304103638,494468.30128478],[633576.478032906,494484.4607463],[633557.797427344,494500.784221357],[633539.291158996,494517.312506774],[633520.930631787,494533.994813572],[633502.754157727,494550.892198946],[633484.733692916,494567.933889631],[633466.897557212,494585.180666738],[633449.216878468,494602.591733436],[633434.721060056,494617.290861486],[633420.507283268,494632.277774583],[633406.586368424,494647.5227724],[633392.958039356,494663.035847084],[633379.632288121,494678.817274734],[633366.619935043,494694.837355037],[633353.900443586,494711.115520103],[633341.504342266,494727.632613949],[633329.422191047,494744.368376227],[633317.663429809,494761.34306733],[633306.228610655,494778.536703014],[633295.12772565,494795.949559402],[633284.361050809,494813.571644388],[633273.928862154,494831.392965876],[633263.851143884,494849.414076094],[633254.108187753,494867.62443076],[633244.720254059,494886.014589971],[633235.697334869,494904.584829875],[633227.009729811,494923.324330098],[633218.68796742,494942.213934715],[633210.741487575,494961.273904145],[633202.831938171,494980.44489042],[633194.69477748,494999.529588332],[633186.360258033,495018.51883401],[633177.818111634,495037.422343454],[633169.068614415,495056.2301245],[633160.112042519,495074.932184988],[633150.948119877,495093.538517014],[633141.586838661,495112.049396657],[633132.018482878,495130.454555655],[633122.243328673,495148.744001844],[633112.280808137,495166.938271672],[633102.101773233,495185.006560409],[633091.75866961,495202.860319389],[633081.172717005,495220.817363992],[633070.435725067,495238.45024149],[633059.45671253,495256.156428156],[633048.346092808,495273.558984163],[633036.973744405,495291.024304937],[633025.521130102,495308.137414942],[633013.795138403,495325.372966309],[632991.461026193,495357.025024653],[632968.336930095,495388.315257029],[632944.567157959,495419.08765487],[632920.169761545,495449.412715192],[632895.156666075,495479.220769172],[632869.529528553,495508.451864023],[632843.305572378,495537.206473156],[632816.497551144,495565.384951442],[632789.114076698,495593.037535587],[632761.157082181,495620.094280746],[632732.655992027,495646.575999528],[632703.612187151,495672.432731372],[632674.043443126,495697.744965487],[632643.953349847,495722.382804413],[632613.369674986,495746.427013506],[632582.292971087,495769.857608601],[632550.745155548,495792.605197251],[632518.73511628,495814.710024127],[632486.263958082,495836.132120901],[632453.361105317,495856.892300291],[632420.046542481,495876.991114683],[632386.321926616,495896.368611584],[632352.195869459,495915.075027807],[632317.699452103,495933.071223487],[632282.833779326,495950.317230392],[632247.770926143,495966.737806144],[632198.706756306,495989.371273579],[632150.313649317,496013.413240481],[632102.651833216,496038.855371035],[632055.731575524,496065.687948794],[632009.624476971,496093.852953693],[631969.28168375,496120.047308056],[631964.350520986,496123.350937618],[631919.960495651,496154.153304631],[631876.485480984,496186.220914478],[631867.832751972,496192.841597795],[631833.945460351,496219.554319186],[631792.401766139,496254.105214942],[631754.324621452,496287.691932783],[631751.885202182,496289.844453754],[631712.41658023,496326.742611548],[631674.036420047,496364.78080867],[631636.785793677,496403.920181353],[631600.685789008,496444.121313609],[631565.757217788,496485.354781587],[631532.060860084,496527.592266071],[631499.58810373,496570.783530721],[631468.400004964,496614.890264376],[631438.506555051,496659.912743469],[631409.920230654,496705.76131582],[631382.691267528,496752.427370506],[631356.821045709,496799.860947595],[631332.330100936,496848.042615712],[631309.270325977,496896.903811668],[631287.632832752,496946.404291579],[631267.447873,496996.534892436],[631248.717655438,497047.215678318],[631231.472984213,497098.417502173],[631215.724679376,497150.110664641],[631201.484389524,497202.235490213]]]},"properties":{"NAZWA_DZIELNICY":"Białołęka","KODTERYT":"146503_8"}},{"type":"Feature","geometry":{"type":"Polygon","coordinates":[[[633751.550096427,494345.991128342],[633777.234884771,494327.701201763],[633803.140383211,494309.747362889],[633829.277412251,494292.099911378],[633855.63459947,494274.808531974],[633882.213325364,494257.823263949],[633894.759760417,494249.980087902],[633908.992225355,494241.193515984],[633924.217449862,494231.944382762],[633935.973232078,494224.849343033],[633963.163577056,494208.890942809],[633990.554648614,494193.268078509],[634018.135902553,494178.000458444],[634045.907891125,494163.068098353],[634062.100534639,494154.635668887],[634073.868405859,494148.550935616],[634102.000775396,494134.328512204],[634130.323051661,494120.471325473],[634158.805810402,494106.958562959],[634187.468483906,494093.810761212],[634216.281371837,494081.017099937],[634244.864219722,494068.587072928],[634265.25330657,494060.280573825],[634274.396655745,494056.533272094],[634303.678791496,494044.852545733],[634333.101425928,494033.515691953],[634362.653186612,494022.572395635],[634392.36515442,494011.983516387],[634422.186264292,494001.787642667],[634452.157589275,493991.945910141],[634482.218072121,493982.496631212],[634512.418225916,493973.421201962],[634532.195697501,493967.707740017],[634542.717805955,493964.728510407],[634573.137072726,493956.40911661],[634603.645497624,493948.482176839],[634634.263341137,493940.938251156],[634664.97061896,493933.776787538],[634695.757338966,493926.997510037],[634726.63294126,493920.620679196],[634732.836768745,493919.392105117],[634757.588261903,493914.616042514],[634794.034104135,493907.503120063],[634833.122419959,493899.213224984],[634872.149299424,493890.251642473],[634911.084213743,493880.637528467],[634919.443988099,493878.468535128],[634949.877477915,493870.359510211],[634988.509107428,493859.417035336],[635026.938029116,493847.848968129],[635065.144534494,493835.644764055],[635103.078110286,493822.823026986],[635140.728488047,493809.393472855],[635178.055146666,493795.374981632],[635208.027098807,493783.703250246],[635237.802468134,493771.546093529],[635267.418738804,493758.994545427],[635296.856478431,493746.02806932],[635326.114582672,493732.686633927],[635355.193603541,493718.95025475],[635384.045788356,493704.737613742],[635412.736389466,493690.220510758],[635441.257623026,493675.318731989],[635469.558975766,493660.050881494],[635497.651267946,493644.387258622],[635525.533671278,493628.357839929],[635553.196469486,493611.952357084],[635580.639110336,493595.190794444],[635607.852153604,493578.052891461],[635634.835323106,493560.548640292],[635661.588342664,493542.688033094],[635688.091503767,493524.460525487],[635714.353970346,493505.896370131],[635740.356585989,493486.965038219],[635766.108514626,493467.696782417],[635791.600039956,493448.081334412],[635816.820617524,493428.138402569],[635841.771075339,493407.838010184],[635866.460301295,493387.220402166],[635890.858594634,493366.274758128],[635914.986215713,493344.991637914],[635938.812359576,493323.400190047],[635962.347570404,493301.480706106],[635985.591295964,493279.253170531],[636007.945767967,493257.361059896],[636029.949629188,493235.129264857],[636051.690877252,493212.630215412],[636073.129819158,493189.852815161],[636082.169599351,493180.082687629],[635967.313379048,493089.511001167],[635699.432098919,492878.303886945],[635697.404947489,492881.097843331],[635668.584563531,492914.431157152],[635622.377560951,492937.154323274],[635617.284179301,492939.813575435],[635599.000793509,492949.358341189],[635523.68128756,492979.067141182],[635462.889862347,493012.45721027],[635453.824946238,493002.866945031],[635426.048331285,492973.440089372],[635403.576196131,492949.639683479],[635386.827164596,492931.877282527],[635403.274358143,492879.842502165],[635405.631141093,492872.71772643],[635408.91240004,492845.15882768],[635408.932274393,492842.629418607],[635405.894865512,492782.446508198],[635404.068054207,492752.286543385],[635401.953729304,492722.398632093],[635399.654303908,492712.605274268],[635398.841787517,492710.162869507],[635389.553554166,492692.36658329],[635388.381097442,492690.284229545],[635376.339929134,492677.301816264],[635357.314261197,492660.866519925],[635332.139961292,492640.041448304],[635329.997543116,492638.682288557],[635325.839734439,492635.347488552],[635324.392243571,492633.447534807],[635310.262981415,492622.207415276],[635288.44882641,492604.99510977],[635261.986086071,492584.114456624],[635207.522525843,492541.560687286],[635199.074802972,492534.967442192],[635188.132064189,492526.385309961],[635186.477884337,492525.089637594],[635066.330962117,492429.122418789],[634921.188636364,492313.095188898],[634817.079461962,492229.870911057],[634799.107551143,492178.545432874],[634788.461434445,492169.361529853],[634770.186682161,492153.61702733],[634757.801977006,492142.935129896],[634643.055721346,492038.977533782],[634636.597388254,492033.129252366],[634621.242016443,492019.215370577],[634600.726084125,492000.619034959],[634488.087090628,491898.569716743],[634476.104311605,491879.129115092],[634461.536165647,491863.867019945],[634447.065181449,491848.707608019],[634445.929435674,491847.106268679],[634438.288753015,491836.275436048],[634410.902803633,491806.099595469],[634405.525425115,491809.990986187],[634401.493867981,491804.619736028],[634394.712461765,491795.262611032],[634390.659483768,491789.580775832],[634388.610667933,491779.764381677],[634378.191438103,491767.796828395],[634370.411823728,491763.082039588],[634360.734630774,491757.194860976],[634333.298363165,491735.357476622],[634325.824968949,491729.331174165],[634316.395366639,491721.7208713],[634273.44968583,491694.805209192],[634229.884672079,491656.642680069],[634174.904016895,491617.244877348],[634151.490993098,491618.458163006],[634144.192761971,491624.9164441],[634135.746153428,491632.402984058],[634132.219979775,491635.525522309],[634127.644182734,491637.549091905],[634108.987129475,491645.783592593],[634088.312537382,491624.242994054],[634079.03998363,491612.757120175],[634074.988499676,491607.745320536],[634054.480666696,491582.339415149],[634037.363977458,491595.266363387],[634022.167213432,491606.746371036],[633999.57763813,491579.233015832],[633986.720587101,491563.568229842],[633981.052523388,491531.642359184],[633972.778880179,491500.644502384],[633975.587059444,491499.622087773],[633967.619898632,491477.802500146],[633966.671349516,491475.216356454],[633946.843301926,491423.749808243],[633944.286768686,491417.109339554],[633896.042249602,491292.03953667],[633891.342631907,491293.839694726],[633881.073307927,491297.805970948],[633880.456610823,491298.048932553],[633877.215355805,491289.769590373],[633876.757477212,491288.606969238],[633875.925853959,491286.494046106],[633866.828510083,491263.233287976],[633846.021192352,491230.929304184],[633842.747875382,491225.259020883],[633841.402179019,491222.931904381],[633839.286477406,491220.243528593],[633838.837439352,491220.571119139],[633838.072572982,491221.109981985],[633837.87990513,491220.844666405],[633836.511578937,491219.336906919],[633829.329339193,491213.268669856],[633827.717061618,491211.904169458],[633822.036805207,491208.29736263],[633816.336564546,491204.690003998],[633812.760561265,491199.841343364],[633783.096505253,491159.822922852],[633644.531700004,490972.920075951],[633629.998444265,490967.618805245],[633625.167256702,490965.855413794],[633612.663627094,490961.290182755],[633598.259054223,490937.932879074],[633585.337860219,490916.986491434],[633567.965697068,490888.837341405],[633563.237374681,490881.176927809],[633562.513512891,490879.506974137],[633562.699603643,490878.562135353],[633563.48890253,490874.604025371],[633561.726581711,490873.965367409],[633561.970026619,490872.392127074],[633559.681513331,490866.909047665],[633555.881678237,490857.854310011],[633552.275489415,490855.184774101],[633537.595167192,490832.759843219],[633540.469949654,490828.239343973],[633542.003355574,490815.441988554],[633539.527422588,490793.934102681],[633461.396948832,490672.719101829],[633461.099610271,490672.260900664],[633445.941965983,490648.652830971],[633402.31886414,490580.729655996],[633383.757499018,490551.827718471],[633377.66435598,490547.239549862],[633356.861040583,490531.445390116],[633342.219510453,490508.701569165],[633326.025204014,490483.524924968],[633272.507727757,490431.338172515],[633250.061795768,490396.449121133],[633201.375523217,490315.24652186],[633171.082146818,490264.701149215],[633144.939956004,490289.788582238],[633134.01085855,490300.266502259],[633096.61071623,490336.152756705],[633066.433880811,490350.549016742],[633057.661195282,490352.826687328],[633027.148130074,490363.103760184],[633029.010240053,490368.095062071],[633014.008740193,490374.680604743],[633004.207709077,490378.709830969],[632959.995177716,490397.308354309],[632953.530734898,490400.009758629],[632931.781980695,490409.39888889],[632896.425097253,490423.802075491],[632889.404465882,490426.728112678],[632869.215082811,490434.690340237],[632868.064405602,490430.008680388],[632866.516845947,490430.645925224],[632804.889219616,490455.963305578],[632761.829496299,490473.373672171],[632730.51660762,490485.818576996],[632704.949613041,490495.872226993],[632622.426166093,490533.73216395],[632616.197400938,490536.590066802],[632614.693704562,490533.828610774],[632610.217153086,490522.845267312],[632602.528020759,490507.613312491],[632549.455699391,490528.387048482],[632555.467649448,490544.242665251],[632527.773614092,490575.91698887],[632524.987683909,490582.289879721],[632508.317369875,490620.698468022],[632496.431700655,490647.709496173],[632493.945141089,490653.38067231],[632493.167700934,490655.099155482],[632483.17956156,490677.852699949],[632464.834177202,490688.565753267],[632446.498394259,490698.569089364],[632446.396817412,490698.626282489],[632408.547391465,490717.47045188],[632370.065373024,490736.047152574],[632346.951492369,490746.348512138],[632322.257480341,490756.656229513],[632298.66987961,490765.644538123],[632287.613782329,490769.859073558],[632264.37744809,490778.077102419],[632238.182187859,490786.983390586],[632201.315387101,490799.214855431],[632170.045201933,490809.390943433],[632147.850031615,490816.117762332],[632105.21089987,490828.439794187],[632085.032033631,490834.212323962],[632034.787658757,490847.094289087],[632021.223162525,490850.529561106],[631901.972853457,490880.715180472],[631871.303705653,490889.767880905],[631836.359831375,490900.082480683],[631827.921113722,490902.579342279],[631826.056019228,490903.127814958],[631775.19307224,490918.132610523],[631754.152480779,490924.331315076],[631690.841715296,490946.512098843],[631627.49010795,490968.36175459],[631495.393757543,491013.992025856],[631492.708267887,491014.917827296],[631477.019137191,491020.334344917],[631438.092063747,491032.218854639],[631370.285740531,491052.435485685],[631244.828095397,491089.419300179],[631236.056894872,491092.006965262],[631188.063304142,491106.310968118],[631160.614579817,491112.812647318],[631114.604709754,491123.721538025],[631090.847422456,491129.805182775],[631036.837802574,491143.973015815],[630984.714093518,491157.562949934],[630977.953673919,491159.396171496],[630976.784935781,491159.713881295],[630918.996767187,491179.627157926],[630793.720180994,491223.095650121],[630749.31562978,491238.518701765],[630740.370219145,491241.621529436],[630721.304540306,491270.813989283],[630680.19720352,491285.248131533],[630659.294809602,491292.600564845],[630650.530085942,491295.678381316],[630634.838234678,491301.194789352],[630634.414152976,491301.343071285],[630614.348553301,491308.448622786],[630567.216090099,491324.886272744],[630531.6945364,491337.294747638],[630503.523916984,491347.12634033],[630489.085160887,491352.16736948],[630471.19545698,491358.33304421],[630430.564675843,491372.53033202],[630310.064233943,491414.690631142],[630288.466892515,491422.223844605],[630223.929093027,491444.670505297],[630221.566394402,491445.495217788],[630121.386364441,491480.376973502],[630014.209085374,491518.06533661],[629948.704708557,491541.115235446],[629871.169246505,491568.202669224],[629809.297351106,491590.072920651],[629790.211789468,491596.815514456],[629774.378157669,491602.397971095],[629708.693645112,491626.902803899],[629677.43374144,491637.43898452],[629608.434764086,491660.662296935],[629574.296178612,491671.87893197],[629556.171406308,491677.868080688],[629536.895954056,491684.245430946],[629476.774922682,491704.274061129],[629442.291654518,491715.66115887],[629393.943860148,491731.575124951],[629325.768864356,491753.931183861],[629294.518103874,491764.137601426],[629273.993998507,491770.830438181],[629204.605911458,491793.662952608],[629135.721854613,491816.349383858],[629138.519142789,491824.046360714],[629105.122288766,491839.183298077],[629091.811218232,491850.825177466],[629062.693854867,491879.369809928],[629018.080829242,491923.345822376],[629014.874620327,491925.747167664],[628934.614077029,492008.057019611],[628890.389774367,492063.663283992],[628835.769113109,492172.730285609],[628834.626222019,492175.008627126],[628833.342007102,492176.973076936],[628770.956804701,492136.34137156],[628754.158041793,492125.097774335],[628748.381557063,492119.548425931],[628747.287638783,492124.398019578],[628699.100354856,492138.48638495],[628695.374064417,492139.443415519],[628618.859875664,492165.768813103],[628610.553778369,492165.639376575],[628609.729900191,492161.436784005],[628609.334081041,492159.47592748],[628608.230039322,492154.555624213],[628606.984453776,492149.691408877],[628605.587884427,492144.863021514],[628604.059487244,492140.100990077],[628602.389546251,492135.395046586],[628600.568345467,492130.734923072],[628598.605600884,492126.130887516],[628596.501312503,492121.582939927],[628594.255756332,492117.081088328],[628591.858664395,492112.635048705],[628555.889864418,492048.204030527],[628552.319069664,492042.445623002],[628548.896666935,492037.831269287],[628545.272272731,492033.651318878],[628541.487234977,492029.856915855],[628537.532113706,492026.427800248],[628533.427444886,492023.344540085],[628529.184048502,492020.577435412],[628524.801648571,492018.136478199],[628520.281073095,492015.991692495],[628515.63203807,492014.153346267],[628510.844551528,492012.621163504],[628505.918337486,492011.405136177],[628500.843127982,492010.514980251],[628495.628363012,492009.970955665],[628490.253506641,492009.79249437],[628484.698022931,492009.999028307],[628478.949711951,492010.670217286],[628472.977493798,492011.845201205],[628292.097813832,492055.177046279],[628292.963442048,492065.470540726],[628120.780457251,492107.102623973],[628105.230263262,492110.752928882],[627936.041596367,492150.41775175],[627921.175832675,492153.906964825],[627930.778633615,492435.070507728],[627941.115611343,492736.343521664],[627942.0571232,492763.798389181],[627942.787862659,492783.317764293],[627944.870603843,492839.3229722],[627944.781213818,492899.02802055],[627940.245083411,492903.962501111],[627940.767037372,492908.596727805],[627941.519412722,492915.387230444],[627945.802926209,492917.425481442],[627947.667997945,492922.30680279],[627957.765518309,493214.493626587],[627968.030118941,493512.204865672],[627970.524082624,493555.491975446],[627970.685216418,493558.346309025],[627973.95754589,493663.222374676],[627974.577627711,493691.088352994],[627975.208137218,493720.02457531],[627929.680804383,493940.417568017],[627933.910892907,494047.539996708],[627926.296651484,494095.117642532],[627871.477491063,494174.069707461],[627873.473578237,494182.894491648],[627877.074417664,494198.783321112],[627881.350720137,494217.730686772],[627893.903488275,494274.79514811],[627918.447361103,494386.088684595],[627941.295066968,494493.62552911],[627947.126848697,494520.695547034],[627947.401813476,494521.96309217],[627952.416482057,494545.310687403],[627987.547179835,494705.194798009],[628004.462295854,494782.069027362],[628050.391434445,494993.739462561],[628053.274100495,495007.028573829],[628081.372463752,495134.429800794],[628096.482510346,495205.334445032],[628105.498063345,495247.821842699],[628159.696988811,495350.915369513],[628136.37430232,495395.919039446],[628097.544863669,495470.862962417],[628071.265801329,495559.163145497],[628005.559339263,495668.052891394],[627802.682884579,495890.407097678],[627817.204233638,495974.284909406],[627820.821339643,495972.574943438],[627877.521891199,495945.693041351],[627888.079578562,495940.695020955],[627907.260534851,495931.585482871],[627921.718970499,495924.745338491],[627940.727303946,495915.731023784],[627960.474991701,495906.377154603],[627978.317408302,495897.940592629],[627988.115484956,495893.291561954],[628031.306473371,495878.355792701],[628074.376183129,495863.466665439],[628088.327792311,495862.302275666],[628120.9021778,495859.562603438],[628154.468808577,495856.74035524],[628168.921676422,495855.529819231],[628182.622662504,495854.388501517],[628196.594260638,495853.224663137],[628210.515899592,495852.059444031],[628224.407563293,495850.893396445],[628238.379163367,495849.729557734],[628252.450683759,495848.568480151],[628284.222692222,495845.916626675],[628296.490414095,495844.895693935],[628298.454914626,495844.729990797],[628322.466790373,495843.90360722],[628346.1783567,495843.08892375],[628347.07929075,495843.053823024],[628352.194800308,495842.485216013],[628416.939553557,495835.344760706],[628476.658427387,495826.615471669],[628497.682683616,495823.536610044],[628518.847657323,495820.431637771],[628540.554684338,495817.251647888],[628562.030516805,495814.115266608],[628583.957922653,495810.921366537],[628586.869678552,495810.491851153],[628620.784593532,495812.79901636],[628657.264413981,495815.287057388],[628690.909829539,495817.576776378],[628706.585294524,495825.679661876],[628774.692632367,495860.780492451],[628776.694221155,495861.80576817],[628781.703327224,495864.364099597],[628782.287673755,495868.910073479],[628781.581486218,495870.220507093],[628780.695494452,495871.885958029],[628780.136650055,495872.930473789],[628779.472639441,495874.162076004],[628777.755445707,495880.214387223],[628772.070404099,495900.306503375],[628772.583593664,495909.960314044],[628777.270679216,495929.599089568],[628785.297379132,495951.780061345],[628805.589629909,496043.217346948],[628814.645246794,496083.166078227],[628830.925372978,496135.244007923],[628853.814887803,496197.104231664],[628868.317680221,496250.173017063],[628884.62774339,496308.041572783],[628956.07417153,496438.331215717],[629111.678199445,496721.641161027],[629129.665310289,496740.897580693],[629171.546399141,496763.234284893],[629183.568733413,496769.64632812],[629330.863002853,496807.285965189],[629421.932845407,496833.22208193],[629633.820805234,496866.307240316],[629641.726294899,496867.54569557],[629653.574813924,496869.393110408],[629884.027857909,496968.849134262],[629886.165146019,496969.668178888],[629900.523553937,496975.134845158],[629923.047703741,496901.509939973],[629935.441712596,496838.394676758],[629980.757399605,496852.966647111],[629981.693134679,496851.672554219],[630061.428577371,496900.944669203],[630112.690513036,496992.348397496],[630123.697481494,497011.981957303],[630144.584551548,497049.328000243],[630165.679778857,497064.670544],[630240.578664072,496961.144180548],[630344.222847075,496817.953566961],[630367.520965404,496826.677207945],[630587.341782915,496908.880113688],[630786.988111762,496983.675763595],[630845.251209482,497005.205431867],[630848.506509627,497006.095378007],[630950.813488466,497044.801864329],[630952.905238005,497057.399287317],[630957.188517776,497107.566115739],[630961.921560138,497114.686714005],[630966.713721055,497197.816587389],[630967.034614522,497206.105199641],[630967.936313231,497229.559394804],[630973.271948893,497297.004780657],[630977.512010541,497380.209398945],[630980.776341516,497386.199441229],[631142.739336305,497683.657137464],[631143.04472572,497629.557223501],[631144.896941688,497575.570062349],[631148.297641388,497521.635700797],[631153.284859892,497467.825187166],[631159.826964085,497414.197644447],[631167.923401815,497360.77305594],[631177.572516267,497307.611373209],[631188.763487149,497254.742295468],[631201.484389524,497202.235490213],[631215.724679376,497150.110664641],[631231.472984213,497098.417502173],[631248.717655438,497047.215678318],[631267.447873,496996.534892436],[631287.632832752,496946.404291579],[631309.270325977,496896.903811668],[631332.330100936,496848.042615712],[631356.821045709,496799.860947595],[631382.691267528,496752.427370506],[631409.920230654,496705.76131582],[631438.506555051,496659.912743469],[631468.400004964,496614.890264376],[631499.58810373,496570.783530721],[631532.060860084,496527.592266071],[631565.757217788,496485.354781587],[631600.685789008,496444.121313609],[631636.785793677,496403.920181353],[631674.036420047,496364.78080867],[631712.41658023,496326.742611548],[631751.885202182,496289.844453754],[631754.324621452,496287.691932783],[631792.401766139,496254.105214942],[631833.945460351,496219.554319186],[631867.832751972,496192.841597795],[631876.485480984,496186.220914478],[631919.960495651,496154.153304631],[631964.350520986,496123.350937618],[631969.28168375,496120.047308056],[632009.624476971,496093.852953693],[632055.731575524,496065.687948794],[632102.651833216,496038.855371035],[632150.313649317,496013.413240481],[632198.706756306,495989.371273579],[632247.770926143,495966.737806144],[632282.833779326,495950.317230392],[632317.699452103,495933.071223487],[632352.195869459,495915.075027807],[632386.321926616,495896.368611584],[632420.046542481,495876.991114683],[632453.361105317,495856.892300291],[632486.263958082,495836.132120901],[632518.73511628,495814.710024127],[632550.745155548,495792.605197251],[632582.292971087,495769.857608601],[632613.369674986,495746.427013506],[632643.953349847,495722.382804413],[632674.043443126,495697.744965487],[632703.612187151,495672.432731372],[632732.655992027,495646.575999528],[632761.157082181,495620.094280746],[632789.114076698,495593.037535587],[632816.497551144,495565.384951442],[632843.305572378,495537.206473156],[632869.529528553,495508.451864023],[632895.156666075,495479.220769172],[632920.169761545,495449.412715192],[632944.567157959,495419.08765487],[632968.336930095,495388.315257029],[632991.461026193,495357.025024653],[633013.795138403,495325.372966309],[633025.521130102,495308.137414942],[633036.973744405,495291.024304937],[633048.346092808,495273.558984163],[633059.45671253,495256.156428156],[633070.435725067,495238.45024149],[633081.172717005,495220.817363992],[633091.75866961,495202.860319389],[633102.101773233,495185.006560409],[633112.280808137,495166.938271672],[633122.243328673,495148.744001844],[633132.018482878,495130.454555655],[633141.586838661,495112.049396657],[633150.948119877,495093.538517014],[633160.112042519,495074.932184988],[633169.068614415,495056.2301245],[633177.818111634,495037.422343454],[633186.360258033,495018.51883401],[633194.69477748,494999.529588332],[633202.831938171,494980.44489042],[633210.741487575,494961.273904145],[633218.68796742,494942.213934715],[633227.009729811,494923.324330098],[633235.697334869,494904.584829875],[633244.720254059,494886.014589971],[633254.108187753,494867.62443076],[633263.851143884,494849.414076094],[633273.928862154,494831.392965876],[633284.361050809,494813.571644388],[633295.12772565,494795.949559402],[633306.228610655,494778.536703014],[633317.663429809,494761.34306733],[633329.422191047,494744.368376227],[633341.504342266,494727.632613949],[633353.900443586,494711.115520103],[633366.619935043,494694.837355037],[633379.632288121,494678.817274734],[633392.958039356,494663.035847084],[633406.586368424,494647.5227724],[633420.507283268,494632.277774583],[633434.721060056,494617.290861486],[633449.216878468,494602.591733436],[633466.897557212,494585.180666738],[633484.733692916,494567.933889631],[633502.754157727,494550.892198946],[633520.930631787,494533.994813572],[633539.291158996,494517.312506774],[633557.797427344,494500.784221357],[633576.478032906,494484.4607463],[633595.304103638,494468.30128478],[633614.30423563,494452.35662579],[633633.449832906,494436.575980356],[633652.7597755,494420.999869246],[633672.224899564,494405.598039943],[633691.84382476,494390.420453206],[633711.588231171,494375.406327917],[633731.506975292,494360.597013088],[633751.550096427,494345.991128342]]]},"properties":{"NAZWA_DZIELNICY":"Bielany","KODTERYT":"146504_8"}},{"type":"Feature","geometry":{"type":"Polygon","coordinates":[[[635601.23228886,483546.733686884],[635582.918055478,483446.150024119],[635543.839477109,483231.575361229],[635539.350909612,483206.881930073],[635538.654921676,483203.112790149],[635480.962825824,482886.46637463],[635436.177461113,482640.594959934],[635435.091089101,482634.665089527],[635430.14987009,482607.529231401],[635430.010395355,482606.785396192],[635427.55339482,482593.267842104],[635417.612279266,482600.563434014],[635416.078574952,482601.061109576],[635397.665644981,482607.702970237],[635393.857777171,482609.077884854],[635328.053001436,482632.851870419],[635234.081385848,482666.678519095],[635139.993816606,482700.721942454],[635127.592431245,482705.129695694],[635080.072717091,482722.548258837],[635051.892236056,482732.370547943],[635048.640008624,482733.540793777],[635039.428695138,482736.856582069],[634959.769946344,482765.49817004],[634957.972035768,482766.148551274],[634957.184097485,482766.436805678],[634915.944343988,482781.678661781],[634845.790699962,482807.592536163],[634845.330231706,482807.609830914],[634769.806784593,482835.69548969],[634730.287782244,482850.184818882],[634728.560093929,482850.827136762],[634696.514995743,482862.632731381],[634690.878974263,482864.667184667],[634536.228939208,482915.159126745],[634536.022203035,482915.403417558],[634416.982372407,482956.078061243],[634323.658301251,482988.552393045],[634238.033278349,483018.519190091],[634231.088907476,483020.857530511],[634215.41390587,483026.124911699],[634209.088223403,483028.510321648],[634208.269483214,483028.827724067],[634192.811687581,483034.921079764],[634185.536331283,483038.02027041],[634184.724349641,483037.367880194],[634180.718530124,483035.407393475],[634177.581120549,483036.040812013],[634170.497821565,483039.06530335],[634170.42704923,483039.093349983],[634136.821487491,483053.45578857],[634136.790959565,483053.474945821],[634120.894196776,483060.256171622],[634120.6816041,483060.350303669],[634096.699361277,483070.598356436],[634095.940298698,483070.927404997],[634084.536030048,483075.802628765],[634084.404753285,483075.849005528],[634074.86220377,483079.935615293],[634071.719899546,483081.108886199],[634069.284767103,483082.021675289],[634067.589496756,483077.864990254],[633976.657785952,483110.255255916],[633901.549255312,483135.632260269],[633817.150075083,483164.302823312],[633749.521315245,483187.146244691],[633679.820390229,483211.882434546],[633664.278687565,483217.393467618],[633543.727048857,483256.696180276],[633543.494747925,483256.779768432],[633452.074598295,483288.756450955],[633338.589139203,483328.194079645],[633337.852268234,483328.44374094],[633335.1867702,483329.370168756],[633334.762964341,483329.508471228],[633265.634576426,483353.430409161],[633153.132060521,483393.125103093],[633045.189229346,483433.915556109],[633043.976662845,483434.372085495],[633032.426615605,483438.733267675],[633005.099334119,483452.068869962],[632970.542386016,483472.284800395],[632955.539985535,483482.170574894],[632929.283701258,483499.455620741],[632890.564226929,483531.726368142],[632856.636193132,483568.289210625],[632835.314176078,483593.75018655],[632804.477142263,483641.508016123],[632801.217878299,483646.557946897],[632789.681422279,483640.279771047],[632781.189522548,483635.645564805],[632779.965111552,483635.081792883],[632756.876012347,483677.833540889],[632728.825806316,483717.368467815],[632723.791019829,483734.579080364],[632704.66365079,483737.401193463],[632669.457963541,483787.288378823],[632659.082504986,483801.991678629],[632669.149116352,483811.889201797],[632660.006901463,483825.386564136],[632634.757943953,483862.698824566],[632634.253794123,483862.124927863],[632608.709967613,483898.889059751],[632527.717175425,484022.640701026],[632526.03868405,484025.124314859],[632491.580645734,484076.182037204],[632477.672395003,484096.787667447],[632433.501394336,484162.456934557],[632388.276788249,484229.707063338],[632356.670808657,484268.00379799],[632324.05650674,484300.442860671],[632323.213201754,484304.549474552],[632320.592871413,484317.24681044],[632317.899903783,484330.402128873],[632315.38439145,484342.562371865],[632314.610138061,484346.340900218],[632295.052843158,484427.068939038],[632286.868271587,484460.942127161],[632275.154953739,484509.267527403],[632271.183298792,484525.637464426],[632274.344521198,484526.314686762],[632285.866368918,484528.77259029],[632294.622671916,484571.293059092],[632307.796880566,484618.595321482],[632310.837082708,484626.918992996],[632311.63656643,484629.110996085],[632314.713427753,484637.555676175],[632321.722171253,484650.638738919],[632326.730821516,484665.176563945],[632227.70180929,484664.153612891],[632246.68425895,484672.017266439],[632282.985897147,484690.03861023],[632342.658656151,484717.05470397],[632378.705558041,484689.230288944],[632416.394121757,484713.159756945],[632440.727037921,484728.610873147],[632558.540079559,484803.390262468],[632560.830189269,484804.833426608],[632580.643640088,484820.269828604],[632608.170944088,484841.718961353],[632656.020261939,484879.018532299],[632703.179562968,484905.449358411],[632719.171827369,484914.410485509],[632721.645040459,484915.378717149],[632807.648988676,484948.851431085],[632809.130094593,484949.172299289],[632834.44713149,484954.690872679],[632859.04290897,484951.559764766],[632872.249084904,484949.874281207],[632885.334804308,484948.205472614],[632897.846478843,484947.770789243],[632910.328453267,484947.325286416],[632922.62002616,484946.894528335],[632934.931583827,484946.464321741],[632989.549550582,484942.501804453],[633028.266159822,484939.690400898],[633046.161753607,484938.384327495],[633048.139029041,484938.118904246],[633052.404715019,484937.546645681],[633076.633007289,484934.325393749],[633135.422393337,484931.757962081],[633223.179319286,484933.239891865],[633238.611600969,484933.505794347],[633257.722776532,484934.533210398],[633287.588048081,484936.127410486],[633339.250184676,484938.903144754],[633363.254274646,484940.545583981],[633372.226736752,484941.173196127],[633422.214939094,484951.702547587],[633455.080820439,484960.519390217],[633504.99439088,484989.696246064],[633551.646030362,485020.03305875],[633588.235004435,485051.562134059],[633591.13593909,485054.062138308],[633609.68145671,485076.673447651],[633610.99709446,485078.279720507],[633624.192613125,485094.373529402],[633648.146863272,485138.403623511],[633671.083766464,485188.135514929],[633676.581578302,485200.166973387],[633679.655909517,485206.891667986],[633680.881893221,485208.485467691],[633713.349616325,485250.570592836],[633715.222736976,485252.992234624],[633720.590300166,485259.960217427],[633720.851539495,485260.27742026],[633722.93173773,485262.804775013],[633738.868163815,485282.124172683],[633758.277880109,485305.66933805],[633781.986163282,485333.973038197],[633790.016404644,485335.044647493],[633788.196312472,485340.484289693],[633777.03855606,485373.745580561],[633822.491728844,485385.549821659],[633829.451834862,485387.351880207],[633838.095569324,485390.470377407],[633855.682797216,485392.005751343],[633860.580952208,485392.430931158],[633859.633364408,485401.764568082],[633868.103474492,485402.478327878],[633883.446879438,485403.791777865],[633885.593944282,485404.621018512],[633916.759841805,485416.700931347],[633921.482955261,485417.671268329],[633991.539245384,485432.604502689],[633992.046742569,485430.158563537],[634071.180216248,485455.332113519],[634116.508334676,485473.842781242],[634124.358519001,485479.989316227],[634134.450303988,485487.887682783],[634141.810807966,485493.660711172],[634148.339351511,485498.780791437],[634171.768084178,485511.127169354],[634322.396917882,485575.183250526],[634403.061904309,485604.289054599],[634408.114353114,485590.428791291],[634408.298561047,485589.913886159],[634409.239585066,485587.339912061],[634429.355293056,485563.205614306],[634438.869665994,485551.808450111],[634442.719862172,485554.334665854],[634501.335849216,485592.841717899],[634583.272935365,485640.712278455],[634564.293972261,485679.817658698],[634570.656132916,485682.633203991],[634624.312898707,485701.913799497],[634654.515962145,485713.737201374],[634655.960480897,485714.29706057],[634687.811920452,485730.525875334],[634735.005751294,485759.337916218],[634792.451833449,485789.872908331],[634796.207392097,485784.59666836],[634796.415509764,485784.302418347],[634802.375843912,485787.546868762],[634832.363782332,485803.904261399],[634837.043057975,485806.463366743],[634913.841475857,485848.132320406],[634927.253532203,485845.512562466],[634936.662917493,485842.992322801],[634944.168332767,485840.979521084],[634961.49673918,485836.677890952],[634968.688873698,485849.276168777],[634973.127085817,485857.308520021],[634976.250082665,485862.994613333],[634992.584700324,485868.975362522],[635005.721623357,485873.787872637],[635017.246812556,485871.056036526],[635063.143200103,485905.212220701],[635070.654260501,485908.429479472],[635141.920653227,485938.945998772],[635163.356839845,485948.127509974],[635160.087538436,485956.437121457],[635233.756173557,485985.060001144],[635231.846130821,485990.497183538],[635344.8922355,486033.316728842],[635484.849214232,486085.508946267],[635625.046953566,486138.037851176],[635723.407739619,486174.542255305],[635762.492295664,486197.540719179],[635767.225468144,486200.321322532],[635795.506527973,486216.931689225],[635822.607001201,486232.83948274],[635873.862511715,486252.173970946],[635879.199569149,486254.451252919],[635881.036704452,486249.482040412],[635897.43993053,486255.514720761],[635899.419589064,486249.729454661],[635947.464381593,486268.005341867],[635952.54186206,486265.19553769],[635963.299353393,486270.35239551],[636027.616723976,486295.047362576],[636028.319301032,486293.86677355],[636032.954295964,486295.49468822],[636032.477954786,486296.81151997],[636035.828852818,486297.863998585],[636253.669052624,486379.615844632],[636262.014773558,486384.476143294],[636273.194406549,486391.004643413],[636358.532578988,486423.269797523],[636357.950246324,486424.803701787],[636377.387189814,486432.150123181],[636377.990886125,486430.566809221],[636598.183867978,486513.673767581],[636594.827764346,486522.591009683],[636639.671569322,486539.458640278],[636641.754257644,486533.926202076],[636644.603342313,486535.044832609],[636643.696968745,486537.449782122],[636649.447581773,486539.598492079],[636666.659728219,486546.033526916],[636679.148487932,486516.728640207],[636690.548804776,486489.903674428],[636695.821690417,486477.479383907],[636711.927512177,486439.584444433],[636848.805962546,486117.14672138],[636852.259072268,486109.062134666],[636855.787367946,486100.789625383],[636884.948079657,486031.915367004],[636887.72809805,486025.392180674],[636891.197224447,486015.278058796],[636893.599108765,486005.064480071],[636894.156132997,486000.099915607],[636894.648175713,485994.953559741],[636912.964428666,485680.6029463],[636914.537868608,485653.666702453],[636918.877476129,485579.767377696],[636930.187674745,485382.29194169],[636930.365027589,485379.126875044],[636932.053859144,485358.153741101],[636932.610577908,485354.649148917],[636934.319259921,485343.826439338],[636939.133711672,485319.749608302],[636952.909871675,485251.040654154],[636978.951698616,485121.610944238],[636991.320160825,485062.963001917],[637031.501448147,484881.004107799],[637042.460158779,484831.767128976],[637086.947324899,484634.007191381],[637063.502838053,484626.570276402],[636985.55626601,484601.839467377],[636913.627313113,484579.004715975],[636758.864827462,484529.884356495],[636677.409469574,484504.026779505],[636583.037076188,484474.082802846],[636578.972789609,484472.790659187],[636538.92422262,484460.075622336],[636496.049928143,484446.482620208],[636435.813901666,484455.790178838],[636331.972874278,484471.824282811],[636239.419693866,484486.11990841],[635826.204603819,484549.945471016],[635785.100143474,484556.29100719],[635778.431776077,484519.637569739],[635766.541477315,484454.430486223],[635692.877662039,484049.844244459],[635682.058588628,483990.386667113],[635679.703632923,483977.521893673],[635626.113527278,483683.297972647],[635601.23228886,483546.733686884]]]},"properties":{"NAZWA_DZIELNICY":"Ochota","KODTERYT":"146506_8"}},{"type":"Feature","geometry":{"type":"Polygon","coordinates":[[[640261.011590698,489434.428101589],[640238.634381999,489421.290208002],[640236.414795615,489425.258915831],[640236.295438964,489425.235620052],[640235.118350013,489427.303115648],[640228.322115163,489423.545453852],[640229.488935768,489421.487674741],[640222.210800397,489417.436706656],[640103.392116329,489370.675821691],[640086.562438094,489361.611117488],[640087.300256394,489360.241492361],[640080.336912961,489356.379219682],[640082.610873778,489352.252015092],[640049.1887934,489333.859163187],[640017.971344127,489316.747189213],[640012.020108767,489313.53286446],[639979.363918603,489295.651168512],[639942.285447256,489275.317370173],[639806.547482107,489178.919508664],[639805.558395227,489178.162199422],[639805.371083163,489178.427026749],[639797.884651572,489173.590320367],[639796.654233792,489175.416341828],[639792.029501935,489172.328649595],[639792.165472636,489172.112404522],[639791.115327988,489171.393409313],[639791.966095651,489169.916904131],[639791.741237768,489169.730695724],[639759.156188145,489148.910999473],[639736.044551514,489132.312877966],[639729.906321075,489127.903399408],[639728.882566798,489127.315132876],[639698.459218186,489104.98513821],[639657.790700972,489075.96227727],[639630.519168362,489055.739314615],[639618.642403773,489046.931400192],[639608.970482224,489039.034363483],[639591.24979215,489021.315115204],[639582.008562816,489011.219978614],[639573.742505178,489001.661767155],[639564.789315574,488989.464591285],[639552.249400083,488975.33838689],[639552.285161238,488970.059390297],[639554.500262179,488965.890565238],[639554.091343634,488965.489275588],[639542.650705804,488952.113423105],[639540.078270202,488948.942404094],[639529.593407406,488934.632946094],[639527.29738685,488931.229560307],[639525.143190498,488927.760090745],[639519.238085497,488918.167072692],[639518.146688506,488916.406943267],[639507.708183667,488922.148703662],[639492.750853215,488892.355807443],[639491.86929551,488890.601472184],[639490.977565661,488887.766859571],[639478.07204713,488846.680656878],[639489.810922489,488844.184788607],[639489.198486181,488841.73788651],[639488.812131286,488840.157223962],[639488.250424401,488837.321723845],[639487.935671324,488835.683038503],[639486.066861481,488825.861470668],[639485.625338558,488823.019289033],[639483.850981244,488808.690344048],[639483.522228792,488804.661280053],[639467.353815859,488802.794860372],[639466.033083002,488783.988456334],[639465.531988467,488776.784644689],[639462.548369292,488744.682371775],[639462.395796058,488741.878168504],[639461.895227617,488732.844377707],[639461.183942383,488720.21478097],[639462.674466553,488688.686041117],[639462.892868822,488685.12208329],[639463.227407288,488672.281363153],[639463.616235882,488657.112149794],[639464.421091331,488653.31438498],[639460.238099422,488652.698892621],[639464.223535338,488635.478990171],[639464.28687965,488629.200760193],[639464.647871549,488593.670846522],[639464.907621533,488590.058030414],[639466.171632703,488586.65294152],[639462.141379774,488584.851671251],[639462.983565392,488581.87493422],[639464.872826772,488500.047372161],[639465.434157124,488457.623013196],[639466.058365404,488393.000465052],[639466.772294343,488318.970425887],[639491.267263736,488313.716733631],[639487.057210041,488294.160561497],[639462.52895372,488299.533335834],[639461.591731326,488296.897468725],[639436.738212114,488226.761524784],[639401.523680504,488161.009521755],[639361.70899674,488107.940483169],[639317.860207653,488068.060031922],[639302.935245067,488054.478029183],[639307.710231661,488028.579961197],[639301.606262725,488023.291461279],[639288.684884373,488012.114767572],[639282.587536433,488006.586452085],[639279.95589998,488009.543785079],[639277.385109027,488009.57280969],[639270.340573646,488003.218347556],[639251.139105319,487985.888298761],[639209.857671787,487948.638748925],[639207.203756568,487946.245489493],[639037.735444476,487793.357526205],[639004.390125134,487834.486736222],[638970.624512974,487875.264335467],[638936.418899489,487915.679779818],[638901.803261969,487955.733896827],[638866.757891912,487995.416142388],[638831.292781948,488034.726792329],[638806.827581996,488061.361196184],[638769.989935424,488100.763935952],[638732.733377344,488139.765102692],[638695.077340967,488178.385232792],[638657.032094792,488216.614609798],[638618.577930356,488254.442689628],[638579.734832606,488291.870024045],[638540.523062365,488328.887172501],[638500.902374779,488365.503023811],[638460.923283505,488401.698972768],[638420.565252443,488437.494452269],[638379.829109548,488472.859485405],[638338.74483206,488507.794899878],[638296.760696473,488542.725459436],[638255.481637057,488576.385485918],[638234.578967249,488593.148230745],[638120.11974129,488692.02718857],[638096.715486555,488714.280803293],[638073.699612429,488736.95513468],[638051.083490503,488760.000497111],[638028.856024716,488783.456583903],[638007.048295369,488807.284253544],[637985.660302282,488831.483506051],[637964.682052976,488856.054065553],[637944.133807765,488880.986491569],[637924.006125975,488906.26052364],[637917.307758466,488914.895498306],[637904.287911531,488931.915855087],[637891.473763895,488949.091888744],[637885.165371314,488957.727629364],[637878.865591403,488966.413606996],[637866.433693021,488983.870189861],[637854.227754276,489001.473009159],[637840.117411472,489022.133216095],[637826.114775902,489042.876394372],[637812.230391638,489063.682835318],[637798.453714543,489084.572247631],[637784.775028204,489105.534363119],[637777.98537027,489116.026791966],[637771.214868985,489126.549749024],[637757.752700462,489147.637838135],[637744.398514898,489168.798906367],[637731.162304552,489190.033229645],[637727.948439598,489195.24443943],[637718.034353013,489211.330539785],[637705.024652543,489232.691112712],[637592.14636034,489418.812469365],[637476.208424251,489609.989148335],[637368.945769021,489786.845391667],[637191.005329421,490080.248472122],[637180.618992253,490097.501460765],[637170.330921518,490114.817161224],[637160.161101739,490132.196125391],[637150.090376171,490149.607824587],[637140.117365095,490167.102220179],[637130.262604908,490184.659879516],[637120.51637926,490202.270534405],[637110.868419919,490219.943901184],[637101.318726865,490237.679979864],[637091.898104715,490255.449621485],[637085.384081831,490267.909590411],[637078.909199804,490280.400639376],[637072.493719107,490292.913328003],[637066.127647468,490305.447380357],[637059.820977147,490318.003072386],[637053.55317171,490330.599836736],[637047.354759844,490343.218516717],[637041.205481062,490355.868552712],[637035.105611305,490368.539952454],[637029.065142831,490381.232991901],[637023.064091106,490393.947119157],[637017.132156969,490406.693154344],[637011.249355882,490419.470545564],[637005.426232003,490432.259584248],[636999.652241163,490445.079978976],[636993.937651568,490457.922013443],[636988.262202734,490470.795128012],[636982.646155133,490483.689882332],[636977.099501025,490496.606552357],[636971.59226361,490509.544310241],[636966.054497039,490522.501224315],[636960.765984683,490535.485021267],[636955.416690418,490548.497138827],[636950.136789612,490561.531172124],[636944.916289997,490574.586845215],[636939.745199305,490587.663882148],[636934.633785748,490600.752566623],[636929.561512885,490613.872331259],[636924.558633454,490627.01401167],[636919.615155184,490640.177331902],[636914.721085809,490653.362016008],[636909.886693544,490666.558347691],[636905.091717902,490679.775767298],[636900.376127922,490693.015378675],[636895.709670859,490706.286346207],[636891.092898622,490719.568685384],[636886.53552751,490732.872664433],[636882.037833476,490746.188291094],[636877.589548296,490759.52528168],[636873.200664224,490772.883912155],[636868.871181255,490786.264182528],[636864.601375346,490799.656100543],[636860.390694568,490813.079650731],[636856.220258246,490826.494312132],[636852.118663342,490839.950873939],[636848.066753218,490853.418807456],[636844.084512392,490866.898664615],[636840.151680374,490880.399885756],[636836.268533126,490893.912478628],[636832.455055162,490907.436995164],[636828.690710027,490920.992867962],[636824.996034166,490934.560664441],[636822.944688272,490942.213917756],[636821.341050801,490948.139556712],[636817.755736701,490961.730372681],[636814.209839121,490975.34227671],[636810.753871282,490988.956664133],[636807.327051729,491002.601855918],[636803.979893683,491016.259247403],[636800.634838873,491030.926684496],[636797.434631778,491043.608145776],[636794.2462442,491057.309920906],[636791.127801825,491071.013627544],[636788.049051911,491084.728430037],[636785.039695252,491098.465148563],[636782.080023302,491112.213238933],[636779.200012828,491125.973529071],[636776.359694801,491139.744915094],[636773.589045987,491153.528224926],[636770.857813637,491167.332622914],[636768.206794699,491181.129236191],[636765.605184477,491194.947213612],[636763.073243454,491208.777114877],[636760.580994859,491222.618112068],[636758.148423202,491236.470757143],[636755.775804456,491250.325057856],[636753.482847154,491264.191558426],[636751.219590012,491278.068878971],[636749.035994309,491291.958399387],[636746.892091018,491305.859015773],[636744.828125138,491319.761839793],[636742.81356794,491333.686028033],[636740.857031774,491347.681817752],[636738.134543153,491367.686378255],[636734.421206875,491396.773459996],[636730.966838484,491425.897693337],[636727.771437959,491455.059078348],[636724.83555725,491484.237630595],[636722.248850648,491513.445826285],[636719.731535017,491542.675937884],[636717.563669451,491571.925700816],[636715.655323652,491601.192631288],[636714.006497609,491630.476729376],[636712.647168074,491659.778823124],[636711.819755178,491677.42575213],[636710.872434193,491695.069369134],[636709.785496608,491712.699129877],[636708.578926934,491730.315586318],[636707.232464671,491747.928178704],[636705.756102078,491765.537183005],[636705.352510391,491770.735971285],[636700.874753968,491815.911733231],[636696.999414742,491849.414277704],[636692.635555396,491882.863328382],[636687.823144982,491916.259989096],[636682.523042529,491949.57317894],[636676.764948847,491982.813718014],[636670.539147737,492015.97133791],[636663.856183517,492049.026329979],[636656.685527485,492081.997850566],[636649.077968981,492114.857302791],[636640.993539068,492147.603582489],[636632.422245575,492180.236413504],[636628.291447656,492195.472119224],[636624.041846048,492210.664543407],[636619.693149253,492225.824230315],[636615.24508127,492240.961172175],[636610.697918118,492256.065376728],[636606.041391544,492271.146560197],[636601.295762069,492286.195282341],[636596.451037453,492301.211267138],[636591.507493718,492316.184522321],[636586.464578848,492331.135032379],[636581.312576618,492346.052529035],[636576.071471535,492360.937564301],[636570.741263609,492375.790138168],[636565.302244367,492390.599706344],[636559.76440607,492405.366544832],[636554.137464962,492420.100921881],[636548.41115279,492434.812553713],[636542.586297611,492449.471463572],[636536.672339653,492464.09791196],[636530.639578203,492478.681078562],[636524.537974508,492493.222343457],[636518.327283573,492507.730594806],[636512.027765921,492522.196392393],[636505.62942932,492536.619460182],[636499.132549801,492550.98980592],[636492.546567583,492565.327690106],[636485.861766452,492579.622844464],[636479.088138665,492593.875545002],[636472.225684237,492608.085791712],[636465.264962978,492622.233324071],[636458.205146835,492636.348118805],[636451.056780112,492650.410467437],[636443.819586799,492664.430362198],[636436.493566907,492678.407803084],[636429.069280256,492692.322529572],[636421.546174812,492706.194526139],[636413.944511098,492720.014352582],[636406.244028617,492733.791449086],[636398.46526392,492747.506383208],[636390.587680485,492761.178587373],[636382.621546593,492774.798345357],[636374.556870019,492788.365381123],[636366.413635258,492801.880246718],[636358.182126113,492815.33267387],[636349.861790543,492828.742647046],[636341.453180617,492842.090181764],[636332.956020323,492855.385270256],[636324.360317433,492868.627636479],[636315.686608509,492881.797848014],[636306.9343415,492894.915889333],[636298.083255911,492907.991200603],[636289.154164331,492920.994357166],[636280.146790744,492933.935351259],[636271.040874655,492946.823623043],[636261.846408319,492959.659448548],[636252.583928293,492972.423395362],[636243.232898049,492985.134895884],[636233.793869673,492997.773965637],[636224.276559382,493010.350872888],[636214.690407357,493022.885878141],[636195.410341447,493047.512915433],[636175.806879872,493071.901018905],[636155.890843101,493096.02048786],[636135.661955224,493119.881314512],[636115.130484639,493143.473782645],[636094.276170969,493166.807332392],[636082.169599351,493180.082687629],[636180.418209408,493257.545819906],[636187.924632405,493263.463111641],[636184.52285025,493267.149081863],[636164.246472938,493289.108614279],[636166.736511282,493298.51727332],[636166.772615587,493298.658268779],[636168.764476764,493308.363161012],[636170.204004296,493318.152793194],[636171.09175026,493328.007180807],[636171.418550549,493337.896071047],[636171.175241063,493347.789211107],[636170.392902696,493357.647460138],[636169.042386894,493367.44001324],[636168.732900256,493369.231438152],[636192.240060343,493391.040557948],[636196.257207701,493394.761486699],[636278.450924831,493470.961189568],[636281.025107802,493473.342273979],[636280.984139365,493475.911107251],[636279.184292263,493600.059696479],[636278.757362084,493629.267504916],[636258.204579828,493655.439326713],[636252.421316597,493662.799448789],[636246.524273889,493670.296425254],[636244.554802128,493672.811979053],[636258.128401176,493691.496730167],[636265.070640221,493707.338312306],[636270.292969457,493714.852491162],[636279.053367659,493726.054369194],[636281.899758224,493731.612933279],[636292.592500019,493749.968101998],[636279.016178073,493772.282714609],[636298.46450619,493786.449840492],[636300.003748981,493787.562351651],[636325.384959225,493792.573516088],[636344.918064709,493796.433125172],[636353.45137746,493798.118861169],[636360.383393451,493799.490360772],[636367.673749941,493800.921759882],[636386.978140789,493804.735051661],[636393.880456866,493806.095731147],[636398.967306152,493798.606369353],[636455.291472338,493715.903566906],[636455.96934264,493716.34228923],[636458.860316559,493711.962217072],[636461.751290443,493707.582144826],[636466.16912325,493710.554160923],[636465.755165382,493700.562853542],[636475.845886411,493685.691828717],[636504.608031133,493670.03665909],[636552.66144631,493596.775185552],[636553.816790659,493597.667093331],[636559.231252795,493601.846627596],[636563.598929229,493596.137366949],[636617.626900789,493639.259478162],[636646.430959561,493662.264977046],[636657.584990851,493671.163025904],[636681.782041718,493627.462065618],[636692.686456845,493628.383315147],[636692.965687771,493628.411029239],[636704.063653244,493629.927618884],[636710.778885231,493631.183128174],[636715.096750791,493631.982409982],[636726.014743075,493634.584014552],[636736.777661057,493637.731328424],[636747.386056817,493641.404367144],[636757.779700742,493645.61146668],[636767.959420958,493650.322650307],[636778.131189951,493655.683606843],[636890.483941063,493718.516907587],[637015.875164867,493788.640399552],[637017.480012114,493784.84478023],[637051.779296975,493806.212163218],[637081.417730468,493823.630823763],[637137.265336256,493854.823449877],[637146.158932248,493860.119106913],[637154.759493821,493865.886663244],[637163.027603983,493872.1050301],[637169.28379402,493877.307822286],[637178.48791204,493885.842025585],[637185.651237281,493893.31985696],[637192.394112936,493901.176068428],[637198.697382608,493909.380131042],[637205.433901833,493919.276146293],[637209.94734325,493926.750767225],[637214.845177038,493935.875991343],[637217.03054104,493940.386322514],[637224.450324151,493955.231165241],[637231.373307734,493970.322280341],[637237.780059316,493985.63913108],[637243.65114643,494001.16118071],[637244.031842162,494002.221687873],[637249.218985037,493989.65513079],[637272.484136931,493933.358488935],[637286.340562022,493899.821660785],[637289.608505554,493891.932028614],[637298.920112371,493854.589670482],[637310.605392202,493820.732854741],[637300.978591708,493818.086912294],[637298.293767481,493816.452752563],[637353.239229154,493660.232342128],[637474.815333598,493344.334207248],[637484.68377543,493318.687081965],[637510.582602036,493251.39320884],[637538.873056612,493177.885453525],[637555.097368723,493135.734057422],[637565.32093626,493109.176737797],[637578.162265096,493075.821796421],[637600.215002887,493018.521541228],[637723.471053349,492698.259344953],[637802.492243486,492492.934000939],[637802.508032189,492492.724438874],[637803.108777216,492486.181089663],[637812.808572534,492427.539532867],[637836.574589605,492341.516757092],[637902.577471413,492181.741274255],[637959.59500511,492044.967344035],[637982.759483044,491989.407638337],[638029.9542847,491866.852207643],[638101.076357462,491686.098078809],[638174.431408118,491553.385185203],[638191.155135681,491535.867228891],[638217.652174593,491508.089286095],[638219.527351373,491506.091093315],[638231.229112908,491493.714387328],[638250.87048782,491477.367001551],[638271.005187603,491461.62323496],[638276.805952771,491457.973477979],[638285.405935649,491452.541047771],[638296.612969206,491446.490628206],[638308.793177539,491440.68708548],[638312.198062327,491439.061139495],[638313.20054807,491438.60883123],[638320.887100142,491435.111157488],[638327.479855889,491432.11326956],[638347.100511627,491423.395249865],[638350.444119855,491422.177608224],[638363.120804209,491417.587767758],[638378.409021261,491414.390047603],[638384.47583874,491413.417618668],[638426.651960849,491405.582567742],[638453.006629958,491400.700510265],[638499.854301929,491392.084487509],[638544.856381517,491382.947490335],[638554.140557218,491380.983928748],[638559.097070223,491379.660834336],[638564.464372202,491378.30908592],[638576.724261368,491374.327724616],[638588.364846374,491369.959260332],[638600.557436136,491365.15604449],[638656.429411403,491334.659386427],[638732.846345485,491276.100313201],[638787.277671981,491234.403895248],[638858.061727343,491179.209178472],[638904.912534296,491148.033307112],[638926.478600544,491133.689008837],[638942.445301904,491125.840029037],[638965.741328753,491114.393492781],[638968.123747151,491113.219297901],[638983.616223315,491104.437222781],[638989.315476085,491101.204644267],[638999.707906651,491095.321697634],[639015.423802885,491086.415791767],[639020.715802061,491093.221918369],[639038.141460757,491078.893257849],[639041.45127105,491074.554690105],[639042.774054793,491072.281233932],[639043.121281664,491068.76083987],[639042.227090101,491066.016156019],[639041.956354602,491065.318681855],[639047.011579143,491063.318309195],[639060.013228426,491058.187419614],[639060.303396681,491058.905430427],[639060.925035636,491061.742586482],[639062.378902016,491063.412732745],[639064.819629697,491064.11013911],[639069.612408828,491062.92251427],[639076.151950785,491058.593146464],[639095.580536048,491051.39976791],[639106.448748438,491047.479949259],[639142.731441811,491034.342079743],[639213.16318205,491009.647396613],[639237.387592325,491001.156469347],[639244.647976301,490998.606999251],[639298.706946196,490976.550101176],[639334.732664906,490961.855122405],[639380.801233475,490945.607510576],[639398.584582996,490939.328675407],[639432.615890136,490927.328596312],[639449.475232193,490917.574250684],[639487.867945053,490895.38465167],[639507.887619287,490883.807589795],[639531.859998355,490869.959698468],[639629.356966856,490830.592462991],[639722.865689946,490791.525054495],[639816.065007772,490752.799075182],[639825.291517698,490749.303895069],[639910.360659764,490717.103343805],[640000.89420868,490684.743685717],[640094.274040249,490649.622616429],[640153.108200797,490624.847467838],[640183.754811457,490611.93384611],[640176.101082712,490602.292480794],[640182.388914633,490599.836133455],[640190.445832594,490596.688643261],[640205.559109952,490590.776029745],[640206.5901981,490590.374505497],[640223.391243473,490583.818502637],[640236.988004984,490578.50400601],[640245.856203201,490585.448914007],[640251.347940517,490587.920577394],[640260.439500756,490594.38165482],[640267.710606354,490597.962458636],[640293.930935155,490592.156585961],[640298.557667333,490590.464362652],[640320.621098993,490582.373688805],[640369.386276326,490562.27043345],[640461.388772603,490522.711241602],[640547.745231434,490485.906102039],[640553.990037057,490479.938559129],[640618.23500609,490454.4127635],[640630.853415349,490449.401235171],[640649.113805834,490442.145515771],[640656.322819657,490439.284600302],[640692.873581366,490424.773985998],[640719.384072213,490414.256097331],[640758.604014186,490398.689188189],[640764.508834437,490396.342254274],[640783.355689331,490388.852723814],[640801.696854681,490381.56922744],[640820.27032958,490374.202145529],[640829.744410231,490370.433777793],[640838.85434975,490366.815353864],[640857.205510371,490359.532130738],[640857.438094946,490359.438553673],[640878.104834056,490351.229275325],[640879.59110099,490350.640319239],[640894.727428664,490344.618315178],[640911.410530329,490337.989025206],[640928.093632781,490331.359734491],[640944.422862875,490324.87067074],[640944.77673602,490324.730443037],[640961.394860361,490317.919356039],[640978.002441174,490311.127977126],[640994.620291107,490304.326881011],[641011.238141812,490297.525784136],[641027.855993288,490290.724686505],[641028.371676557,490290.518927109],[641057.996611374,490279.117019972],[641156.133678114,490245.917070623],[641192.109755495,490233.750542716],[641257.036563737,490211.783475672],[641270.744778667,490207.142022348],[641304.61120693,490195.687227879],[641335.671326135,490185.184936144],[641339.749375808,490183.807549101],[641384.548522892,490168.634648639],[641433.283901345,490152.150439384],[641440.683121567,490149.644762778],[641454.810850142,490143.934884847],[641458.835845381,490142.306030663],[641465.490326112,490139.60978672],[641505.999931911,490130.938439671],[641522.184659357,490136.9254071],[641501.065512712,490119.87213447],[641489.865095571,490110.832800204],[641477.95068509,490101.213747521],[641458.523526863,490085.537209127],[641451.829144683,490083.522336101],[641441.130564084,490081.296886122],[641418.890905454,490078.022724894],[641409.708254359,490076.669140717],[641409.266062742,490078.196934598],[641398.44806807,490075.588186208],[641390.179911502,490073.709854322],[641341.136363021,490064.055483329],[641316.559416005,490059.596776448],[641280.97279335,490051.504027407],[641262.763397982,490048.221165548],[641251.182573744,490046.801357147],[641238.469965595,490046.170296787],[641224.326311545,490047.749724054],[641209.664081475,490035.154793458],[641208.683370646,490033.007705539],[641180.087338206,490028.87801694],[641155.503170928,490024.319115396],[641134.04491372,490019.546535793],[641131.100407385,490018.985222172],[641106.640785233,490013.899760192],[641082.342857856,490008.028762454],[641057.872419294,490002.973003471],[641032.771181915,489996.859823707],[641018.892314721,489993.19655362],[641008.527695834,489991.190332439],[640998.326091147,489987.988610712],[640988.450924668,489984.91590397],[640979.339595786,489981.70429039],[640969.358869895,489978.108668084],[640959.632469339,489973.270066937],[640950.536811065,489969.128885117],[640941.779456198,489964.687045191],[640932.575972217,489959.742884936],[640923.40798438,489954.599704864],[640914.240489965,489949.076538114],[640905.679537894,489942.230119059],[640900.084654458,489933.715604722],[640892.25947642,489924.849501424],[640884.203862671,489915.637034677],[640877.696811713,489908.287334102],[640870.037147954,489899.945803515],[640862.852428198,489891.787388969],[640855.899012892,489882.495360553],[640848.925060801,489873.222765492],[640842.92253734,489865.346998232],[640837.862334092,489857.387252783],[640830.353582886,489846.839889036],[640823.976039024,489838.783766629],[640817.521591204,489830.615520774],[640810.134915019,489821.441531184],[640803.505412433,489813.81845276],[640798.606543403,489807.983166981],[640792.178444717,489801.395652008],[640784.506756816,489794.213795909],[640778.321411381,489788.612986116],[640777.673528838,489779.84508526],[640773.253679841,489778.753033668],[640748.634373734,489757.723170473],[640735.892820465,489748.001314462],[640724.398561381,489739.463903223],[640713.571268953,489732.4849117],[640688.820423829,489718.391430073],[640676.546226289,489711.662485601],[640650.924135291,489694.354946602],[640613.97158879,489668.734528517],[640580.545823997,489645.041505147],[640528.476600142,489611.33367035],[640503.354371475,489595.479951669],[640485.542546635,489585.768102412],[640478.680894384,489582.568627615],[640451.623772662,489570.151484986],[640443.832100417,489565.866329812],[640419.96069777,489550.707158857],[640382.330951778,489520.278079189],[640361.456259864,489504.151664148],[640328.006760889,489479.508023871],[640306.857191362,489462.834024598],[640270.849115572,489439.949742287],[640269.247733732,489439.275523643],[640261.011590698,489434.428101589]]]},"properties":{"NAZWA_DZIELNICY":"Praga-Północ","KODTERYT":"146508_8"}},{"type":"Feature","geometry":{"type":"Polygon","coordinates":[[[644826.610370849,489358.136082212],[644790.070797604,489401.19776535],[644783.517736715,489415.067020669],[644777.188469886,489422.64236345],[644754.569185848,489450.128183734],[644736.692996254,489464.104775339],[644724.746020263,489478.475093016],[644713.118469711,489492.504224904],[644702.179673705,489505.492359322],[644699.810263449,489508.366974138],[644699.275200346,489508.912207287],[644693.525656881,489515.773543621],[644687.745032092,489522.674022003],[644681.891976253,489529.662501334],[644680.940656597,489530.796248704],[644662.203711326,489553.12918227],[644656.060655319,489560.479657733],[644650.155153253,489567.556688635],[644645.005042502,489573.714565002],[644644.363983733,489574.476874124],[644626.127373202,489596.073607731],[644615.873250906,489608.530633212],[644606.174117586,489620.082970257],[644594.55876498,489634.032426811],[644588.860286985,489640.855167897],[644583.357185435,489647.483301018],[644578.237879543,489653.61202486],[644573.956112665,489658.74386197],[644571.722675195,489661.402226015],[644569.69488266,489663.856265754],[644564.772332819,489669.740418763],[644559.416024631,489676.122600893],[644557.435376365,489678.317938672],[644558.139050619,489678.547372731],[644554.342601139,489682.762597789],[644548.732006029,489688.937754856],[644543.204110369,489695.01519397],[644537.534387906,489701.158717426],[644536.811733303,489701.978773645],[644536.109891533,489702.769404171],[644529.321518722,489710.312056604],[644521.847091212,489718.435772213],[644493.434719046,489749.65162888],[644475.031308117,489769.683713739],[644474.958877092,489769.771714836],[644463.383592086,489782.632251175],[644456.781430707,489789.950038943],[644449.849023257,489797.638712006],[644445.207249283,489802.770603654],[644439.833931862,489808.682304843],[644434.450345971,489814.603722395],[644429.303486301,489820.281673419],[644424.383636277,489825.705889492],[644417.895807352,489832.866830434],[644400.939419267,489851.558845462],[644399.041746185,489853.646470764],[644389.505349742,489864.0132696],[644381.697640186,489872.617780638],[644377.078058519,489877.670281723],[644373.943756288,489881.083775747],[644370.448126699,489884.907297354],[644367.344629808,489888.291641505],[644352.952811707,489904.284433416],[644344.846213115,489913.210692969],[644323.344880888,489936.787257006],[644303.507313351,489958.779741002],[644300.691332946,489961.892019704],[644298.142666827,489965.101681347],[644294.623464796,489969.054551741],[644296.477339103,489970.725767169],[644298.412750524,489971.979228805],[644300.986085541,489973.670312067],[644303.98683235,489975.093194633],[644304.931305254,489979.639334861],[644315.172488222,490029.212786246],[644315.94979332,490149.535820914],[644316.283637055,490200.455704731],[644316.687033813,490264.427680113],[644284.725659625,490266.635080697],[644279.194893369,490267.022351007],[644275.305483361,490266.274933464],[644215.79433617,490268.461532994],[644208.93732735,490268.712176587],[644131.805342949,490272.732189481],[644127.208573534,490272.975250407],[644122.061940547,490273.213126503],[644106.612325563,490273.916486282],[644102.026652844,490274.119853113],[644071.528229625,490275.497640466],[644062.356333432,490275.924359028],[644014.195546242,490278.104400101],[644011.680345509,490289.155074571],[644006.755880625,490310.679341551],[644002.374799447,490329.908586208],[643991.941461464,490375.651010296],[643988.766665373,490389.583502399],[643977.775249014,490437.790540046],[643974.987935722,490450.003711147],[643972.346805933,490461.630912071],[643970.082892926,490471.548509714],[643969.570864005,490473.794396196],[643967.761566242,490481.734524865],[643967.329695193,490483.612620589],[643962.95887191,490502.832143608],[643962.300382749,490505.673992387],[643958.578606875,490522.031405107],[643957.737332919,490525.698215758],[643956.427587059,490531.482114039],[643955.097028215,490537.295437841],[643953.777013684,490543.089052558],[643952.445902706,490548.922361251],[643951.159728901,490554.576908782],[643949.873554996,490560.231456264],[643948.577112531,490565.895720229],[643947.280945926,490571.549991653],[643945.994771715,490577.204538988],[643945.027297915,490581.457871086],[643944.059824057,490585.71120316],[643943.092902065,490589.94455021],[643942.125428092,490594.197882225],[643941.157954062,490598.451214215],[643940.190479974,490602.704546175],[643938.94951848,490608.170339647],[643937.664447463,490613.784916676],[643936.696697205,490618.048241033],[643935.70647823,490622.40094591],[643934.693238606,490626.863016297],[643932.442348489,490636.670969923],[643929.539924504,490649.430964977],[643926.604210943,490662.310041846],[643923.737006738,490674.881006858],[643922.882978859,490678.647465645],[643921.98401358,490682.592685488],[643920.59619887,490687.944421354],[643920.494951832,490688.351630016],[643900.115725816,490775.579839845],[643899.208698607,490779.454835652],[643899.198154174,490779.474544677],[643898.290299012,490783.379517947],[643889.160678378,490822.467839481],[643880.065169954,490861.407099105],[643878.99892879,490865.977705427],[643878.908501932,490866.355212461],[643877.672779319,490871.631146305],[643877.604545212,490871.929265318],[643871.36603333,490898.667283808],[643865.44732511,490923.964116757],[643859.583544862,490949.082463673],[643853.720038591,490974.190817106],[643847.846261854,490999.308886067],[643841.983027566,491024.407245024],[643836.109246834,491049.525312],[643830.200243044,491074.832407416],[643824.20025813,491100.5369937],[643817.792796899,491127.960344873],[643816.97702048,491131.427854184],[643816.875220913,491131.85504754],[643815.967637372,491135.750026162],[643806.860165953,491174.758938078],[643805.476872975,491180.670801087],[643798.951214008,491178.700549218],[643789.183481358,491221.701267588],[643789.115246923,491221.999386432],[643786.918164572,491231.668815788],[643867.753927307,491250.321615108],[643860.004804407,491310.028287409],[643858.679777452,491321.071819798],[643858.403422381,491323.474215047],[643840.796070813,491470.369615711],[643856.035052501,491480.550627737],[643883.243443361,491491.482239964],[643884.712332104,491489.712789358],[643908.496002547,491500.089807331],[643906.39992359,491506.101985306],[643902.553468528,491517.195878258],[643897.837787215,491530.795792628],[643893.785466312,491542.464005747],[643889.319758935,491555.340815091],[643884.87541603,491568.168213566],[643867.079158562,491619.437281671],[643817.567175804,491764.671430824],[643771.878138083,491899.661010465],[643769.321682046,491906.410475371],[643799.728959531,491913.400435234],[643888.064190089,491933.160577579],[643921.373498956,491940.440703433],[643987.773948412,491954.934932877],[644100.375837958,491979.53543355],[644360.483820409,492040.190742442],[644365.451922204,492041.347983886],[644369.833778116,492042.369030602],[644383.850074683,492045.406221344],[644578.156913023,492087.613845899],[644725.337850736,492122.049712649],[644730.514421177,492123.262715784],[644817.692548382,492143.651023336],[645003.147876288,492187.004289119],[645120.711014456,492214.472036564],[645122.658510628,492214.925837386],[645339.968377357,492266.829217489],[645550.967348052,492315.50829227],[645664.621282076,492342.228141021],[645963.266355294,492411.388700828],[645972.29963472,492413.448261419],[646047.488292008,492430.925494263],[646076.919829942,492437.768600032],[646100.071675207,492443.148217422],[646561.450439846,492545.254814739],[646605.662307843,492602.057264275],[646666.83816837,492680.448788485],[646687.836577828,492712.379512567],[646693.39345205,492720.823192009],[646725.545521858,492783.762688137],[646756.093913936,492809.547100869],[646904.956995683,492935.892035859],[646952.874770055,492989.586913837],[646994.654383796,493041.762211377],[647199.980699871,493136.906439655],[647270.233091527,493169.45790603],[647293.086879896,493185.629617228],[647327.593529319,493210.033434406],[647347.729877107,493229.730164884],[647378.265198863,493262.504480164],[647388.171003529,493274.248407788],[647383.168228271,493280.860360744],[647424.648137955,493357.278070227],[647475.012735686,493506.652993448],[647486.827579786,493556.440584328],[647495.359938045,493580.976890023],[647568.217211608,493728.823252438],[647623.135782669,493787.561912081],[647632.152250116,493793.851163823],[647648.95874617,493805.575764606],[647689.833362312,493822.095416861],[647714.210785468,493834.879210668],[647781.460948792,493855.927665642],[647857.433785267,493882.317248161],[647897.38244449,493893.261198647],[648009.550031672,493768.936886556],[648121.77198972,493644.453979185],[648115.891142005,493418.605622767],[648131.33915199,493416.882339929],[648125.388462799,493297.084821991],[648111.27993108,493011.767642886],[648106.00901308,492911.159421851],[648082.670158404,492466.543195998],[648077.144270159,492364.297913692],[648066.05348215,492354.541310159],[648042.941083231,492323.472096649],[648083.688462767,492266.766155712],[648111.018138117,492228.790066253],[648119.693437045,492218.469424794],[648140.21804152,492194.065713264],[648175.642733447,492151.933097573],[648236.115180753,492071.891324514],[648296.404715232,491991.954469805],[648387.385947783,491872.884256519],[648419.403086844,491833.917535678],[648453.369624473,491796.78469899],[648487.412188255,491761.24399698],[648523.880312017,491724.780255634],[648562.920261455,491692.597656257],[648639.415749428,491628.028665575],[648712.293598554,491570.249914009],[648727.957006947,491557.832181655],[648733.355397181,491553.551162265],[648796.043704206,491503.711170815],[648874.274135491,491441.500065245],[648911.511062074,491409.787606522],[648913.488440115,491407.712160241],[648951.184054474,491368.082134303],[648982.392562401,491330.512992729],[648990.489262255,491317.606240508],[649003.293242363,491297.199279347],[649015.984019955,491271.839046802],[649025.119099737,491253.560814542],[649032.188180502,491235.13551752],[649042.511843382,491208.219859386],[649055.154637731,491162.147693448],[649063.209505043,491113.098728346],[649066.207636906,491064.650122655],[649064.855190395,491015.131332682],[649059.561884316,490914.222215562],[649054.65087647,490815.76373182],[649049.628466735,490715.18211408],[649044.416945705,490616.01531898],[649036.718873257,490516.719856085],[649030.672381696,490467.701460701],[649028.337992403,490457.356696081],[649020.137925153,490421.139200625],[649004.616961126,490375.169256525],[648984.821410317,490331.171330108],[648960.524478663,490289.029156548],[648932.414180979,490249.901769869],[648900.137130587,490213.549405107],[648864.532002343,490180.745244544],[648825.748964479,490151.483434627],[648783.291554718,490128.170332691],[648739.686288835,490107.675618338],[648714.916817181,490095.68128697],[648700.637361444,490088.766774825],[648777.872500411,490085.399489613],[649050.425330454,490073.265539466],[649303.753601213,490060.560670227],[649456.207679243,490054.060392684],[649464.168694783,490053.67021885],[649468.10786163,490030.528294626],[649469.732228636,490022.042892988],[649480.925430756,489959.290079427],[649481.358334574,489955.201909535],[649514.149356089,489647.018015314],[649543.079943678,489361.288152284],[649479.599983589,489328.984365668],[649478.996797109,489330.547757917],[649464.492884113,489368.338420591],[649457.132859407,489387.525775427],[649446.93836403,489414.115087021],[649435.086068181,489444.968749831],[649411.18559607,489507.250676835],[649410.36627523,489509.398117944],[649396.822606171,489544.645202148],[649390.012760669,489562.377696768],[649383.203190203,489580.100197896],[649376.383626162,489597.822422279],[649368.22701209,489619.057831319],[649320.446263236,489596.217787583],[649296.442354893,489584.744631846],[649271.609272716,489572.878570534],[649238.367010852,489556.990192489],[649239.163331237,489536.481575835],[649240.011919512,489514.804367871],[649240.856426438,489493.637062175],[649242.713437526,489446.666952522],[649243.262714896,489432.931713955],[649244.421479215,489403.642845566],[649234.07261308,489399.606972123],[649198.722799513,489385.80048274],[649195.794216123,489384.659584928],[649190.204368278,489382.475173461],[649165.450480487,489372.811384334],[649142.922871685,489364.009093967],[649141.992941945,489363.643406056],[648969.588244174,489296.271035839],[648969.291223403,489296.162831465],[649030.68502304,489141.443572349],[649032.675764773,489136.348392648],[649034.316390026,489132.343577111],[649064.120451499,489058.344367356],[649064.422595437,489057.542686701],[649067.620196437,489048.940727152],[649071.580804351,489038.419779302],[649082.66649558,489013.235136812],[649066.756242121,488996.205349176],[649068.913412727,488993.77484016],[649083.651999102,488977.181303969],[649066.504680209,488958.957327547],[649062.401356096,488947.483700794],[649061.185298594,488944.080026438],[648855.726859327,488871.375140551],[648565.610949188,488805.743136407],[648560.447684377,488789.920147709],[648559.332105455,488786.499253478],[648542.483101947,488797.67435308],[648339.161699091,488605.205526288],[648055.955187477,488505.93379151],[647979.511003641,488479.212552158],[647753.772348148,488397.828107455],[647712.082311905,488383.666747226],[647679.06106065,488372.45479702],[647677.435869259,488377.350045724],[647648.447893137,488464.541820744],[647576.238957774,488440.897630546],[647565.81873236,488481.100894927],[647544.233787834,488538.12630549],[647500.796553656,488522.776667658],[647493.261972834,488520.038578297],[647433.470831956,488498.297276502],[647393.095059413,488483.622190056],[647329.125402579,488460.375502499],[647318.828544762,488456.631128981],[647266.938149864,488437.768049723],[647210.998031217,488417.443134877],[647196.91903882,488412.324312258],[647163.434417622,488400.149562003],[647130.44501573,488388.148490753],[647123.217454887,488385.518886898],[647119.851116091,488397.336209498],[647098.816420052,488390.245305846],[647100.564864224,488383.783434825],[646995.725484888,488346.008106516],[646973.238928592,488337.897102923],[646975.254533402,488332.262628379],[646971.739714989,488330.985560798],[646877.237188865,488296.955733186],[646641.516448995,488212.046045432],[646629.288161653,488207.628351098],[646603.71235759,488198.402055394],[646598.771300904,488196.625604574],[646589.829931218,488193.408682344],[646572.442131899,488187.158506653],[646540.925404996,488175.788152147],[646327.117632707,488098.76377793],[646296.521134076,488087.748854139],[646287.09614441,488083.938574906],[646192.57492514,488049.868382113],[646192.391257414,488050.363320923],[646191.720956019,488052.184850232],[646188.747880474,488060.262924635],[646179.939337778,488084.110195264],[646145.339405465,488177.89674389],[646110.730282795,488271.65301709],[646093.371472807,488318.684650924],[646076.130299606,488365.439522067],[646041.530566867,488459.216012654],[646021.415050246,488513.731653665],[645999.168945394,488505.607300421],[645992.446619655,488503.151655439],[645973.121010524,488496.097956573],[645972.587541947,488496.223230148],[645941.40439769,488503.92242403],[645935.851884317,488498.939030992],[645930.357946891,488494.007256328],[645900.322567235,488467.017506294],[645896.985394828,488464.01531466],[645893.697081681,488461.054472812],[645887.119903624,488455.152774446],[645790.977157356,488329.506102249],[645789.253046657,488327.118458968],[645782.346887096,488317.557617671],[645772.310121287,488303.670267725],[645769.719234692,488300.078672759],[645763.42969999,488291.364871974],[645759.241079872,488285.879132287],[645748.469829871,488271.79150284],[645747.273238876,488270.218438752],[645746.312970914,488270.951940024],[645737.509852018,488259.468695063],[645738.480388369,488258.7254771],[645736.000032136,488255.47694058],[645723.790653039,488239.509575587],[645711.456060353,488223.368751904],[645699.092593161,488207.187131672],[645686.449273215,488190.637780085],[645674.211570286,488174.609637405],[645661.838109427,488158.427745333],[645653.991421886,488148.160933505],[645654.049969625,488146.402519369],[645654.254365279,488140.448058968],[645653.34544447,488137.872920576],[645651.776434853,488133.489526947],[645650.235747563,488129.166916346],[645649.223497166,488127.798946223],[645635.95205571,488109.73223332],[645635.084451888,488108.558260105],[645627.923448252,488098.810389915],[645617.529137192,488097.873406775],[645615.181442229,488094.528533791],[645613.632502861,488095.575788608],[645607.462263474,488086.525284487],[645608.899353511,488085.54494286],[645604.205342823,488078.805234557],[645602.053360667,488075.615767788],[645595.694304969,488066.16004465],[645589.623438849,488057.132285579],[645578.567000205,488040.696758916],[645577.2701463,488038.770922587],[645573.767087141,488033.084113368],[645573.65214229,488032.900936854],[645569.448645238,488036.284945046],[645568.44647706,488037.087291005],[645561.051919629,488043.043244468],[645556.231213206,488047.05022312],[645542.167878921,488056.942131774],[645517.276992611,488074.345239553],[645495.313007926,488089.689115847],[645450.954931334,488121.104999263],[645451.873690032,488124.410419662],[645459.505934797,488155.121645316],[645460.961620969,488160.711927776],[645462.416446681,488167.782211288],[645409.010774516,488207.798432056],[645499.350366717,488325.58455473],[645499.440912057,488325.927060357],[645500.451653999,488329.885032538],[645520.115977363,488406.889246296],[645525.003307759,488424.374477678],[645525.524386921,488426.508900445],[645539.216035126,488485.857925078],[645539.091581253,488488.554534851],[645535.639471193,488508.549564059],[645530.715272769,488514.49371053],[645471.814411076,488585.478679728],[645408.008778134,488662.428299341],[645344.193698309,488739.357625015],[645280.398321541,488816.297462096],[645242.226879138,488862.324267175],[645216.582953549,488893.236714428],[645175.918877504,488942.254723296],[645175.536185849,488942.714164088],[645163.62808385,488957.125597611],[645111.837959133,489019.756598588],[645065.085261082,489076.326574697],[645048.169703789,489096.799827896],[644996.928212309,489158.755919],[644970.279602804,489188.750560528],[644893.42682374,489279.34986782],[644873.528721362,489302.810787625],[644828.771100622,489355.57570745],[644826.610370849,489358.136082212]]]},"properties":{"NAZWA_DZIELNICY":"Rembertów","KODTERYT":"146509_8"}},{"type":"Feature","geometry":{"type":"Polygon","coordinates":[[[639268.802136725,487482.288004546],[639271.615651967,487478.175692939],[639274.449427719,487474.053940615],[639277.253226409,487469.931360656],[639280.05702507,487465.808780617],[639282.861099551,487461.676208158],[639285.665174002,487457.543635622],[639288.458980225,487453.4207795],[639291.243069926,487449.287655101],[639294.03715194,487445.154806482],[639296.811525085,487441.011413733],[639299.595890544,487436.868296762],[639302.370263626,487432.724903859],[639305.134920184,487428.571242684],[639307.899576708,487424.417581431],[639310.664233201,487420.263920103],[639313.428889662,487416.110258697],[639316.173837251,487411.946053164],[639318.928777152,487407.782123409],[639321.673724676,487403.617917724],[639324.428388662,487399.46398016],[639327.163619624,487395.289506126],[639329.898850553,487391.115032018],[639332.624089104,487386.940281981],[639335.349327621,487382.765531868],[639338.074841954,487378.580789329],[639340.790363908,487374.395770868],[639343.505885827,487370.21075233],[639346.211415366,487366.025457866],[639348.91722072,487361.830170981],[639351.62302604,487357.634884018],[639354.318838979,487353.439321131],[639357.004383688,487349.253474664],[639359.700472406,487345.04791928],[639362.386568743,487340.84208797],[639365.062672698,487336.635980734],[639367.738776618,487332.429873425],[639370.41515635,487328.213773691],[639373.081543699,487323.997398035],[639375.747931013,487319.781022303],[639378.404325944,487315.564370647],[639381.070989035,487311.338002415],[639383.717667393,487307.111082417],[639386.374338063,487302.884438186],[639389.011299849,487298.64724984],[639391.657702251,487294.430321963],[639394.284671616,487290.192857618],[639396.921633291,487285.955669047],[639399.548878427,487281.708212208],[639402.165855333,487277.470471795],[639404.793100396,487273.223014804],[639407.400360723,487268.975006045],[639410.017613362,487264.72727306],[639412.625149462,487260.469271804],[639415.222693174,487256.210994629],[639417.820236848,487251.952717379],[639420.417780485,487247.694440058],[639423.015599928,487243.426170308],[639425.593158789,487239.167341146],[639428.180985807,487234.898795404],[639430.758820437,487230.629973745],[639433.336655027,487226.361152012],[639435.904773074,487222.082062011],[639438.462898733,487217.802696091],[639441.031016702,487213.523605944],[639443.579425776,487209.233971681],[639446.137551316,487204.954605541],[639448.685960311,487200.664971136],[639451.224652759,487196.365068459],[639453.773061674,487192.075433905],[639456.301761692,487187.775255241],[639458.830185827,487183.485068852],[639461.359161607,487179.174897692],[639463.887585661,487174.884711158],[639466.406569009,487170.574264009],[639468.915284124,487166.273533292],[639471.444259742,487161.96336184],[639473.943534109,487157.642370435],[639476.452524942,487153.331647152],[639478.941806875,487149.010379761],[639481.441081117,487144.689388138],[639483.930362967,487140.368120602],[639486.409928265,487136.036584801],[639488.899210031,487131.715317119],[639491.368782894,487127.383505332],[639493.848348065,487123.051969314],[639496.317920844,487118.720157384],[639498.777501227,487114.38806954],[639501.23735741,487110.045989273],[639503.655313256,487105.772752033],[639506.063276709,487101.499238883],[639508.47124012,487097.225725665],[639510.87947933,487092.942220025],[639513.277726147,487088.658438473],[639515.685965272,487084.374932695],[639518.064227299,487080.090599329],[639520.462749828,487075.796825221],[639522.84101177,487071.512491714],[639525.219549509,487067.218165789],[639527.598087205,487062.923839795],[639529.966632506,487058.629237891],[639532.335177763,487054.334635923],[639534.703998817,487050.030041531],[639537.05283512,487045.724895393],[639539.411663734,487041.420025026],[639541.760499951,487037.114878751],[639544.109611963,487032.799740058],[639546.448731578,487028.484325456],[639548.787851149,487024.168910788],[639551.126970675,487019.85349605],[639553.456373642,487015.527813054],[639555.775508374,487011.211846508],[639558.104911251,487006.886163376],[639560.424045893,487002.570196696],[639562.743732165,486998.234245238],[639565.043157848,486993.907734392],[639567.352851676,486989.571506962],[639569.652553105,486985.235003632],[639571.952254489,486980.898500233],[639574.241963474,486976.561720928],[639576.531948249,486972.214949204],[639578.811664788,486967.877893931],[639581.091657117,486963.530846237],[639583.371925236,486959.173806123],[639585.641925119,486954.82648246],[639587.912200791,486950.469166376],[639590.172208227,486946.121566745],[639592.432491451,486941.763974693],[639594.683058111,486937.396114385],[639596.933073052,486933.048238722],[639599.183639616,486928.680378281],[639601.423937945,486924.322234295],[639603.674504416,486919.954373724],[639605.905361963,486915.575969062],[639608.135943629,486911.207556687],[639610.366801082,486906.829151895],[639612.587666132,486902.450471203],[639614.798538778,486898.071514611],[639617.009411376,486893.692557951],[639619.220283927,486889.313601229],[639621.431432263,486884.924652088],[639623.622595839,486880.535151212],[639625.823751722,486876.145926106],[639628.014915202,486871.756425099],[639630.639486872,486866.518890546],[639633.264334305,486861.271363542],[639635.899174026,486856.024112279],[639638.544006034,486850.777136753],[639641.198554498,486845.540429327],[639643.862819418,486840.313989993],[639646.527360102,486835.077558209],[639649.191624886,486829.85111869],[639651.875874317,486824.62523074],[639654.559847849,486819.409335054],[639657.253813672,486814.193715102],[639659.947779427,486808.978095058],[639662.651461642,486803.772743108],[639665.364860317,486798.577659248],[639668.088527115,486793.372858771],[639670.811918017,486788.178050553],[639673.54530121,486782.983518073],[639676.288676696,486777.789261327],[639679.041768645,486772.605272673],[639681.79486053,486767.421283924],[639684.557944707,486762.237570907],[639687.320752991,486757.063850153],[639690.103545928,486751.890680961],[639692.886062972,486746.727504031],[639695.678572311,486741.564602832],[639698.470805758,486736.411693896],[639701.27330733,486731.249068332],[639704.085525369,486726.09671086],[639706.907735705,486720.944629119],[639709.729670151,486715.802539637],[639712.561596893,486710.660725887],[639715.393523574,486705.518912039],[639718.235166725,486700.387366279],[639721.086802175,486695.256096251],[639723.948429922,486690.125101948],[639726.809781783,486685.004099911],[639729.681125943,486679.883373598],[639732.561910749,486674.782907734],[639735.452963682,486669.67272524],[639738.354008915,486664.56281847],[639741.255054089,486659.4529116],[639744.155823378,486654.352996994],[639747.066309143,486649.263350473],[639749.987063035,486644.163987317],[639752.917533404,486639.074892249],[639755.847727889,486633.99578944],[639758.787914679,486628.916962356],[639761.73809377,486623.838410998],[639764.687996981,486618.769851898],[639767.64761667,486613.711560886],[639770.617504489,486608.643553236],[639773.587116427,486603.585537844],[639776.576713032,486598.528074002],[639779.55631722,486593.470334234],[639782.555630251,486588.423138373],[639785.554943227,486583.375942413],[639788.573965047,486578.339290356],[639791.57300209,486573.302086554],[639794.612008526,486568.26598594],[639797.640746723,486563.239601764],[639800.669209043,486558.223209849],[639803.707663672,486553.207093653],[639806.756110609,486548.191253176],[639809.814549857,486543.17568842],[639812.872713229,486538.170115924],[639815.940868911,486533.164819148],[639819.019016904,486528.159798089],[639822.096889023,486523.164769292],[639825.194469995,486518.180284395],[639828.282334375,486513.18553121],[639831.389907607,486508.201321929],[639834.496929147,486503.237097269],[639837.614218822,486498.263155964],[639840.731508445,486493.289214552],[639843.858514563,486488.325541224],[639846.995512994,486483.362143612],[639850.142503739,486478.399021715],[639853.29921098,486473.446167895],[639856.445649987,486468.503030516],[639859.612349494,486463.550452307],[639862.778773133,486458.607866358],[639865.954913269,486453.675548487],[639869.130777538,486448.753222875],[639872.326902308,486443.821456431],[639875.512758847,486438.899406429],[639878.71860007,486433.977907958],[639881.924165427,486429.066401747],[639885.139723102,486424.155171248],[639888.365273097,486419.244216461],[639891.590547228,486414.343253933],[639894.825813679,486409.442567117],[639898.060804267,486404.551872561],[639901.305787175,486399.661453715],[639904.560762405,486394.771310581],[639907.835170687,486389.901703706],[639911.099862377,486385.021828541],[639914.374270572,486380.152221451],[639917.648678724,486375.282614256],[639920.942795749,486370.42355095],[639924.226920364,486365.564211724],[639927.53102967,486360.705424024],[639930.834863117,486355.856628579],[639934.148688888,486351.008108844],[639937.00381918,486346.836926431],[639939.868390177,486342.686004489],[639942.733236958,486338.525090098],[639945.608076077,486334.364451446],[639948.482639349,486330.213805079],[639951.357202593,486326.06315863],[639954.241758173,486321.912787918],[639957.136030277,486317.772685308],[639960.030302352,486313.632582619],[639962.924022767,486309.512464583],[639965.827459708,486305.402614648],[639968.760873725,486301.293592079],[639971.693736085,486297.204554165],[639974.636590787,486293.115791984],[639977.598878571,486289.047566086],[639980.571158697,486284.979615922],[639983.553155353,486280.921933861],[639986.544868539,486276.874519898],[639989.556290623,486272.83764985],[639992.57742924,486268.811047902],[639995.608560201,486264.784721687],[639998.649131883,486260.77865594],[640001.70968828,486256.773141738],[640004.779961212,486252.777895636],[640007.859950679,486248.792917632],[640010.959373238,486244.828475909],[640014.058519965,486240.874026477],[640017.177927223,486236.910136214],[640020.306775208,486232.966506422],[640023.455332101,486229.03342054],[640026.603613164,486225.110326946],[640029.771878949,486221.187784892],[640032.959577833,486217.285779118],[640036.147000889,486213.39376563],[640039.35440867,486209.50230368],[640042.571257183,486205.631102204],[640045.798098052,486201.760176452],[640049.034655465,486197.899518798],[640052.290370173,486194.069389796],[640055.546360677,486190.229268339],[640058.8220601,486186.399690788],[640062.107200261,486182.59037371],[640065.412325151,486178.781608166],[640068.717174221,486174.982834908],[640072.041732212,486171.194605561],[640075.365738572,486167.426360869],[640078.709729665,486163.658667715],[640082.073429682,486159.901518468],[640085.436853881,486156.154361508],[640088.819987006,486152.417748453],[640092.202292695,486148.711112431],[640095.60485893,486144.995035572],[640099.01714172,486141.28922681],[640102.449133441,486137.593961951],[640105.880573538,486133.918681756],[640109.331998375,486130.243953092],[640112.783147399,486126.579216717],[640116.263721921,486122.935292428],[640119.744296438,486119.291368054],[640123.244304082,486115.667979958],[640126.744311723,486112.044591779],[640130.253760119,486108.441464067],[640133.78319326,486104.838887888],[640137.321791351,486101.266564554],[640140.870381815,486097.694516941],[640144.428964653,486094.122745051],[640147.99698825,486090.571233632],[640151.574728415,486087.029990309],[640155.162185147,486083.499015084],[640158.769350825,486079.978583761],[640162.386233071,486076.468420537],[640166.002563707,486072.978241975],[640169.638879096,486069.488614945],[640173.284911057,486066.009256009],[640176.940107977,486062.56014992],[640180.153773084,486059.528856219],[640183.377154765,486056.507830632],[640186.610253018,486053.49707316],[640189.853067847,486050.496583807],[640193.09588268,486047.49609439],[640196.358130659,486044.516141268],[640199.620378644,486041.536188084],[640202.892343204,486038.566503015],[640206.174024343,486035.607086063],[640209.465422059,486032.657937229],[640212.756543977,486029.718780703],[640216.057382473,486026.789892298],[640219.377929926,486023.871547814],[640222.688209205,486020.962919835],[640226.018473247,486018.054843403],[640229.358453869,486015.157035088],[640232.698158696,486012.269219086],[640236.057572483,486009.391947005],[640239.416710475,486006.524667238],[640242.785840855,486003.65766321],[640246.164412015,486000.810919677],[640249.542983185,485997.964176079],[640252.930995136,485995.137692978],[640256.328999477,485992.311485616],[640259.736720404,485989.495546372],[640263.143889735,485986.699591819],[640266.571043835,485983.904188815],[640269.997922146,485981.118778119],[640273.434517044,485978.343635545],[640276.871111956,485975.568492904],[640280.327140033,485972.813886566],[640283.783168125,485970.059280165],[640287.248637003,485967.324934261],[640290.714105897,485964.590588293],[640294.199283762,485961.866786247],[640297.684185839,485959.152976516],[640301.178804509,485956.449434906],[640304.683139772,485953.756161414],[640308.186923446,485951.08287262],[640311.700699518,485948.409859565],[640315.224192184,485945.74711463],[640318.757401446,485943.094637815],[640322.300603106,485940.442436739],[640325.84325318,485937.810220361],[640329.395895655,485935.178279721],[640332.947986543,485932.566323781],[640336.520062212,485929.954919385],[640340.091862099,485927.353507306],[640343.673102784,485924.77235573],[640347.25434349,485922.191204088],[640350.855017374,485919.630588755],[640354.45569128,485917.069973359],[640358.056089407,485914.519350281],[640361.676196516,485911.979271127],[640365.296027847,485909.449184294],[640368.925575781,485906.929365581],[640372.564840317,485904.419814992],[640376.203829077,485901.920256723],[640379.852534441,485899.430966577],[640383.500964027,485896.951668751],[640387.169102602,485894.48291485],[640390.837241202,485892.014160889],[640394.524537189,485889.575935615],[640398.191848435,485887.137158682],[640401.889136857,485884.699209089],[640405.585873703,485882.281244203],[640409.292327158,485879.873547441],[640412.99878064,485877.465850618],[640416.714674931,485875.078414304],[640420.430569249,485872.69097793],[640424.155904378,485870.323802066],[640427.890956118,485867.966894325],[640431.636000271,485865.610262327],[640435.380492853,485863.273615035],[640439.134977846,485860.937243486],[640442.88863547,485858.630849031],[640446.652561308,485856.314737934],[640450.425927959,485854.018887347],[640454.209287027,485851.723312501],[640457.992094525,485849.447722368],[640461.774902054,485847.172132176],[640465.577142785,485844.917078299],[640469.379107748,485842.672016746],[640473.181072743,485840.426955137],[640477.002470942,485838.202429841],[640480.823869174,485835.977904487],[640484.64471584,485833.773363848],[640488.475554925,485831.56909895],[640492.315559032,485829.395086956],[640496.155563172,485827.221074903],[640500.005559732,485825.047338596],[640503.864997117,485822.893862803],[640507.724158736,485820.75037934],[640511.593036978,485818.617164007],[640515.461915255,485816.48394862],[640519.350226745,485814.37126955],[640523.228270083,485812.268307011],[640527.116030047,485810.175612603],[640531.013506636,485808.093186325],[640534.920699852,485806.021028182],[640538.827617305,485803.958862371],[640542.734258998,485801.906688892],[640546.650341519,485799.874775936],[640550.576416467,485797.843138723],[640554.502215655,485795.821493845],[640558.437455673,485793.820109488],[640562.382688118,485791.819000877],[640566.327644805,485789.827884601],[640570.272325732,485787.84676066],[640574.236439882,485785.886173043],[640578.190561683,485783.925309574],[640582.164116706,485781.984982425],[640586.12767938,485780.044379431],[640590.110675279,485778.124312754],[640594.093119624,485776.224230806],[640598.07556401,485774.32414881],[640602.068000827,485772.42434256],[640606.069878482,485770.544796833],[640610.071480382,485768.675243448],[640614.072806525,485766.815682405],[640618.083849306,485764.966389496],[640622.104608722,485763.127364728],[640626.124816588,485761.308324688],[640630.155016888,485759.489560398],[640634.184941434,485757.680788449],[640638.224306822,485755.89227703],[640642.263672254,485754.103765566],[640646.312202731,485752.345507019],[640650.360733254,485750.587248426],[640654.419256212,485748.829265582],[640658.477227622,485747.091267474],[640662.544915675,485745.363537506],[640666.622320367,485743.64607568],[640670.689456918,485741.938330404],[640674.776302502,485740.241129066],[640678.852604148,485738.563636668],[640682.948890627,485736.886695819],[640687.034633167,485735.22946391],[640691.130368147,485733.572507755],[640695.235543975,485731.935812135],[640699.340444055,485730.309108863],[640703.45506078,485728.692673735],[640707.569401758,485727.086230958],[640711.683466988,485725.489780527],[640715.807248865,485723.903598243],[640719.940471592,485722.337676499],[640724.073694369,485720.771754711],[640728.2066414,485719.215825275],[640732.349029283,485717.680156377],[640736.49114142,485716.154479832],[640740.643246002,485714.62907904],[640744.794799043,485713.123662997],[640748.956068734,485711.628515101],[640753.116786886,485710.153351954],[640757.277229293,485708.688181159],[640761.447664146,485707.223286119],[640765.617823255,485705.768383434],[640769.797423221,485704.333741292],[640773.976747444,485702.90909151],[640778.166064114,485701.484717479],[640782.354829247,485700.080328203],[640786.543318638,485698.685931282],[640790.741524681,485697.301802513],[640794.939179188,485695.937658497],[640799.136833748,485694.573514444],[640803.343929169,485693.229630941],[640807.560741245,485691.896015589],[640811.767285183,485690.572116806],[640815.993538174,485689.258761969],[640820.209523027,485687.955123699],[640824.435224538,485686.661753582],[640828.660650308,485685.378375828],[640832.895516941,485684.115258628],[640837.13038363,485682.85214139],[640841.364698785,485681.609008913],[640845.608730598,485680.376144594],[640849.852486672,485679.153272637],[640854.105959406,485677.940668838],[640858.359156402,485676.738057403],[640862.611801865,485675.55543073],[640866.864447384,485674.372804025],[640871.126257977,485673.220430276],[640875.388068625,485672.068056497],[640879.659595935,485670.925950876],[640883.930847509,485669.793837622],[640888.201823345,485668.671716735],[640892.482515844,485667.55986401],[640896.762656813,485666.467996053],[640901.042797839,485665.376128064],[640905.332379735,485664.304520638],[640909.611693494,485663.242629788],[640913.910716318,485662.191282895],[640918.199195213,485661.15964498],[640922.497666568,485660.128282828],[640867.685957487,485561.275355394],[640864.533191774,485555.578333027],[640830.93508494,485495.000968706],[640823.142166659,485480.975873048],[640814.930818047,485466.169228896],[640812.85451665,485462.411920335],[640802.548259976,485443.797455347],[640788.874789725,485418.56005283],[640787.393112382,485416.809157861],[640770.065066286,485400.070899987],[640757.541131112,485395.865243318],[640733.631106201,485391.155337139],[640722.465503165,485388.097171149],[640719.855153684,485387.385126624],[640716.460920779,485386.451447269],[640704.444521791,485383.059799987],[640696.933230439,485380.932491806],[640682.217654599,485376.786349],[640676.64136693,485375.202446241],[640664.754043168,485371.844362233],[640660.864052203,485370.757000547],[640643.707999795,485365.903502916],[640639.500458822,485364.727377178],[640633.953597495,485363.164287008],[640620.647015817,485359.417033263],[640609.125551594,485356.209047964],[640584.057966029,485349.2371989],[640583.105315414,485348.970906382],[640558.127111802,485342.021525361],[640550.356849089,485339.857071747],[640524.316908649,485332.608389075],[640447.335128692,485310.933757305],[640372.336951395,485289.853881569],[640295.386839394,485268.120144996],[640280.693197023,485263.904618269],[640303.829149356,485182.163217238],[640178.34967213,485146.640183452],[640106.213359568,485126.219349035],[640088.89856022,485121.321492653],[639984.444906636,485091.74877694],[639972.220348683,485088.291404436],[639948.931593277,485170.498502275],[639896.334478897,485156.266918853],[639789.570618879,485124.530455166],[639786.307399562,485123.560397348],[639771.330620311,485119.097070808],[639765.052952519,485117.563820058],[639827.74273709,484860.664602399],[639840.84606262,484791.696392192],[639821.171906987,484774.093478872],[639819.29832234,484772.411776962],[639696.75473767,484662.760209221],[639693.026726129,484659.427336826],[639679.578788472,484647.396249224],[639673.229533911,484612.221134703],[639671.477182943,484602.522804542],[639668.711229598,484602.376473323],[639662.010979092,484601.661569543],[639657.464390468,484601.176099415],[639486.200816703,484592.62979071],[639235.572284458,484580.293283602],[639102.243931529,484573.733874259],[639099.132663622,484573.418014696],[639096.092655767,484572.694123713],[639093.173318148,484571.583564778],[639090.413517098,484570.127410288],[639087.852946213,484568.336755606],[639085.540739916,484566.242956539],[639083.516040291,484563.877093126],[639081.787736644,484561.279410486],[639080.404963399,484558.481264401],[639079.406586885,484555.523727254],[639007.04062525,484297.748018349],[639006.77649185,484296.810734296],[638998.718872474,484268.098529421],[638856.860665674,484277.483781929],[638850.022115211,484277.795064469],[638843.18267217,484277.776324283],[638836.351777393,484277.447821805],[638829.549415541,484276.810108543],[638822.77558661,484275.863184524],[638816.051102493,484274.577624261],[638786.910552765,484268.443502937],[638758.068672664,484262.357624477],[638750.860632202,484260.838722063],[638746.227369377,484259.870869388],[638742.012129969,484258.974551988],[638731.165372489,484256.685241208],[638709.571230451,484252.12936225],[638694.896454402,484249.044419829],[638690.688174827,484248.258294083],[638687.742578733,484247.737011396],[638684.762869524,484247.364786393],[638681.793428415,484246.982844813],[638678.799590776,484246.760228984],[638675.806304654,484246.517628505],[638672.798614329,484246.434629512],[638669.801192105,484246.341913939],[638666.80935033,484246.409351334],[638663.808067749,484246.45652833],[638660.812365616,484246.663858291],[638657.826655841,484246.871463988],[638654.847353746,484247.209245667],[638651.867775938,484247.557019664],[638648.884613484,484248.034693889],[638645.941420361,484248.513471082],[638643.013800012,484249.152676964],[638640.076738852,484249.771622438],[638637.175510857,484250.541555758],[638634.284275215,484251.311764806],[638631.419431898,484252.212701301],[638628.564305186,484253.123905849],[638625.755555448,484254.166389324],[638622.936813408,484255.208597038],[638620.184432987,484256.382635164],[638617.422336005,484257.546405202],[638614.726324895,484258.851997971],[638612.020321478,484260.157314975],[638609.381231162,484261.574477736],[638605.897060493,484263.538316152],[638601.558092913,484266.038562123],[638597.334345602,484268.711986466],[638593.139472318,484271.426207263],[638589.050102711,484274.303338361],[638585.009316024,484277.231809721],[638581.064592165,484280.302930988],[638577.158458895,484283.425116767],[638573.388081986,484286.701047752],[638569.6368625,484290.007507111],[638566.031667429,484293.457995093],[638562.455346348,484296.949279523],[638559.025049668,484300.584592574],[638555.623902713,484304.250709747],[638552.369331636,484308.040870898],[638377.537406127,484514.704684443],[638374.959423885,484517.893517112],[638373.09462622,484520.242037488],[638371.347530318,484522.673805403],[638369.600158653,484525.115565603],[638367.970764498,484527.630581028],[638366.341370332,484530.145596427],[638364.839670232,484532.74413512],[638363.32852931,484535.322413402],[638361.954799012,484537.994483052],[638360.571352136,484540.656284607],[638359.32614314,484543.381900586],[638358.060949492,484546.106965035],[638356.944261791,484548.88612735],[638355.847282946,484551.675833467],[638330.148246514,484620.496103777],[638297.839740352,484707.053823908],[638296.609891791,484710.309858513],[638293.611291106,484717.507050087],[638290.434758958,484724.629331647],[638286.981751023,484731.623984013],[638283.851335518,484737.437548008],[638283.282520021,484738.48184214],[638279.346506763,484745.223166401],[638275.184806621,484751.808263295],[638270.797143853,484758.247125127],[638266.18351848,484764.539751886],[638261.354750117,484770.656442393],[638251.092029521,484782.353125358],[638209.933469615,484826.156901119],[638206.245089883,484830.085079004],[638202.144608378,484834.451880218],[638102.560007717,484940.452689581],[638101.181297413,484938.594655081],[638097.53657351,484933.694108019],[638096.145242632,484932.65571849],[638092.753050186,484930.562117701],[638089.347896738,484928.93815536],[638085.689074933,484927.447191183],[638083.540048129,484926.68788843],[638075.459193414,484924.184893051],[638072.533265602,484921.864162412],[638070.640552337,484918.701953599],[638068.66765853,484912.647556216],[638052.275373048,484925.055056363],[638041.040887323,484933.554933919],[638032.739662317,484941.93576444],[638022.844128574,484951.922580771],[638022.144520886,484952.633266802],[638018.698650102,484956.10813731],[638016.804749216,484960.235833771],[637850.252498229,484904.569793091],[637842.929961253,484902.127727634],[637831.146957268,484879.412748128],[637819.112631252,484874.500670426],[637805.782827186,484869.062845456],[637729.521957542,484837.958498567],[637587.527127957,484792.890197724],[637581.807353255,484791.072363301],[637481.249152491,484759.157518811],[637443.916577481,484747.307353619],[637398.207536599,484732.796049868],[637117.806471031,484643.808704182],[637086.947324899,484634.007191381],[637042.460158779,484831.767128976],[637031.501448147,484881.004107799],[636991.320160825,485062.963001917],[636978.951698616,485121.610944238],[636952.909871675,485251.040654154],[636939.133711672,485319.749608302],[636934.319259921,485343.826439338],[636932.610577908,485354.649148917],[636932.053859144,485358.153741101],[636930.365027589,485379.126875044],[636930.187674745,485382.29194169],[636918.877476129,485579.767377696],[636914.537868608,485653.666702453],[636912.964428666,485680.6029463],[636894.648175713,485994.953559741],[636894.156132997,486000.099915607],[636893.599108765,486005.064480071],[636891.197224447,486015.278058796],[636887.72809805,486025.392180674],[636884.948079657,486031.915367004],[636855.787367946,486100.789625383],[636852.259072268,486109.062134666],[636848.805962546,486117.14672138],[636711.927512177,486439.584444433],[636695.821690417,486477.479383907],[636690.548804776,486489.903674428],[636679.148487932,486516.728640207],[636666.659728219,486546.033526916],[636607.614579729,486684.271850158],[636556.89231237,486803.200126238],[636553.622571127,486810.799765568],[636508.886100759,486915.023434857],[636445.134155285,487065.82151156],[636428.890093959,487104.012564831],[636425.670031856,487111.623569037],[636421.337954411,487121.843839471],[636418.620138627,487128.648719187],[636416.47120509,487134.769312544],[636413.022830544,487146.30395954],[636393.644745347,487214.708070703],[636334.578246053,487422.534580603],[636317.176231148,487483.833310111],[636227.273472757,487799.836858324],[636220.456982915,487818.548401481],[636217.075864305,487825.834951282],[636212.449607685,487834.757101671],[636120.596840527,487996.088865794],[636088.347517323,488052.947669875],[636074.944501181,488076.607279411],[636065.93534854,488092.518311458],[636063.097578464,488097.509889778],[635899.51428989,488384.939117951],[635892.588973992,488397.087724053],[635836.045752082,488496.475023831],[635831.494547911,488504.489239139],[635738.159857455,488668.779633456],[635731.580554642,488680.347789556],[635600.576070702,488910.926877093],[635530.901326657,489033.551013522],[635516.259581287,489059.336296966],[635506.989275658,489075.650052781],[635480.79827223,489121.696092246],[635365.837005537,489323.168298799],[635310.064473063,489423.246522652],[635285.022911333,489468.224260889],[635278.342366407,489487.079460518],[635263.173236189,489529.78984367],[635255.908646368,489556.758771846],[635212.237870123,489719.050007712],[635207.689829872,489736.364112601],[635204.122544062,489751.115345041],[635200.086330345,489770.173552297],[635197.440139596,489784.160233161],[635192.880557092,489812.39382569],[635185.057616854,489863.926890361],[635181.503934152,489887.238345294],[635181.465679639,489887.537283633],[635178.544721349,489906.766282688],[635163.698953507,490004.39459198],[635179.529490172,490012.331619033],[635196.523931222,490020.850778452],[635202.491125641,490023.845512807],[635217.534361196,490024.080934704],[635263.594175461,490024.782885839],[635286.583978462,490025.137753853],[635334.839121456,490033.250203509],[635340.963300633,490033.819316005],[635386.814710754,490038.085452992],[635398.252498168,490040.331275344],[635398.580585533,490040.400334479],[635429.671098067,490046.51881219],[635455.330841588,490049.047377295],[635460.048052655,490049.507637918],[635465.582969701,490050.050478564],[635504.575290843,490050.66726206],[635544.726990109,490051.306062056],[635544.633673566,490037.303714283],[635613.490286657,490035.575250606],[635694.582377965,490035.814642806],[635696.263897197,490031.051154299],[635707.270475671,490032.255086839],[635715.763588378,490032.499624112],[635721.00668711,490032.384416466],[635725.049063633,490032.296049907],[635764.711290754,490033.641319043],[635790.445841733,490033.461993023],[635790.474605649,490027.71287673],[635880.898206122,490027.169971084],[635912.872884593,490026.982967982],[635983.213633895,490026.555463076],[635992.785305023,490026.489789638],[636078.548722544,490025.958188601],[636092.740948164,490025.870113798],[636104.640864078,490031.298655984],[636118.966526663,490025.654346572],[636128.047478846,490025.61512118],[636143.308876115,490025.556571448],[636166.014984073,490025.323612746],[636285.406245836,490024.130664383],[636285.516202906,490034.633555037],[636333.712966708,490034.364531812],[636401.442804011,490033.974923436],[636401.642924848,490033.970449911],[636425.448757094,490004.778249012],[636428.471348217,490001.06176859],[636434.396398614,489999.065417245],[636454.10341638,489998.439640238],[636466.494237411,489998.041821368],[636467.005490054,490003.065873022],[636494.288289623,490002.589301511],[636564.14797721,490011.258383749],[636633.84825649,490020.993053944],[636692.852742046,490041.082230466],[636699.432361706,490037.833969826],[636702.841058602,490039.328083623],[636711.525189764,490043.157851519],[636719.923132892,490046.849718147],[636723.420656532,490048.386284606],[636730.561640955,490054.503410021],[636776.34268214,490073.637438967],[636774.927953733,490077.068328547],[636823.882766818,490100.409958347],[636823.228595407,490102.371869329],[636838.982006749,490137.366488232],[636847.232451173,490142.0542738],[636853.681221334,490143.182347687],[636859.729694586,490132.009514146],[636901.241821084,490154.365635579],[636906.774954036,490143.7485624],[636976.374511845,490185.740118355],[636984.400438481,490190.591705197],[636989.043110844,490193.389884392],[636996.410317693,490197.833285197],[637091.898104715,490255.449621485],[637101.318726865,490237.679979864],[637110.868419919,490219.943901184],[637120.51637926,490202.270534405],[637130.262604908,490184.659879516],[637140.117365095,490167.102220179],[637150.090376171,490149.607824587],[637160.161101739,490132.196125391],[637170.330921518,490114.817161224],[637180.618992253,490097.501460765],[637191.005329421,490080.248472122],[637368.945769021,489786.845391667],[637476.208424251,489609.989148335],[637592.14636034,489418.812469365],[637705.024652543,489232.691112712],[637718.034353013,489211.330539785],[637727.948439598,489195.24443943],[637731.162304552,489190.033229645],[637744.398514898,489168.798906367],[637757.752700462,489147.637838135],[637771.214868985,489126.549749024],[637777.98537027,489116.026791966],[637784.775028204,489105.534363119],[637798.453714543,489084.572247631],[637812.230391638,489063.682835318],[637826.114775902,489042.876394372],[637840.117411472,489022.133216095],[637854.227754276,489001.473009159],[637866.433693021,488983.870189861],[637878.865591403,488966.413606996],[637885.165371314,488957.727629364],[637891.473763895,488949.091888744],[637904.287911531,488931.915855087],[637917.307758466,488914.895498306],[637924.006125975,488906.26052364],[637944.133807765,488880.986491569],[637964.682052976,488856.054065553],[637985.660302282,488831.483506051],[638007.048295369,488807.284253544],[638028.856024716,488783.456583903],[638051.083490503,488760.000497111],[638073.699612429,488736.95513468],[638096.715486555,488714.280803293],[638120.11974129,488692.02718857],[638234.578967249,488593.148230745],[638255.481637057,488576.385485918],[638296.760696473,488542.725459436],[638338.74483206,488507.794899878],[638379.829109548,488472.859485405],[638420.565252443,488437.494452269],[638460.923283505,488401.698972768],[638500.902374779,488365.503023811],[638540.523062365,488328.887172501],[638579.734832606,488291.870024045],[638618.577930356,488254.442689628],[638657.032094792,488216.614609798],[638695.077340967,488178.385232792],[638732.733377344,488139.765102692],[638769.989935424,488100.763935952],[638806.827581996,488061.361196184],[638831.292781948,488034.726792329],[638866.757891912,487995.416142388],[638901.803261969,487955.733896827],[638936.418899489,487915.679779818],[638970.624512974,487875.264335467],[639004.390125134,487834.486736222],[639037.735444476,487793.357526205],[639040.842387036,487789.48332034],[639043.949605441,487785.599122059],[639047.056823828,487781.714923697],[639050.154049861,487777.830449391],[639053.241283539,487773.94569914],[639056.338785398,487770.051232338],[639059.426019038,487766.166481926],[639062.503536187,487762.271463237],[639065.591045653,487758.376720329],[639068.658846289,487754.471433278],[639071.736639243,487750.566422012],[639074.804715702,487746.651142465],[639077.862799804,487742.735586975],[639080.930876223,487738.820307266],[639083.978967949,487734.904475754],[639087.037051991,487730.988920024],[639090.085419537,487727.063096012],[639093.143779401,487723.137547783],[639096.182154568,487719.211447752],[639099.220529716,487715.285347641],[639102.249188366,487711.348979251],[639105.288115193,487707.402894302],[639108.306781462,487703.466249892],[639111.335715908,487699.519888925],[639114.354657995,487695.573252015],[639117.363883583,487691.61634683],[639120.372833287,487687.669433901],[639123.38205883,487683.712528553],[639126.391284351,487679.755623127],[639129.390793371,487675.788449422],[639132.380310029,487671.820999777],[639135.369826665,487667.853550054],[639138.359067418,487663.89609259],[639141.348859868,487659.918650369],[639144.328659955,487655.940932209],[639147.298467679,487651.962938108],[639150.27826772,487647.985219791],[639153.238358916,487643.996957334],[639156.208442429,487640.008970658],[639159.178525917,487636.020983902],[639162.128900561,487632.02245301],[639165.08926752,487628.024197897],[639168.039642115,487624.025666847],[639170.980024345,487620.02685986],[639173.920682409,487616.018060455],[639176.86106459,487612.019253309],[639179.791730263,487608.010177888],[639182.722671769,487603.991110046],[639185.653337392,487599.982034468],[639188.574562363,487595.95269827],[639191.485519111,487591.93307848],[639194.406468174,487587.913734467],[639197.317700727,487583.884122177],[639200.218940913,487579.85423395],[639203.120456929,487575.814353307],[639206.021697063,487571.784464926],[639208.913220685,487567.744308266],[639211.804744279,487563.704151532],[639214.696267848,487559.663994715],[639217.578074905,487555.613569626],[639220.469874274,487551.563420312],[639223.341688935,487547.51271921],[639226.213779422,487543.452025686],[639229.07587754,487539.39105623],[639231.93797563,487535.330086697],[639234.800073692,487531.269117083],[639237.652455239,487527.197879197],[639240.504836757,487523.126641232],[639243.357218247,487519.05540319],[639246.199607367,487514.983889214],[639249.032004115,487510.912099306],[639251.874669031,487506.830592833],[639254.707341576,487502.748810426],[639257.530021748,487498.666752089],[639260.352977745,487494.574701332],[639263.175933713,487490.482650497],[639265.988897307,487486.390323732],[639268.802136725,487482.288004546]]]},"properties":{"NAZWA_DZIELNICY":"Śródmieście","KODTERYT":"146510_8"}},{"type":"Feature","geometry":{"type":"Polygon","coordinates":[[[637366.044436006,494287.289907658],[637435.088650285,494203.868373433],[637491.17899089,494230.257858979],[637510.556957776,494239.373174089],[637526.041921601,494211.681272873],[637572.517339199,494128.586119569],[637664.091082978,494179.815755649],[637664.465268228,494180.026092207],[637685.903743146,494192.018313842],[637686.780356919,494192.502529723],[637692.963355414,494196.373327089],[637699.37203538,494200.400358646],[637717.350313497,494211.676986595],[637743.703428901,494228.20496162],[637746.141208501,494229.732302685],[637751.72461708,494233.226538526],[637782.520535197,494252.547245574],[637794.758567482,494260.215310394],[637802.307580802,494264.953845448],[637914.198421781,494335.104762914],[637920.511141371,494352.739039988],[637915.242982193,494365.703378102],[637909.589148253,494379.597052174],[637894.53575451,494416.640829788],[637887.669412154,494433.520976155],[637915.162596221,494448.96048901],[637938.07700706,494461.823513161],[637944.181948323,494465.262166009],[637948.711268026,494456.237382933],[637952.100298596,494448.671081837],[637975.137808061,494413.647883184],[637984.312245291,494399.731480657],[637996.632317762,494397.191902459],[638179.333612589,494467.30941361],[638201.073814564,494479.240013063],[638204.88616998,494481.325334229],[638226.103959514,494492.981503258],[638252.848194827,494507.660349952],[638255.515628803,494500.514100859],[638292.955486512,494517.15845895],[638293.232234063,494517.276104761],[638313.818760942,494526.444854306],[638333.911747631,494535.379969963],[638354.657049303,494544.593108657],[638374.641227176,494553.485220551],[638388.17469744,494559.509116484],[638394.863947222,494563.153919647],[638395.31696722,494563.406435148],[638414.438984041,494573.824717915],[638420.832606335,494577.311354392],[638440.30882562,494587.939424375],[638455.598225907,494596.28182597],[638454.808416956,494610.38991571],[638453.404040311,494635.520956178],[638453.226036141,494638.706018065],[638438.448437833,494677.347462149],[638438.307770172,494677.733572982],[638437.661295744,494679.415699884],[638471.654817865,494695.204870362],[638506.773937851,494711.515142472],[638516.849307334,494716.023506798],[638529.275790004,494721.576828603],[638530.450923328,494719.219312595],[638530.567188943,494718.992526463],[638550.1223972,494679.713085029],[638562.01273846,494655.811763688],[638575.768269273,494650.541868928],[638583.256525208,494653.498757385],[638605.186678655,494662.174652956],[638627.43198852,494673.559242564],[638650.781806022,494685.504349132],[638674.417812832,494697.587364426],[638687.16780452,494704.099621844],[638699.434799324,494710.358535548],[638724.451787363,494723.129708813],[638753.275286694,494737.836051609],[638753.670456193,494737.286973363],[638819.048058174,494764.14328449],[638838.54639649,494772.162004269],[638908.1956941,494800.766353901],[638933.99260874,494811.369103512],[638979.653997988,494830.13069822],[639016.238518402,494845.161508932],[639027.925757768,494849.964421849],[639029.229559641,494850.550445091],[639037.507600499,494854.239162498],[639072.44681097,494869.824514505],[639105.588680236,494884.590210279],[639113.422313803,494888.076650728],[639119.191018851,494890.656038022],[639120.15922329,494891.082789204],[639125.849094194,494893.619998476],[639130.669579631,494895.773186971],[639130.857225125,494895.858371553],[639131.657334619,494895.130482571],[639140.734817017,494899.201290667],[639177.41170413,494915.594664637],[639184.849511303,494918.930169981],[639191.48760316,494921.893579514],[639207.845502218,494929.205546447],[639211.026312269,494930.62343198],[639240.16657892,494943.638576559],[639265.868997588,494955.128735536],[639267.933374882,494956.055774443],[639295.789551736,494968.495444247],[639314.133274731,494976.682284964],[639377.698709015,495005.068618101],[639384.5441585,495008.127760743],[639416.341730743,495022.32634283],[639458.689088449,495041.236425101],[639489.153162601,495054.838168539],[639511.872423799,495064.995919163],[639522.116035063,495069.568958518],[639558.921755708,495086.00593318],[639625.095115692,495115.554371689],[639631.002064878,495118.197587426],[639648.86197755,495126.161077844],[639683.385708271,495141.585011751],[639699.042455297,495148.577628429],[639728.933895444,495161.913570561],[639749.994059933,495171.3154938],[639788.370639999,495188.445898334],[639813.915427635,495199.851742882],[639819.931191259,495202.537968615],[639828.900431149,495206.545804091],[639839.311988365,495211.193493565],[639845.396870548,495213.911629612],[639842.423322576,495189.069500394],[639854.14867769,495194.303491947],[639935.198289171,495230.503041846],[639958.876344835,495241.067313725],[639985.033216285,495252.760082102],[640008.928345905,495263.430355643],[640081.275501048,495295.739472441],[640098.39429209,495303.382505895],[640105.496795336,495306.548765431],[640115.809265338,495311.163724451],[640190.384843286,495344.254441238],[640219.043844937,495356.956368134],[640279.832244497,495382.346126405],[640343.275483754,495407.199255935],[640374.945082831,495418.794386805],[640406.809458055,495429.854902104],[640426.726525386,495436.475275831],[640440.794384529,495452.114023126],[640482.720235851,495563.362642984],[640457.18973176,495560.84714293],[640455.039682306,495570.257734975],[640488.717719592,495579.738386253],[640494.312313525,495589.342991992],[640495.944799201,495592.148105551],[640500.982493349,495593.317316285],[640506.835420622,495594.659055061],[640507.514971051,495593.227832426],[640507.921897259,495593.339077368],[640534.009338897,495600.669974861],[640534.075367945,495600.4517993],[640536.206918478,495591.710694325],[640536.232149629,495591.521391391],[640537.391143795,495586.853414577],[640537.56311954,495586.058166202],[640538.282708237,495583.178048543],[640533.525195366,495575.126574404],[640555.706186237,495484.259430933],[640562.249589792,495484.860247205],[640595.110543972,495492.788311518],[640628.096052274,495500.189818718],[640635.393183701,495501.741464585],[640638.286884496,495502.331427886],[640645.107143058,495503.769896124],[640645.276185182,495503.804567363],[640664.708246663,495507.711545101],[640684.344298874,495511.474160072],[640704.006135694,495515.027487724],[640723.713189656,495518.392065031],[640743.455192267,495521.577608222],[640763.222979525,495524.553863979],[640783.006006806,495527.340540911],[640802.854788304,495529.919034826],[640816.070454658,495531.524231653],[640822.678011926,495532.336822508],[640842.577534425,495534.526718444],[640862.441782793,495536.545639561],[640876.276099629,495537.837931743],[641065.162043966,495547.047521281],[641123.413732086,495549.887224036],[641162.54313661,495550.998507716],[641360.829059597,495556.597850519],[641571.925111142,495562.561186934],[641572.334800072,495562.572508102],[641594.607337121,495563.207977989],[641595.00703367,495563.219023032],[641684.028080045,495565.728993418],[641979.249206624,495574.067016412],[641995.053584349,495574.273747158],[642008.340703761,495532.040671649],[642011.015495509,495523.544535759],[642018.685544254,495498.936341152],[642021.416372023,495490.221751872],[642022.885687916,495485.542326436],[642031.675470326,495457.325050483],[642035.362616918,495445.48686812],[642036.658523322,495441.292653285],[642038.655520376,495434.887798651],[642039.027293131,495433.738065078],[642088.149403588,495275.164497581],[642111.118467042,495201.738740583],[642148.798894795,495081.219183419],[642151.658100129,495075.458152502],[642050.480629779,495038.792223565],[642020.371694872,495027.89020072],[642155.429671822,494660.289784524],[642157.612038652,494653.690043158],[642168.216749288,494621.672855158],[642174.462841763,494604.8053306],[642316.86108568,494219.807232269],[642331.910118731,494224.913054826],[642337.03616785,494217.094628993],[642338.769178857,494214.452492232],[642342.506599694,494208.755714258],[642458.571655635,494031.611187262],[642479.605278199,493999.27207544],[642583.750481882,493839.128199987],[642725.78657618,493621.770568154],[642860.436525518,493417.29879032],[642841.268797884,493409.6091952],[642842.802620278,493405.851537222],[642850.871001078,493380.574222349],[642864.236070737,493341.663116806],[642875.666894236,493309.058626453],[642879.130206641,493300.614231333],[642900.610950915,493235.437094106],[642905.522183727,493220.552641691],[642909.942623951,493207.144643143],[642969.653877855,493204.584170363],[642990.882782085,493204.630628371],[643062.387369163,493202.315951926],[643063.993345733,493198.480282715],[643078.033520766,493207.528231123],[643091.587265989,493217.532751339],[643119.715202454,493238.24999143],[643150.17619283,493177.410919955],[643153.35198401,493171.048592302],[643161.026605241,493155.68046093],[643162.835522411,493152.100398897],[643209.646916284,493058.672677826],[643209.721004234,493058.524723083],[643210.694692123,493056.58160248],[643211.67892456,493054.618772969],[643213.887981924,493050.309756567],[643215.990765538,493046.227806486],[643217.089883881,493044.088148916],[643229.31280671,493000.185381559],[643236.406207082,492975.811098859],[643241.200946342,492959.713395769],[643249.697321061,492932.697842016],[643253.50600364,492921.162942706],[643257.082816551,492908.971631449],[643356.635621491,492580.92841869],[643414.94372826,492388.787115023],[643574.916129287,491861.640316236],[643769.321682046,491906.410475371],[643771.878138083,491899.661010465],[643817.567175804,491764.671430824],[643867.079158562,491619.437281671],[643884.87541603,491568.168213566],[643889.319758935,491555.340815091],[643893.785466312,491542.464005747],[643897.837787215,491530.795792628],[643902.553468528,491517.195878258],[643906.39992359,491506.101985306],[643908.496002547,491500.089807331],[643884.712332104,491489.712789358],[643883.243443361,491491.482239964],[643856.035052501,491480.550627737],[643840.796070813,491470.369615711],[643858.403422381,491323.474215047],[643858.679777452,491321.071819798],[643860.004804407,491310.028287409],[643867.753927307,491250.321615108],[643786.918164572,491231.668815788],[643789.115246923,491221.999386432],[643789.183481358,491221.701267588],[643798.951214008,491178.700549218],[643805.476872975,491180.670801087],[643806.860165953,491174.758938078],[643815.967637372,491135.750026162],[643816.875220913,491131.85504754],[643816.97702048,491131.427854184],[643817.792796899,491127.960344873],[643824.20025813,491100.5369937],[643830.200243044,491074.832407416],[643836.109246834,491049.525312],[643841.983027566,491024.407245024],[643847.846261854,490999.308886067],[643853.720038591,490974.190817106],[643859.583544862,490949.082463673],[643865.44732511,490923.964116757],[643871.36603333,490898.667283808],[643877.604545212,490871.929265318],[643877.672779319,490871.631146305],[643878.908501932,490866.355212461],[643878.99892879,490865.977705427],[643880.065169954,490861.407099105],[643889.160678378,490822.467839481],[643898.290299012,490783.379517947],[643899.198154174,490779.474544677],[643899.208698607,490779.454835652],[643900.115725816,490775.579839845],[643920.494951832,490688.351630016],[643920.59619887,490687.944421354],[643921.98401358,490682.592685488],[643922.882978859,490678.647465645],[643923.737006738,490674.881006858],[643926.604210943,490662.310041846],[643929.539924504,490649.430964977],[643932.442348489,490636.670969923],[643934.693238606,490626.863016297],[643935.70647823,490622.40094591],[643936.696697205,490618.048241033],[643937.664447463,490613.784916676],[643938.94951848,490608.170339647],[643940.190479974,490602.704546175],[643941.157954062,490598.451214215],[643942.125428092,490594.197882225],[643943.092902065,490589.94455021],[643944.059824057,490585.71120316],[643945.027297915,490581.457871086],[643945.994771715,490577.204538988],[643947.280945926,490571.549991653],[643948.577112531,490565.895720229],[643949.873554996,490560.231456264],[643951.159728901,490554.576908782],[643952.445902706,490548.922361251],[643953.777013684,490543.089052558],[643955.097028215,490537.295437841],[643956.427587059,490531.482114039],[643957.737332919,490525.698215758],[643958.578606875,490522.031405107],[643962.300382749,490505.673992387],[643962.95887191,490502.832143608],[643967.329695193,490483.612620589],[643967.761566242,490481.734524865],[643969.570864005,490473.794396196],[643970.082892926,490471.548509714],[643972.346805933,490461.630912071],[643974.987935722,490450.003711147],[643977.775249014,490437.790540046],[643988.766665373,490389.583502399],[643991.941461464,490375.651010296],[644002.374799447,490329.908586208],[644006.755880625,490310.679341551],[644011.680345509,490289.155074571],[644014.195546242,490278.104400101],[643999.51618714,490278.79903015],[643929.834345469,490282.094767503],[643923.766198559,490282.387195721],[643800.55997638,490288.354854874],[643730.514529887,490291.420542872],[643691.650950114,490293.707326856],[643529.917637284,490294.850973537],[643378.63154951,490299.723160547],[643367.42148499,490300.083590802],[643362.607100433,490300.240639945],[643254.615726304,490306.408444915],[643108.296863148,490311.387792381],[642958.584803131,490319.743456157],[642814.378807822,490325.711144802],[642668.064459204,490329.810587846],[642611.313815045,490332.35339078],[642603.560848712,490334.26930018],[642578.46836348,490333.266342799],[642568.079887694,490329.949432406],[642519.69333519,490333.433222034],[642513.987719574,490335.445670767],[642507.974530804,490335.559612228],[642491.190629213,490333.88609881],[642404.28002434,490325.195930412],[642292.988302895,490306.402398719],[642199.361947205,490290.316737963],[642191.479117945,490288.969039877],[642118.777202502,490276.711253679],[642117.808098524,490282.834526053],[642088.161280463,490278.005781032],[642087.756747738,490280.704624667],[642075.291198775,490278.730368756],[642076.802463401,490269.632052863],[642069.655766064,490268.424685341],[642061.632494152,490267.093110003],[641973.23717482,490252.421937872],[641874.288757239,490235.689333782],[641803.65824785,490213.968730791],[641681.34608411,490187.230904672],[641630.434731387,490170.614898409],[641636.132633617,490153.672179247],[641618.309929003,490149.059981049],[641591.806036952,490145.938055668],[641522.184659357,490136.9254071],[641505.999931911,490130.938439671],[641465.490326112,490139.60978672],[641458.835845381,490142.306030663],[641454.810850142,490143.934884847],[641440.683121567,490149.644762778],[641433.283901345,490152.150439384],[641384.548522892,490168.634648639],[641339.749375808,490183.807549101],[641335.671326135,490185.184936144],[641304.61120693,490195.687227879],[641270.744778667,490207.142022348],[641257.036563737,490211.783475672],[641192.109755495,490233.750542716],[641156.133678114,490245.917070623],[641057.996611374,490279.117019972],[641028.371676557,490290.518927109],[641027.855993288,490290.724686505],[641011.238141812,490297.525784136],[640994.620291107,490304.326881011],[640978.002441174,490311.127977126],[640961.394860361,490317.919356039],[640944.77673602,490324.730443037],[640944.422862875,490324.87067074],[640928.093632781,490331.359734491],[640911.410530329,490337.989025206],[640894.727428664,490344.618315178],[640879.59110099,490350.640319239],[640878.104834056,490351.229275325],[640857.438094946,490359.438553673],[640857.205510371,490359.532130738],[640838.85434975,490366.815353864],[640829.744410231,490370.433777793],[640820.27032958,490374.202145529],[640801.696854681,490381.56922744],[640783.355689331,490388.852723814],[640764.508834437,490396.342254274],[640758.604014186,490398.689188189],[640719.384072213,490414.256097331],[640692.873581366,490424.773985998],[640656.322819657,490439.284600302],[640649.113805834,490442.145515771],[640630.853415349,490449.401235171],[640618.23500609,490454.4127635],[640553.990037057,490479.938559129],[640547.745231434,490485.906102039],[640461.388772603,490522.711241602],[640369.386276326,490562.27043345],[640320.621098993,490582.373688805],[640298.557667333,490590.464362652],[640293.930935155,490592.156585961],[640267.710606354,490597.962458636],[640260.439500756,490594.38165482],[640251.347940517,490587.920577394],[640245.856203201,490585.448914007],[640236.988004984,490578.50400601],[640223.391243473,490583.818502637],[640206.5901981,490590.374505497],[640205.559109952,490590.776029745],[640190.445832594,490596.688643261],[640182.388914633,490599.836133455],[640176.101082712,490602.292480794],[640183.754811457,490611.93384611],[640153.108200797,490624.847467838],[640094.274040249,490649.622616429],[640000.89420868,490684.743685717],[639910.360659764,490717.103343805],[639825.291517698,490749.303895069],[639816.065007772,490752.799075182],[639722.865689946,490791.525054495],[639629.356966856,490830.592462991],[639531.859998355,490869.959698468],[639507.887619287,490883.807589795],[639487.867945053,490895.38465167],[639449.475232193,490917.574250684],[639432.615890136,490927.328596312],[639398.584582996,490939.328675407],[639380.801233475,490945.607510576],[639334.732664906,490961.855122405],[639298.706946196,490976.550101176],[639244.647976301,490998.606999251],[639237.387592325,491001.156469347],[639213.16318205,491009.647396613],[639142.731441811,491034.342079743],[639106.448748438,491047.479949259],[639095.580536048,491051.39976791],[639076.151950785,491058.593146464],[639069.612408828,491062.92251427],[639064.819629697,491064.11013911],[639062.378902016,491063.412732745],[639060.925035636,491061.742586482],[639060.303396681,491058.905430427],[639060.013228426,491058.187419614],[639047.011579143,491063.318309195],[639041.956354602,491065.318681855],[639042.227090101,491066.016156019],[639043.121281664,491068.76083987],[639042.774054793,491072.281233932],[639041.45127105,491074.554690105],[639038.141460757,491078.893257849],[639020.715802061,491093.221918369],[639015.423802885,491086.415791767],[638999.707906651,491095.321697634],[638989.315476085,491101.204644267],[638983.616223315,491104.437222781],[638968.123747151,491113.219297901],[638965.741328753,491114.393492781],[638942.445301904,491125.840029037],[638926.478600544,491133.689008837],[638904.912534296,491148.033307112],[638858.061727343,491179.209178472],[638787.277671981,491234.403895248],[638732.846345485,491276.100313201],[638656.429411403,491334.659386427],[638600.557436136,491365.15604449],[638588.364846374,491369.959260332],[638576.724261368,491374.327724616],[638564.464372202,491378.30908592],[638559.097070223,491379.660834336],[638554.140557218,491380.983928748],[638544.856381517,491382.947490335],[638499.854301929,491392.084487509],[638453.006629958,491400.700510265],[638426.651960849,491405.582567742],[638384.47583874,491413.417618668],[638378.409021261,491414.390047603],[638363.120804209,491417.587767758],[638350.444119855,491422.177608224],[638347.100511627,491423.395249865],[638327.479855889,491432.11326956],[638320.887100142,491435.111157488],[638313.20054807,491438.60883123],[638312.198062327,491439.061139495],[638308.793177539,491440.68708548],[638296.612969206,491446.490628206],[638285.405935649,491452.541047771],[638276.805952771,491457.973477979],[638271.005187603,491461.62323496],[638250.87048782,491477.367001551],[638231.229112908,491493.714387328],[638219.527351373,491506.091093315],[638217.652174593,491508.089286095],[638191.155135681,491535.867228891],[638174.431408118,491553.385185203],[638101.076357462,491686.098078809],[638029.9542847,491866.852207643],[637982.759483044,491989.407638337],[637959.59500511,492044.967344035],[637902.577471413,492181.741274255],[637836.574589605,492341.516757092],[637812.808572534,492427.539532867],[637803.108777216,492486.181089663],[637802.508032189,492492.724438874],[637802.492243486,492492.934000939],[637723.471053349,492698.259344953],[637600.215002887,493018.521541228],[637578.162265096,493075.821796421],[637565.32093626,493109.176737797],[637555.097368723,493135.734057422],[637538.873056612,493177.885453525],[637510.582602036,493251.39320884],[637484.68377543,493318.687081965],[637474.815333598,493344.334207248],[637353.239229154,493660.232342128],[637298.293767481,493816.452752563],[637300.978591708,493818.086912294],[637310.605392202,493820.732854741],[637298.920112371,493854.589670482],[637289.608505554,493891.932028614],[637286.340562022,493899.821660785],[637272.484136931,493933.358488935],[637249.218985037,493989.65513079],[637244.031842162,494002.221687873],[637230.05776259,494036.035253266],[637207.146357819,494091.471662174],[637204.478007506,494097.927871182],[637236.842680123,494113.671910189],[637247.312251631,494200.910276703],[637240.545443158,494235.542957891],[637234.862239774,494264.61563445],[637228.899463768,494295.120570701],[637241.309335889,494301.273387155],[637270.666444372,494315.844364295],[637299.135846022,494329.970821647],[637335.822521129,494348.174282227],[637343.139922709,494333.426607003],[637366.044436006,494287.289907658]]]},"properties":{"NAZWA_DZIELNICY":"Targówek","KODTERYT":"146511_8"}},{"type":"Feature","geometry":{"type":"Polygon","coordinates":[[[629054.339461925,481288.156459298],[629036.268884018,481287.477977451],[629008.83311107,481287.001132576],[628996.839397613,481286.790273376],[628984.875936287,481286.570249096],[628958.617295017,481286.195873449],[628944.1236534,481285.986049344],[628927.201129006,481285.739221729],[628900.827274615,481285.191674567],[628899.088390735,481285.153705922],[628886.745512936,481284.913215609],[628872.853599932,481284.63999376],[628860.205863553,481283.85111514],[628846.460385929,481282.981956651],[628823.885565085,481281.739240272],[628812.915659613,481281.02664469],[628800.997892902,481280.237903783],[628789.729055244,481279.487063251],[628777.112676552,481278.649051982],[628753.800933927,481277.296011218],[628729.18720169,481276.017050005],[628724.169221335,481275.588637512],[628715.091114234,481274.808233537],[628693.165644713,481272.863459734],[628671.726752501,481271.042104273],[628661.051857486,481270.147654988],[628650.357254502,481269.242662503],[628639.889435744,481268.45392161],[628629.082165248,481267.645817187],[628606.074260196,481267.241121101],[628581.547023055,481266.814512536],[628571.606784514,481267.20027835],[628537.238474939,481267.552155166],[628506.092965711,481269.972853832],[628479.985970264,481271.352590669],[628479.563688695,481272.160908226],[628452.805286144,481272.142731796],[628445.048954088,481270.208839196],[628440.570131868,481269.085329214],[628409.138927946,481266.638345566],[628409.572441295,481265.060369714],[628389.388976227,481263.403642287],[628374.293982065,481262.15727232],[628369.401768938,481261.882323566],[628366.821287328,481261.541150636],[628361.58376506,481261.096682952],[628330.756774138,481258.496375155],[628330.711638293,481259.04510728],[628296.413092057,481256.869013474],[628286.223958639,481256.12795962],[628259.812672824,481254.039446186],[628253.636733234,481253.53909323],[628250.792326634,481253.340633709],[628250.64251703,481255.146425679],[628236.20024698,481253.438082295],[628232.751566874,481253.032961493],[628217.77110901,481251.259774174],[628200.358673207,481249.1995088],[628193.940101884,481248.432473768],[628174.673569855,481246.161069172],[628168.958639136,481242.723557421],[628156.112539345,481240.789257506],[628141.010253133,481240.532646531],[628137.34209544,481240.471456855],[628137.033653195,481240.052965566],[628117.363587929,481239.360363181],[628097.49368447,481238.662248214],[628063.598222708,481239.637144103],[628060.595669306,481239.73430953],[628012.51926124,481241.127982018],[628004.642416372,481238.850782801],[627994.389483219,481239.697902406],[627985.666355311,481240.187239427],[627981.747987321,481240.859116037],[627965.600758762,481243.683547067],[627965.862825202,481245.420702536],[627937.137361876,481247.838158372],[627927.090609974,481248.460974866],[627892.91022459,481249.977985157],[627875.699578493,481250.753166496],[627858.038192363,481251.555912087],[627858.215426827,481248.030952994],[627809.313441767,481252.891697601],[627810.050227213,481250.832112016],[627765.647045056,481255.366976644],[627763.912371454,481255.539115171],[627749.429055575,481255.319576981],[627714.927706021,481254.697823623],[627672.885253968,481251.228159953],[627645.530918519,481247.803692401],[627618.326464921,481244.383359978],[627616.213958044,481244.11509457],[627614.915438237,481278.137781772],[627610.587037055,481412.932467262],[627606.540908367,481516.106323561],[627599.293805889,481709.937895862],[627598.683928126,481735.669942556],[627596.394698049,481830.612624959],[627595.575314802,481862.488622191],[627593.712773393,481934.714071343],[627597.161791531,481934.019256931],[627597.017762141,481938.515086317],[627591.746062157,482120.901652423],[627591.476051942,482129.96380588],[627591.464198428,482130.393460019],[627590.478704119,482164.664768917],[627584.155112845,482161.180454865],[627577.821529708,482157.695865297],[627552.045003026,482143.475320845],[627530.800687037,482130.979745276],[627515.312901803,482121.862843398],[627512.626723392,482120.278802392],[627468.44594377,482094.281018354],[627471.581494224,482122.346285949],[627424.55632272,482096.150038142],[627425.309733429,482088.05118384],[627425.90388908,482081.737856495],[627426.941215037,482070.596970201],[627384.239172517,482050.079754325],[627343.688293804,482031.691798422],[627304.638001971,482014.0052162],[627286.317954306,482005.700150486],[627224.893852853,481982.02656764],[627218.659619811,481991.614137626],[627214.682416466,481989.344511786],[627192.937142657,481976.885138175],[627172.35327711,481965.097778271],[627172.156470482,481964.982353758],[627116.6966288,481932.08375555],[627070.86205249,481906.590383156],[627013.184626537,481878.320414026],[626921.113335795,481833.212345091],[626844.490824334,481796.460126825],[626838.804356379,481817.00229217],[626859.965211158,481862.243998691],[626876.480221826,481909.517443512],[626888.381431111,481958.023545755],[626895.405947108,482007.505062204],[626897.484584258,482057.570099805],[626895.129894932,482107.762818298],[626893.828858302,482115.776553184],[626887.158423905,482156.760625129],[626879.297036189,482189.082237184],[626877.570894626,482196.194284366],[626858.760220771,482248.442880535],[626880.593860111,482264.584528996],[626867.465930617,482280.841574793],[626861.005468755,482288.842958716],[626838.628902812,482293.105384721],[626831.141940251,482307.868132685],[626793.323702105,482382.531243195],[626760.533890746,482451.443341761],[626750.321790007,482472.920580045],[626706.333688338,482563.172687627],[626686.943249321,482608.525558343],[626669.834952152,482655.971293109],[626640.200287673,482751.509140627],[626615.389536522,482837.110539615],[626612.440768794,482847.218701289],[626610.649773208,482853.418992118],[626627.198442123,482858.875350542],[626626.410512002,482862.063459991],[626611.316649321,482860.417063581],[626609.272716054,482860.200677024],[626597.713830741,482893.16018964],[626585.216044334,482926.44377791],[626556.695709822,483022.182311698],[626545.392096944,483059.298660045],[626532.745127267,483100.887726933],[626525.028295116,483131.953326498],[626541.59689585,483132.700471565],[626541.598918283,483140.600154195],[626522.3117303,483144.517773489],[626513.395619803,483193.679422412],[626507.960131264,483243.537078397],[626505.915889088,483271.59934182],[626511.144522547,483321.651250158],[626517.956321247,483386.80613205],[626528.812354582,483482.241184252],[626542.629822719,483529.420241548],[626559.734018602,483574.900079681],[626570.996655853,483601.239627872],[626605.605179327,483608.844284132],[626609.799713656,483609.759988346],[626609.173841441,483614.322503262],[626608.47533486,483619.342992323],[626579.665468904,483616.488123936],[626580.79369716,483620.899049589],[626600.757059013,483660.968051988],[626627.305215414,483703.388657528],[626657.075322589,483745.008218685],[626670.759789844,483761.855057123],[626687.896399698,483782.96696104],[626712.440707952,483809.223046217],[626722.036736221,483819.497374346],[626753.181548663,483848.985459966],[626758.414316475,483853.949630605],[626797.018190985,483885.633459599],[626837.947729356,483914.571602033],[626880.668056347,483940.579305571],[626902.644772306,483951.895251968],[626925.035360432,483963.432611031],[626957.825886137,483976.766885905],[626968.775342197,483982.928765059],[627002.137144759,483995.128860625],[627028.014529524,484004.602542432],[627127.001571727,484037.522706694],[627235.201291156,484061.997505928],[627236.15752286,484057.784083149],[627237.526955561,484051.642149546],[627238.600295157,484051.881758901],[627271.874100183,484059.299657778],[627305.227017124,484066.749739966],[627337.904345443,484074.041187054],[627371.237285519,484081.490721074],[627368.651276945,484091.858896822],[627383.939272794,484095.530626497],[627402.19721537,484099.924284238],[627441.067133627,484109.286538639],[627444.782340324,484110.17902549],[627521.262470638,484126.35888984],[627588.976313822,484140.606927669],[627642.572455742,484151.895500936],[627646.996818031,484152.817557775],[627729.466041971,484169.022719786],[627772.918030389,484179.391398439],[627774.178882,484178.996210616],[627795.602185533,484181.017333558],[627807.518538143,484188.01588394],[627840.990798389,484195.129300144],[627923.669802309,484200.110749087],[627921.572116731,484214.162262835],[628040.182940526,484243.664284432],[628115.431250052,484258.830259232],[628186.268325886,484270.424653606],[628198.751663307,484272.459069679],[628318.276970545,484272.087605458],[628294.221625946,484245.864835723],[628300.519673547,484238.678937576],[628302.067275353,484236.951717506],[628327.345224334,484234.089423551],[628368.572740725,484229.40735891],[628372.244143972,484228.988694618],[628421.115336543,484223.437603797],[628439.884509339,484221.265658732],[628489.042447353,484215.832473486],[628491.992512461,484214.01395913],[628614.872351484,484138.468061632],[628668.795023502,484105.317456638],[628832.063344725,484003.317071424],[628850.124221454,483992.025922084],[628896.481009627,483963.086312318],[628975.711732354,483913.664669065],[628974.924647945,483912.472995494],[628972.484495648,483908.495813247],[628992.602087304,483895.87146069],[628995.887897841,483901.091931073],[629051.044945293,483866.695350835],[629208.649941567,483770.988180012],[629302.437897556,483714.038423013],[629307.001997543,483710.984484457],[629348.240977118,483683.423508595],[629358.337995172,483676.632389542],[629547.765147739,483550.004276846],[629550.854556122,483548.209593441],[629551.454011023,483547.866147706],[629566.209188748,483539.323622644],[629568.546504885,483537.96816933],[629640.777972372,483496.142880874],[629696.443019253,483473.779726202],[629757.282377152,483449.079427624],[629821.644806123,483423.176377248],[629826.265478633,483421.333945985],[629815.524557214,483363.759648318],[629812.311774542,483325.812371087],[629807.778482842,483271.939234965],[629807.339318214,483271.547131169],[629805.778364758,483270.134110516],[629813.343722843,483256.883344111],[629817.336994747,483249.87378552],[629821.348538365,483241.114794282],[629822.646683952,483239.730664427],[629846.710131729,483214.20557468],[629856.270017841,483204.049728517],[629895.642045205,483162.247628318],[629904.407581294,483155.149750466],[629906.729810002,483153.253895686],[629954.520903868,483114.373982547],[629957.814707605,483111.694963595],[629979.851437179,483096.563558271],[630006.930629112,483082.061263273],[630066.092733747,483057.264581705],[630084.52540305,483049.533459941],[630089.313803405,483048.13563353],[630120.134890812,483038.996387861],[630144.210652182,483031.870949137],[630155.935885427,483028.40459922],[630201.324782717,483014.977460655],[630236.227418982,483000.341019079],[630239.039669256,482999.168656584],[630245.493993956,482996.466840768],[630255.228757282,482990.845641396],[630290.455927672,482970.608343005],[630290.9446438,482970.291838763],[630375.968582346,482914.229769389],[630421.08882842,482885.89570043],[630448.543344003,482870.113763533],[630481.518026832,482853.594160471],[630546.847597532,482824.897695036],[630550.304102236,482822.483147704],[630549.661793217,482820.755483693],[630549.633746874,482820.684712238],[630548.879528156,482818.663970362],[630535.957820315,482783.948613505],[630540.858559641,482780.653944348],[630545.810913414,482777.300701186],[630547.799964011,482774.795666994],[630550.120890615,482771.85980432],[630597.477920229,482712.108470554],[630607.661192582,482698.929884187],[630665.677944851,482623.95315029],[630673.817377994,482614.178052587],[630691.436536158,482600.414642502],[630747.31133479,482560.667601732],[630760.675514121,482551.076648519],[630788.893039681,482530.835861702],[630820.508222148,482508.138895542],[630855.030140082,482483.382190653],[630881.207629333,482464.595057661],[630882.966852144,482464.983582807],[630905.629397265,482469.938692272],[630916.662700303,482472.343028521],[631046.100989396,482540.392109958],[631053.00088186,482544.01236679],[631072.359557218,482554.186160997],[631102.274736606,482569.911041652],[631119.277838809,482578.839886568],[631126.443383306,482582.617469702],[631138.853310452,482589.129663125],[631135.047544091,482577.745021405],[631129.27336019,482560.506256406],[631120.341576292,482533.760675025],[631116.115105815,482522.764414856],[631105.926590629,482496.264154062],[631105.105456241,482494.131566671],[631104.603667337,482488.397905386],[631103.590275077,482485.260045677],[631061.760358372,482355.550102485],[631061.612614848,482355.106040495],[631038.303601681,482279.345382825],[631023.672735384,482224.663483917],[631022.523107041,482220.301906824],[631008.667130048,482166.891351701],[630995.788411427,482125.177384941],[630994.695974241,482122.3673363],[630989.877204741,482110.004790138],[630986.102240839,482091.341246481],[630985.829150063,482090.003755471],[630982.407556205,482073.02990675],[630975.915531822,482040.851841392],[630972.705627387,482024.903800878],[630966.467807718,481994.022708851],[630962.401331749,481982.300900188],[630944.570259514,481930.890635166],[630931.819334741,481892.880093311],[630915.048784554,481842.899050731],[630890.309047179,481782.748491255],[630884.60179977,481768.881493116],[630872.232063965,481738.801222249],[630870.975822809,481735.76666462],[630859.687919021,481700.906399294],[630857.61790729,481700.909291818],[630797.830002199,481700.179889981],[630716.384903133,481694.663170028],[630625.533233631,481687.946985005],[630593.847175355,481687.842835722],[630574.625831867,481689.002519334],[630564.911277391,481689.904484251],[630479.546524579,481692.719349881],[630477.366619723,481670.969953826],[630477.373512043,481669.270202043],[630477.630781972,481629.858646168],[630473.879234747,481590.046510356],[630473.832376015,481588.845258702],[630473.668163518,481585.010859556],[630472.039818146,481546.167265645],[630444.081640205,481541.786120487],[630434.672503417,481540.316596768],[630407.062396837,481536.005052613],[630393.525510602,481533.371695308],[630386.702387071,481532.043508643],[630380.481336367,481531.001921786],[630349.106575038,481525.776553674],[630321.375124547,481521.151675195],[630298.182409205,481517.291982728],[630279.548687718,481514.18803516],[630263.104672702,481511.454483268],[630249.895945305,481509.250166215],[630237.921546237,481507.249894061],[630180.17875911,481497.637261001],[630176.21708598,481496.977992206],[630134.191655064,481489.978869935],[630126.747514522,481489.413526092],[630124.254467135,481473.215322557],[630121.76734442,481473.476700416],[630080.842078004,481477.707534178],[630040.438057066,481481.892747999],[630037.525481429,481476.552588359],[630018.142854077,481486.097533428],[630004.60942946,481492.763944162],[630000.244492899,481498.023338987],[629997.667166736,481501.192123959],[629983.842112951,481508.280473122],[629963.484058323,481518.748471667],[629957.05662871,481519.751119404],[629836.564754672,481490.978103073],[629805.595244432,481482.664039446],[629801.07264495,481474.789560121],[629704.564761221,481303.38347422],[629673.893645835,481302.377395603],[629671.006225578,481302.287744439],[629642.67855399,481301.51630521],[629560.617981175,481299.47259846],[629563.60339402,481305.434734016],[629523.789455838,481306.356362394],[629496.207271867,481305.385495817],[629482.720524021,481304.923457557],[629475.510557006,481303.844598497],[629425.269230934,481296.348886279],[629409.065070328,481295.071914709],[629401.156146718,481295.043734447],[629393.966648611,481295.035400026],[629383.38792723,481295.003568904],[629363.420844694,481294.562759089],[629310.105721218,481293.372014392],[629288.619581759,481292.899300056],[629213.672316339,481291.09181912],[629195.492437019,481290.750308766],[629138.433992426,481289.686293637],[629096.623638219,481289.032907716],[629074.477214773,481288.571978047],[629054.859046268,481288.170792377],[629054.339461925,481288.156459298]]]},"properties":{"NAZWA_DZIELNICY":"Ursus","KODTERYT":"146512_8"}},{"type":"Feature","geometry":{"type":"Polygon","coordinates":[[[635690.590773758,476784.073009122],[635693.833789991,476785.412399328],[635696.137737221,476786.355905273],[635721.165830464,476859.674707517],[635722.784714044,476864.42926131],[635724.635771819,476869.83020551],[635759.615375288,476972.102912128],[635759.939206791,476973.051824681],[635760.500595465,476975.177267235],[635862.900996038,476965.670767431],[635915.125589038,476961.120755483],[635981.457086496,476955.94970057],[635991.789118457,476955.144583367],[636050.706810936,476950.479107594],[636094.205546385,476947.598478137],[636093.632538487,476956.412540721],[636086.846388958,477027.364318132],[636080.562547526,477095.329989497],[636078.866822049,477113.672945606],[636075.739532224,477147.306188963],[636073.382194833,477171.510809911],[636072.015044426,477185.552892759],[636071.052554124,477195.436198601],[636068.247626236,477224.26840463],[636064.622553633,477261.447864769],[636054.733021109,477362.623582808],[636044.821595708,477462.778707583],[636033.756863333,477472.023470336],[636035.523325269,477475.052129318],[636042.551132431,477487.095717841],[636035.178749547,477557.181323646],[636028.880624606,477616.956711666],[636015.466460146,477750.574703715],[636015.004061709,477750.661952061],[636012.632667124,477751.076556166],[636012.044611845,477754.270290107],[636015.647476731,477754.889626371],[636004.994231447,477861.634168051],[635994.796278192,477964.921313023],[635994.351159872,477969.458966413],[635986.881597158,478048.141734726],[635975.182593125,478175.037098142],[635974.840830293,478178.727614677],[635973.332898903,478191.345830237],[635968.48804048,478241.931418397],[635960.253690404,478255.874125181],[635955.669034229,478274.177404823],[635954.713885911,478277.991004354],[635954.648146098,478278.199188167],[635954.221598916,478279.887398558],[635962.044270136,478317.862506548],[635955.769329868,478381.868439302],[635953.633491042,478403.839187496],[635945.19202897,478490.565006071],[635944.674897618,478495.900659408],[635939.554569857,478548.858604354],[635935.707255151,478588.651865892],[635932.726900546,478619.48917926],[635924.203798348,478707.722711571],[635921.223431517,478738.560022556],[635898.701437132,478748.798755608],[635892.268987944,478764.121115386],[635893.226535717,478788.867120268],[635864.363328696,478798.790977442],[635863.141867825,478799.207285521],[635864.054375589,478804.192368955],[635864.409772218,478806.172137645],[635864.80017772,478808.33286885],[635865.277829864,478810.955998577],[635895.687629872,478801.154792075],[635918.489985586,478793.803748105],[635917.294602616,478805.240597346],[635908.007698646,478893.973049038],[635906.814516367,478905.329959563],[635906.435556013,478911.819403511],[635906.421981461,478911.949027051],[635900.562539158,479011.285825182],[635894.740526611,479013.175232523],[635892.621489136,479013.866781542],[635889.009271006,479015.037143169],[635883.096226257,479016.964039219],[635874.412849895,479035.584261845],[635870.279562625,479119.828899205],[635867.605663666,479176.174238031],[635866.911625215,479190.824858409],[635835.581686458,479189.390832086],[635835.260281064,479207.571669859],[635835.157442753,479213.838730892],[635835.112943226,479216.17746528],[635867.908127671,479241.351517959],[635863.025637182,479305.985809151],[635862.295083693,479322.685388715],[635860.113338419,479372.424406393],[635857.926348835,479422.35327584],[635853.436576686,479512.267981806],[635849.988456747,479516.552812284],[635846.457367484,479520.945352599],[635842.332636613,479663.249266604],[635842.250102434,479666.966929536],[635839.446063713,479735.278476137],[635838.408974655,479765.629376418],[635837.487294422,479805.573302952],[635837.307820746,479813.16822879],[635837.337120455,479815.369000955],[635837.667148536,479842.197665294],[635839.314362876,479857.162853174],[635846.900532879,479856.572099129],[635855.030740687,479957.714695279],[635855.540712882,479962.428684485],[635855.742720695,479967.794168944],[635855.503904141,479974.277476565],[635852.549788245,480060.354596926],[635849.422235184,480139.667042505],[635848.446976046,480151.459950828],[635847.205989677,480162.73553813],[635845.483164499,480172.627857621],[635843.913459345,480182.044408161],[635841.848551818,480191.287302568],[635864.887964332,480176.793019987],[635884.229545496,480158.596800185],[635894.807659021,480140.168865745],[635896.547865094,480118.407215054],[635911.753711288,480119.636605371],[635911.893327015,480119.650456052],[635923.437259003,480120.588847614],[635924.055886934,480121.725892501],[635922.418608878,480137.580478813],[635923.464435354,480141.71925874],[635923.853036619,480143.219953197],[635922.709793792,480144.788394873],[635921.607525799,480155.747816256],[635935.760157759,480197.337513863],[635936.76489373,480197.165229664],[635942.295494788,480213.817511464],[635946.907277915,480227.164503233],[635947.389116212,480228.547771513],[635978.345301606,480217.79179142],[636041.418364167,480195.891845016],[636047.243969966,480193.872560732],[636052.774564327,480192.035136411],[636053.634166634,480190.598868667],[636103.888596567,480174.095259957],[636114.747391439,480170.144831505],[636115.033102922,480170.662704128],[636135.478236662,480163.576736644],[636169.213725929,480151.757418127],[636180.129720325,480147.908564086],[636190.813412949,480144.143301093],[636239.024413324,480127.403317702],[636273.594781703,480115.407021045],[636273.505883334,480115.004575013],[636273.970763296,480114.827400015],[636292.499118661,480107.98855225],[636293.013274171,480108.562725248],[636321.877944455,480098.589019552],[636327.238392829,480095.306919849],[636343.502630484,480085.355666108],[636350.408917194,480082.586195752],[636356.572194504,480079.926229992],[636363.03338087,480077.704474666],[636370.233372316,480075.163101583],[636376.362885365,480073.002196961],[636432.062231337,480053.418774408],[636477.338001804,480032.157866846],[636520.006017199,480013.354991772],[636565.479890062,480028.419031651],[636595.458720736,480025.545941127],[636672.398723243,479998.67844631],[636694.541056727,479990.969272763],[636777.538175979,479962.028851454],[636881.385146437,479925.833575492],[636912.039445112,479915.149200427],[636918.724535467,479912.423619056],[636964.514069398,479896.466757265],[636980.907360082,479890.538979782],[636985.551759891,479888.927098436],[636989.80260272,479887.444360625],[636997.364809952,479884.822968583],[637004.917025077,479882.20130081],[637010.591385504,479880.227831284],[637010.672150491,479880.200059228],[637016.255478154,479878.264078363],[637023.807693702,479875.642410257],[637031.349917142,479873.020466425],[637035.60048495,479871.547720432],[637035.74175479,479871.501617394],[637039.895502277,479870.276197896],[637047.440757629,479867.544338748],[637054.965477405,479864.831912822],[637060.318983437,479862.889592682],[637060.601798733,479862.787394313],[637066.265616625,479860.833633007],[637073.827549969,479858.222231892],[637081.389207888,479855.620822921],[637085.568728002,479854.186116379],[637085.63950073,479854.158068712],[637089.481212624,479852.644045946],[637089.834800674,479852.513799892],[637097.368411281,479849.841617908],[637104.902022056,479847.169435786],[637110.052376164,479845.341510444],[637110.557226385,479845.165436904],[637116.212155214,479843.171430226],[637123.755483089,479840.509515641],[637130.894710455,479837.996453596],[637131.298535537,479837.8575932],[637160.361123613,479827.599293346],[637160.52265366,479827.543749177],[637168.093203416,479824.982583386],[637175.411465981,479822.504458131],[637175.674296811,479822.401708498],[637181.070805397,479820.350574096],[637181.272580171,479820.286140014],[637186.882855952,479818.460898789],[637186.973613263,479818.433402293],[637194.57303808,479815.913031949],[637202.152478508,479813.39211029],[637206.42137946,479811.979867479],[637206.532396934,479811.942929887],[637206.560791113,479812.36370809],[637220.737397515,479807.404771164],[637234.8732086,479802.474708239],[637274.262637243,479788.701265512],[637299.212629251,479779.989508871],[637302.514279897,479778.84058446],[637305.36364163,479786.83908115],[637311.433394184,479803.886296392],[637328.344799425,479850.96219622],[637335.013542455,479869.495918245],[637336.350736663,479873.22275756],[637341.811123686,479869.943398577],[637364.171720144,479856.860276988],[637435.045231851,479821.535436719],[637437.062981319,479820.891095369],[637446.968418713,479817.064339224],[637455.336429698,479814.595164274],[637472.837165567,479808.397919147],[637509.233064257,479792.941919045],[637509.298600802,479793.103724868],[637537.266402462,479780.845232731],[637552.540712742,479748.776850754],[637558.430875174,479727.739528099],[637576.232961236,479662.031212201],[637576.063919004,479661.9965503],[637584.315440058,479631.844447182],[637585.861792054,479625.087166944],[637586.82261689,479621.793701326],[637640.76925082,479626.97151411],[637801.999751438,479642.848151276],[637829.858707731,479644.326497724],[637833.351994791,479552.473730268],[637843.610578599,479553.246655383],[637843.602586608,479553.536432174],[637871.140895541,479554.675930099],[637871.159982182,479554.346459649],[637881.134230968,479554.551548297],[637881.010483603,479557.588106506],[637898.122341074,479558.240046946],[637899.358045553,479563.834075032],[637900.926757039,479562.067356923],[637902.282242647,479558.604773981],[637905.56358337,479548.76536626],[637918.257765511,479542.445531769],[638012.156534783,479495.685686419],[638024.108148264,479525.355042867],[638033.469091306,479548.523009287],[638036.904776665,479557.017689459],[638054.481728356,479600.632074578],[638111.031814399,479718.810708858],[638080.59414559,479805.390457032],[638166.462709999,479772.05907328],[638225.670755077,479760.872170604],[638289.298071451,479756.237096675],[638414.84997415,479757.219900561],[638415.931247978,479800.319392056],[638450.690895336,479840.567788855],[638510.431647929,479846.325455514],[638509.54397335,479882.86070391],[638509.418993632,479888.117218183],[638527.337382544,479891.071406316],[638532.224873915,479891.886203039],[638570.064563287,479890.79987311],[638581.693837268,479890.460624252],[638599.916048304,479890.013216863],[638615.40649631,479889.630463799],[638622.515310127,479888.946537759],[638632.248587128,479887.375003512],[638639.61037514,479885.858060444],[638646.857145314,479883.797948714],[638654.005094742,479881.69511159],[638661.033892338,479879.198990712],[638667.881654918,479876.377878782],[638674.73465398,479873.36691244],[638681.145990595,479870.053766482],[638687.659935763,479866.283453517],[638693.918489962,479862.34609756],[638700.158988755,479858.338243922],[638705.96443932,479853.788394671],[638711.573074851,479849.123117658],[638729.322732969,479843.692706821],[638736.924221046,479833.122432953],[638788.791721827,479794.043238115],[638810.66332201,479800.506433384],[638829.778550651,479806.113611889],[638832.296209972,479806.92304597],[638853.417631915,479813.755550195],[638856.567911089,479814.832430949],[638876.013928999,479821.498728137],[638896.675091991,479829.428533321],[638913.509599857,479836.512801909],[638937.413739823,479846.872039117],[638955.099740215,479854.989788563],[639001.910595826,479877.790748433],[639142.915311211,479946.479449273],[639158.538000219,479953.630306153],[639174.000883033,479961.136754277],[639189.294518455,479968.978533398],[639204.409465288,479977.135383252],[639219.345172273,479985.627288572],[639234.101914959,479994.444257043],[639248.660535394,480003.555760443],[639263.020206718,480012.991775851],[639277.181480075,480022.732318588],[639291.114653956,480032.766569519],[639304.839437401,480043.105072223],[639318.346113599,480053.737558761],[639331.604705431,480064.663202339],[639344.615212834,480075.882002969],[639356.560326463,480086.571421538],[639368.217386111,480097.552894627],[639379.637180299,480108.797823202],[639390.78973191,480120.305380449],[639401.675316487,480132.065574012],[639412.284217223,480144.068135922],[639422.626426416,480156.313341784],[639432.661698976,480168.81008151],[639456.460280402,480208.376330175],[639497.916808441,480267.229554349],[639538.43913392,480322.247042195],[639609.608806878,480423.399714964],[639621.343758021,480440.983335576],[639629.151625491,480453.748654047],[639636.537127314,480466.962321513],[639641.086161562,480475.697766927],[639645.441552149,480484.927869611],[639649.630655393,480494.023386316],[639653.558097703,480503.541684407],[639657.387269847,480512.997272368],[639660.908126617,480522.754355231],[639664.005375131,480532.279754652],[639666.982785027,480542.161847524],[639669.328811985,480551.00652852],[639671.909974206,480561.477689959],[639674.163798697,480571.489824075],[639676.295509527,480581.578589783],[639677.928979951,480591.603612697],[639679.830121236,480606.426002916],[639680.87928229,480617.694904651],[639681.204011335,480621.87384782],[639682.695681841,480640.664930516],[639689.158746866,480722.122934793],[639676.705264887,480736.389372085],[639731.689540976,480715.926116994],[639862.112348803,480670.493799144],[639865.302582057,480662.871818199],[639863.825776559,480662.031084844],[639891.472917403,480628.053782801],[639914.830952009,480606.008135784],[639932.421134058,480590.773371509],[639940.914008381,480583.417651895],[639962.751837696,480565.730054966],[639976.352320265,480554.835226752],[639993.895783345,480540.569165384],[640006.546028377,480530.408122648],[640023.878549703,480516.176239868],[640035.48945258,480506.716525278],[640048.587631374,480496.267835658],[640059.729514197,480487.135181826],[640078.757082781,480471.270051701],[640102.287275753,480452.409120847],[640117.964100794,480439.471557626],[640131.871247655,480428.335177005],[640145.714717119,480416.607040009],[640159.703386984,480405.052906636],[640173.009613591,480393.949947772],[640186.940258886,480382.324211911],[640200.876967922,480370.478642566],[640217.314177628,480356.802045223],[640229.03989002,480346.805485761],[640252.984784078,480322.335982069],[640268.386223326,480306.330813889],[640287.504607238,480286.448171273],[640324.052526689,480247.366295419],[640348.772692229,480223.068159353],[640363.303286657,480209.2689588],[640371.030467719,480201.032099143],[640382.652533262,480190.442670183],[640388.652902351,480184.628178185],[640401.453166319,480172.291246641],[640410.98303471,480162.144108301],[640423.066397646,480150.057401181],[640425.333900975,480147.609945303],[640426.776657194,480146.059740552],[640432.455834075,480142.826385496],[640423.5860278,480140.281742309],[640422.110942204,480139.741057251],[640416.012405752,480137.512850583],[640397.389740231,480131.80920935],[640393.488292622,480130.411601823],[640389.353437232,480129.137556403],[640385.139469613,480127.831328995],[640384.484932943,480127.633275909],[640358.369548926,480118.402977403],[640355.062690557,480118.651768174],[640341.302327644,480113.952238758],[640323.790199215,480108.229230867],[640304.957628261,480102.159804017],[640272.465724558,480091.353637181],[640242.941292894,480082.089318026],[640195.757888102,480066.987947422],[640146.105955322,480051.108497035],[640134.425118375,480046.426330288],[640122.878804271,480042.667872471],[640109.443514114,480038.147315626],[640066.223038624,480023.665260316],[640063.537633232,480022.41119557],[640037.257781469,480013.706378169],[640000.741244955,480001.619228008],[639998.559720039,479998.049066862],[640000.578356341,479991.934757892],[639985.852259604,479986.71860454],[639968.915113141,479971.75149179],[639967.649430639,479966.156596306],[639986.458359652,479933.92544735],[640004.659412616,479903.067525323],[640005.790953096,479901.198738749],[640030.398203968,479867.577507987],[640059.322608772,479827.895355396],[640089.364015528,479787.234004826],[640093.320800832,479789.163131657],[640105.906788488,479789.670260604],[640111.275891643,479782.088359065],[640124.02282511,479764.06996259],[640087.141030275,479752.172765675],[640067.516609799,479737.831543963],[640063.532192982,479712.611705834],[640067.051470342,479694.508807601],[640097.791659088,479657.516708067],[640118.523011362,479622.658552014],[640126.057292325,479627.216339436],[640138.926570951,479625.791278417],[640133.092236355,479666.920287919],[640117.272272914,479708.253887973],[640158.456104229,479720.439732001],[640175.415814523,479689.267543315],[640191.783037752,479662.899001957],[640216.432469125,479632.098889508],[640232.98230835,479605.635378154],[640238.22989206,479605.360107154],[640256.029588382,479587.241050798],[640277.886636137,479563.053902407],[640303.276265753,479533.334185908],[640293.093175414,479518.943358412],[640272.387965454,479493.752350843],[640279.241491307,479482.02138566],[640320.702960233,479508.434842817],[640346.445495653,479479.334849676],[640347.891298684,479480.574722854],[640370.831983674,479453.717448448],[640372.632072534,479455.527091985],[640386.506493675,479439.049759759],[640383.864492377,479436.94689707],[640410.44199917,479401.139926345],[640429.594677864,479375.298168917],[640470.103390311,479323.855410458],[640485.468797818,479305.529188117],[640454.427001208,479268.973117883],[640448.255519043,479262.862920715],[640441.80549539,479257.425041329],[640435.004381645,479254.927476764],[640434.385912866,479249.070425618],[640444.380701399,479247.446071602],[640505.248219307,479286.694698101],[640525.44385757,479256.031691864],[640557.133576675,479207.815683037],[640558.073126411,479206.381595332],[640558.396669486,479205.89051848],[640567.031928878,479193.008673859],[640571.005203883,479187.088254198],[640576.073425935,479179.538032238],[640579.7237089,479174.088704349],[640577.12537086,479159.887052584],[640572.95540281,479137.042062132],[640572.876973667,479136.259899559],[640570.955938433,479116.716930049],[640571.474165115,479116.781221862],[640597.905656059,479119.990157901],[640612.310135252,479128.167407134],[640614.792145379,479124.10585841],[640624.227394699,479108.686072226],[640628.824870711,479101.162865218],[640629.685307703,479099.696595054],[640634.994988013,479090.643029572],[640640.314936113,479081.579746941],[640641.059945215,479080.310293316],[640645.655971117,479072.477045542],[640648.720080168,479067.251549424],[640653.296672193,479059.39776531],[640666.99343897,479035.945501176],[640669.407430503,479031.812075148],[640674.465921635,479022.801579971],[640682.226937463,479008.985615369],[640688.778201563,478997.336287353],[640689.62932841,478978.439761702],[640690.137766592,478978.133783388],[640703.046292864,478970.209773802],[640710.291535821,478953.339582779],[640719.995410534,478930.717194536],[640720.98893377,478922.974593701],[640722.400387504,478912.043518379],[640725.413934193,478909.376624944],[640732.383751642,478903.218835989],[640738.626196824,478897.690987584],[640739.661332591,478896.779534114],[640742.828623266,478893.976880249],[640746.9838059,478885.811469593],[640753.348373705,478873.316987712],[640755.885986344,478868.326968281],[640769.296905812,478846.536804854],[640777.023470376,478833.969881544],[640782.791858538,478820.248956043],[640792.861573593,478796.326646743],[640794.471486007,478792.341042823],[640799.84052417,478778.959102876],[640803.201547866,478770.58178839],[640802.789589421,478763.400425913],[640802.628306945,478760.545977477],[640817.316438076,478751.911031645],[640820.89127753,478741.21961207],[640826.483630284,478724.4538273],[640831.400541085,478712.599416974],[640842.306074176,478686.290148679],[640847.653280523,478674.787603462],[640856.327613855,478656.136806384],[640860.196869615,478647.823504419],[640860.341158556,478646.217482741],[640861.718116865,478632.185448605],[640862.012002496,478629.143551662],[640859.408948204,478622.001764926],[640859.260367574,478621.587667388],[640857.12276429,478615.698716898],[640857.859934491,478594.769036698],[640862.560946495,478598.358676144],[640863.951761293,478599.417030556],[640865.783650379,478596.447546494],[640868.460949834,478591.83137517],[640872.421121011,478585.660580217],[640876.008889919,478579.939515756],[640877.928506091,478577.052450707],[640878.627481783,478576.001725511],[640878.919669169,478575.559782805],[640882.093137261,478570.357293395],[640885.917069115,478564.412740998],[640887.630774852,478561.739997581],[640890.942497257,478558.051321245],[640900.754448877,478547.101893962],[640902.936260861,478542.322057804],[640908.106181571,478527.094616697],[640918.378902094,478496.897882168],[640923.178042839,478486.050217607],[640924.070122648,478485.974817744],[640930.667591928,478472.286741969],[640931.507287742,478471.209896852],[640933.929105,478464.61667688],[640937.589574241,478451.907609867],[640939.853093349,478444.89002408],[640941.8495296,478440.305074782],[640950.484765824,478420.533186332],[640951.285173361,478418.705257045],[640952.786107304,478412.506642275],[640954.067802143,478403.741979846],[640954.941215493,478397.816060695],[640955.977596019,478390.694634601],[640958.146828803,478375.854442119],[640959.200292857,478368.113486514],[640958.518256464,478367.824678591],[640960.651170375,478346.323479347],[640961.161358422,478335.437540015],[640962.392645509,478310.731475075],[640966.355649558,478273.270728859],[640979.961163401,478253.12589145],[640984.861223838,478245.871006766],[640988.937440689,478239.843405068],[641012.937888717,478220.245208696],[641024.337725867,478209.009552118],[641037.566361208,478196.004322469],[641039.153517278,478197.558090214],[641047.077360598,478203.946598605],[641051.280412963,478207.462502507],[641080.504663393,478204.408365536],[641081.062164042,478203.773738037],[641081.464818707,478203.314840817],[641088.671806375,478195.08356573],[641089.890038319,478193.69715713],[641094.959434974,478187.91694],[641093.340616221,478183.522295571],[641093.219256676,478183.20894869],[641089.880795355,478174.086879367],[641108.775075287,478149.997862411],[641109.11626881,478113.327225855],[641093.018040894,478079.173278119],[641094.774030534,478074.241693453],[641099.944076672,478059.734239257],[641102.057920635,478053.792520903],[641144.546265922,478089.394173927],[641156.609062297,478073.336781684],[641161.768170475,478066.479033512],[641163.802732806,478063.775132331],[641178.938183412,478043.632459667],[641179.680726202,478043.90293546],[641218.194021222,477994.46484993],[641221.683034012,477989.061049237],[641222.06208194,477973.501476514],[641237.659272743,477955.471531075],[641249.094096651,477948.406827652],[641273.641697373,477915.493654491],[641283.771027483,477902.462939961],[641306.986017137,477866.743008424],[641330.053395535,477831.299001685],[641339.995696479,477818.523125238],[641341.739595339,477816.931208238],[641349.019351847,477814.401934657],[641377.742438964,477779.113868632],[641351.1556948,477749.980712565],[641380.399057081,477735.717030319],[641389.260485502,477709.191315713],[641398.540491509,477677.277129585],[641426.987694058,477667.951496183],[641441.162610624,477701.502424393],[641450.048082137,477685.347390525],[641508.065184249,477592.976890492],[641590.043117989,477462.49691703],[641510.859443682,477408.58347218],[641478.860348214,477390.051131176],[641452.730970367,477363.550617998],[641483.387344169,477311.095760982],[641485.795404934,477307.902148827],[641497.976569801,477287.187959451],[641504.14030426,477276.897881256],[641507.954554977,477269.853030606],[641509.811855905,477266.324231437],[641512.750078874,477259.13522629],[641515.859752066,477251.530947188],[641519.54602934,477244.412567278],[641535.454539742,477216.541124641],[641537.01372039,477212.944104912],[641539.402071189,477209.739947933],[641577.625464794,477143.973659667],[641579.305655993,477140.33997542],[641581.537709061,477137.00150767],[641584.052379399,477133.930832813],[641619.937925235,477071.350076593],[641622.473406604,477068.249974498],[641624.471129548,477063.255040186],[641625.448766351,477060.801987939],[641630.804136359,477050.08961188],[641666.860302822,476983.133527102],[641668.737310711,476979.615267695],[641684.408189895,476951.657245369],[641700.157078255,476923.771371149],[641708.7264877,476908.197588623],[641715.600331833,476895.727066929],[641733.771332471,476860.147941535],[641749.83935431,476827.940842588],[641752.766266797,476825.151530095],[641755.47723203,476819.676254945],[641750.987150185,476817.50245386],[641750.799497864,476817.417279908],[641755.133036708,476786.096655142],[641755.733341203,476781.733191481],[641755.904544597,476778.787901964],[641758.456940443,476734.088125601],[641764.985674076,476619.517746095],[641780.737038679,476592.991920267],[641836.37107549,476602.645772175],[641842.929921987,476603.776602305],[641883.207617641,476610.757076288],[641891.207930962,476612.197648895],[641901.980228143,476593.254568141],[641904.534015194,476588.764958552],[641917.460825602,476566.031260958],[641931.743603769,476540.904935686],[641961.475843152,476489.684438963],[641972.643074673,476470.562236806],[641987.651289208,476444.875899917],[641998.693575766,476425.570249066],[642002.287026943,476419.279291964],[642008.474784008,476408.479839047],[642011.441966219,476403.141619772],[642007.445364093,476400.841427566],[642007.880499719,476397.753411224],[642069.81533466,476415.360974422],[642071.529055126,476406.158180586],[642076.042139058,476394.802553249],[642082.123909595,476392.200210781],[642093.111170831,476391.213115068],[642098.505967738,476385.961821503],[642105.905740733,476381.25580541],[642115.89020126,476381.821069865],[642125.88453011,476379.126591776],[642128.223739979,476379.881084904],[642147.459729308,476394.901470955],[642149.576024666,476396.84982417],[642158.008274691,476401.12231322],[642165.406069435,476401.566265793],[642168.040069783,476401.058880454],[642178.15373439,476396.937685809],[642180.177895161,476394.973480881],[642184.57620534,476381.614675604],[642193.308409371,476368.11535033],[642197.414056646,476359.568498436],[642200.522736239,476359.25419999],[642201.255017331,476343.574313886],[642200.13305803,476340.743369295],[642194.985067894,476323.621364146],[642188.02471152,476313.839429335],[642189.527010346,476309.040823371],[642188.184340216,476303.333780807],[642183.601560802,476293.27739221],[642175.092348848,476285.992770171],[642175.578097092,476284.696155597],[642185.897545518,476289.070669897],[642193.276482988,476286.934087682],[642192.861307992,476288.572649553],[642191.451069966,476288.943772847],[642195.934501184,476300.427429466],[642197.323827895,476306.255758998],[642199.616682565,476308.32898],[642207.20300753,476323.698198845],[642210.057843524,476329.326930176],[642212.314634943,476334.159170399],[642216.957543635,476342.397209607],[642220.383476789,476348.711689131],[642215.239187205,476374.619990699],[642212.528125273,476382.275286022],[642212.256450041,476385.237810362],[642212.738891974,476388.051124274],[642213.90991165,476390.55342015],[642215.773440892,476392.964807448],[642218.402858121,476394.437305092],[642244.004649578,476400.543152472],[642252.740358001,476402.513997672],[642255.536367245,476401.571076466],[642261.504796587,476387.845552732],[642267.079838598,476372.429174776],[642268.129322631,476368.458088269],[642277.129821448,476359.736179234],[642285.852259509,476351.306605307],[642292.238767205,476340.552620153],[642299.105188237,476325.811844998],[642301.682365602,476319.022860309],[642303.859994801,476316.932884328],[642316.828975864,476302.100347563],[642315.599502894,476298.816435714],[642318.010814783,476288.612860221],[642309.905329367,476283.369375745],[642304.031442778,476280.607426368],[642310.359796241,476266.521818872],[642311.574142226,476263.825282965],[642316.74093885,476240.727606169],[642320.527023569,476223.821896272],[642330.03422415,476198.533864888],[642331.958986956,476199.086930379],[642343.212931762,476161.946990432],[642316.247844145,476153.783567695],[642295.03392076,476176.0488491],[642291.55261594,476179.72289382],[642287.239233845,476186.374014385],[642280.482982162,476187.68776214],[642285.496886614,476178.115939363],[642290.333879626,476164.079216691],[642290.942216449,476162.325978685],[642273.872870784,476156.495377169],[642262.752193768,476153.978786994],[642245.458431446,476146.131989879],[642241.046299103,476145.120350278],[642221.192393011,476140.542991313],[642218.933196768,476140.150707427],[642215.781041555,476140.953811968],[642213.891966396,476139.831728187],[642207.129804498,476138.09529923],[642195.639609205,476135.198521505],[642195.113216028,476137.244019408],[642194.010665197,476136.973622789],[642193.560755247,476138.421226375],[642188.518397511,476136.692209506],[642186.950281762,476133.358963793],[642173.920022928,476131.189733038],[642161.038824996,476129.054611955],[642150.656642157,476127.318386142],[642143.767059035,476125.488444611],[642088.286542047,476080.518752967],[642088.806798819,476078.333085938],[642091.753640119,476072.644299779],[642101.481655157,476075.982496299],[642111.957375963,476079.041304566],[642174.02686254,476097.932524506],[642193.052317635,476100.277030683],[642213.338577322,476104.406303595],[642232.296392913,476108.478954071],[642239.972276473,476110.08057141],[642251.892398731,476111.529193741],[642265.297140397,476113.898748886],[642274.488793059,476108.76211998],[642276.662085606,476103.202005886],[642289.398050308,476091.743054577],[642295.198502611,476084.472925116],[642303.460178526,476076.070640647],[642304.489349132,476073.198998275],[642304.438107906,476071.067574866],[642306.425881938,476072.962383376],[642310.924346547,476080.63643598],[642312.60506292,476087.502804936],[642312.545215562,476097.2912049],[642314.072336038,476101.023323676],[642313.41441416,476104.575204133],[642324.319568343,476109.105861614],[642335.384651533,476112.550922744],[642350.852227486,476117.357359684],[642369.798107444,476124.039697399],[642380.249192669,476124.727818106],[642382.257250714,476124.07317306],[642388.791359993,476113.043247321],[642392.675765116,476103.090279648],[642395.506504845,476094.35827079],[642398.190810902,476082.23220663],[642412.868835908,476055.826707168],[642414.177456738,476038.102686882],[642417.993365299,476028.457830814],[642420.560046405,476024.588567536],[642421.681628309,476021.629470956],[642423.155723551,476016.040078015],[642422.894711708,476010.272851035],[642421.992253993,476004.557941138],[642420.343391825,475998.712453901],[642417.096988829,475993.502929656],[642415.309538177,475991.233641429],[642413.033834327,475988.900892871],[642410.405364202,475986.668419947],[642408.183430347,475985.287158918],[642396.057462784,475980.422848071],[642384.155963867,475976.484730614],[642374.094557364,475974.357350035],[642374.34466646,475971.814231502],[642374.551575606,475969.749924579],[642384.836619424,475968.843454004],[642385.869148356,475968.751917886],[642395.729075414,475968.393730713],[642398.277552448,475967.723982566],[642407.452358869,475968.276913112],[642430.823221785,475969.701199947],[642435.531345746,475967.230978157],[642437.355931688,475965.251266749],[642438.294969625,475962.747139996],[642450.0363645,475924.610610742],[642454.539589223,475909.984672022],[642430.227720539,475901.704411217],[642425.506990309,475897.014247405],[642423.091742296,475895.027654531],[642419.306349708,475892.683288468],[642416.382068511,475877.602591969],[642413.528635872,475862.853850683],[642413.493624424,475862.672884535],[642406.9967953,475829.183604309],[642419.330460019,475822.523572166],[642421.778448156,475813.891009253],[642420.530761215,475809.816592022],[642421.149336641,475806.603626891],[642421.522914182,475806.473924628],[642425.248697157,475805.176626499],[642427.617908941,475803.391928992],[642428.613518931,475800.64936007],[642431.048862739,475793.926458592],[642436.034921022,475777.383818765],[642468.554013889,475787.580328725],[642470.596208732,475788.22662954],[642469.997431224,475770.770025394],[642470.986684984,475770.797296257],[642474.037092505,475771.871392709],[642483.430186481,475774.300345382],[642487.081345806,475762.650930928],[642489.735793127,475753.7840557],[642483.754866936,475754.179182384],[642484.338781641,475751.135261935],[642492.410441898,475727.497638528],[642496.250154845,475716.263423364],[642500.608972449,475703.973511929],[642486.180002616,475689.785672488],[642485.419037999,475685.104668833],[642483.400658732,475672.34895705],[642471.637196526,475658.324599799],[642463.228891876,475653.182783077],[642453.190106781,475645.156004001],[642437.249499694,475644.086570934],[642433.386007118,475647.84008835],[642428.44498304,475640.983844103],[642429.79080264,475637.870926711],[642437.137476225,475620.943356246],[642439.999794168,475617.232239856],[642445.006321591,475608.290202841],[642459.151847953,475611.720163157],[642463.156859149,475606.460537742],[642464.506164501,475605.397727321],[642465.400347397,475603.432365788],[642466.239904167,475599.0954852],[642466.223718601,475596.055022104],[642465.325736112,475590.540237323],[642463.583637638,475588.802204383],[642461.209886404,475587.486761456],[642457.74660536,475585.791282107],[642461.279006527,475576.998608671],[642462.519040372,475573.732773688],[642464.668074149,475565.061966388],[642472.962291248,475554.390547331],[642473.843603454,475553.254835434],[642473.856759442,475556.405215693],[642481.33448442,475559.391365126],[642481.142662143,475564.536106179],[642480.686771644,475577.083609385],[642498.062876913,475583.032637991],[642493.426412583,475609.384976799],[642500.414838543,475625.767715652],[642505.653510355,475633.072168921],[642511.20953773,475640.835373458],[642518.640966305,475648.040273391],[642518.981887851,475648.369673309],[642537.154465203,475656.260674095],[642543.965697453,475657.668444535],[642547.474629452,475657.34517184],[642550.024989362,475647.175416986],[642548.496134518,475632.623186711],[642564.059465442,475634.682225066],[642569.835936931,475634.811462838],[642572.584037047,475622.547145627],[642580.984785466,475607.648635695],[642583.712225314,475606.653815438],[642592.888529235,475591.916684701],[642603.170092734,475578.44002856],[642608.412099708,475566.034456314],[642610.692538498,475567.107325947],[642619.042173749,475553.337410443],[642635.146674743,475533.951231616],[642636.933815487,475530.790476799],[642642.39905018,475533.141146617],[642650.652800212,475531.918663052],[642652.714876881,475530.75549933],[642654.379306302,475528.78136898],[642655.734026909,475529.698719055],[642661.412388259,475523.955213765],[642675.460133413,475509.892367294],[642682.60826128,475503.069370095],[642689.721652912,475496.055413825],[642694.772007142,475486.974574494],[642699.65727714,475479.529194526],[642704.492109919,475472.462426376],[642716.854537904,475460.043128709],[642723.512882204,475452.486623354],[642716.115183681,475447.322666443],[642713.320568046,475445.675620002],[642687.037857118,475433.071035775],[642665.077860876,475422.54562555],[642655.437290617,475416.759840099],[642659.79015606,475410.489791198],[642663.8554729,475405.581824098],[642661.686204538,475405.192024268],[642653.837861715,475405.855683275],[642656.002358954,475402.065325723],[642656.762512202,475393.716228212],[642660.776756817,475378.326788118],[642647.120544057,475373.470316349],[642638.512240231,475371.593011805],[642630.25518579,475372.935409388],[642613.812635346,475370.12214365],[642601.529918347,475370.943568233],[642580.77340813,475369.361393311],[642560.506013201,475362.73267174],[642547.416146195,475358.371816726],[642533.689563028,475352.803403689],[642523.714146576,475350.458412508],[642517.027628387,475348.154081911],[642516.306933377,475344.914197071],[642515.647922117,475341.976014316],[642520.798744222,475332.877947235],[642541.141088971,475338.23872462],[642549.454650618,475340.287903938],[642552.860352302,475340.081782587],[642555.978077831,475340.527726838],[642558.860467704,475341.167185085],[642561.81012668,475342.268500359],[642569.359761181,475346.636635535],[642575.061433595,475348.753817578],[642580.033075435,475349.420867427],[642587.495672307,475350.416583736],[642592.544775041,475351.175769436],[642597.702616906,475351.617950716],[642612.626726761,475351.109338619],[642622.310576197,475350.246273778],[642632.920801557,475351.328756784],[642635.259377943,475347.753199018],[642640.96252198,475347.640408413],[642651.392133525,475349.107915035],[642655.109933198,475341.570351535],[642658.435700023,475334.831986229],[642659.196428596,475334.442953661],[642668.044048135,475335.25684747],[642668.203961021,475330.181223973],[642667.033650814,475325.838936852],[642672.121274627,475319.759141526],[642672.962679648,475314.992305484],[642667.653956959,475309.865936553],[642663.13424114,475305.501321792],[642651.787757353,475298.478508504],[642641.436189883,475292.003124292],[642635.336027825,475285.114929285],[642631.220600824,475282.77147202],[642606.070786539,475274.778161943],[642592.563084362,475269.975789855],[642585.892141789,475267.83189089],[642582.938350601,475266.880463264],[642569.861258279,475263.869972288],[642562.494561071,475264.836913201],[642563.197156085,475262.566267094],[642566.953193237,475254.729757104],[642566.533250232,475252.188166363],[642569.269287994,475253.783595166],[642585.683512361,475256.536072909],[642601.030976408,475260.259151267],[642606.942063611,475261.672100181],[642617.110844847,475263.532416166],[642622.994633017,475264.484609916],[642633.867095649,475266.574324629],[642649.634259677,475274.298997798],[642657.843768407,475276.495308649],[642664.903606312,475282.669953302],[642672.627616104,475284.702880544],[642681.42562565,475285.865407567],[642691.477758667,475288.692515425],[642691.570213617,475294.045097672],[642699.337970986,475302.109269423],[642701.937573191,475304.300942253],[642703.126508024,475306.153727409],[642705.914208203,475306.600574221],[642708.620637808,475306.005174165],[642708.959432714,475306.77451806],[642712.614028807,475308.78527115],[642712.066245163,475315.960216965],[642715.744038648,475320.031622781],[642716.664003069,475321.846993566],[642716.884537568,475329.083118885],[642717.257179254,475333.703420419],[642717.88529424,475338.850767578],[642717.553733629,475344.711665385],[642717.263918345,475349.783708879],[642717.24334879,475354.883174441],[642713.842984741,475356.709453249],[642709.987149502,475374.333277239],[642716.999062823,475375.716573641],[642720.202666766,475376.674889035],[642725.954427143,475378.063448687],[642727.577140044,475378.328181453],[642731.5606315,475378.927992673],[642733.93297898,475378.843387332],[642736.189073934,475378.98557888],[642738.541512767,475379.260427061],[642740.641737031,475379.978325668],[642745.003811203,475379.178563724],[642748.522538558,475379.225559889],[642755.895258496,475372.598750196],[642759.789097928,475366.656047345],[642763.337332501,475360.553816507],[642767.974013315,475352.331575213],[642771.982897185,475344.392029997],[642775.155197455,475337.779432488],[642778.061985207,475331.72951958],[642781.131805169,475324.844095092],[642785.686892798,475316.679604003],[642791.692757182,475305.585084422],[642798.089001367,475293.751320429],[642797.275495633,475291.338879842],[642789.349309452,475283.580340679],[642784.06950608,475277.404760609],[642783.857523063,475273.848893756],[642789.369375482,475270.880809695],[642791.090958048,475270.098260346],[642794.047873751,475268.759759543],[642800.329912837,475262.882886277],[642800.871742139,475257.73778765],[642800.394123967,475255.474606941],[642799.348388416,475253.505767944],[642791.63378649,475250.043090589],[642767.643635483,475242.061745713],[642759.440703892,475238.175605373],[642752.103888647,475234.793343117],[642738.246472989,475231.431340075],[642731.645978936,475230.359389827],[642725.022225052,475230.856808511],[642719.686627617,475232.509742723],[642718.331936103,475233.042403891],[642713.489076183,475234.958922076],[642711.689482511,475235.669320566],[642704.368489965,475237.517528167],[642694.167492842,475240.816357072],[642685.515099602,475243.077866752],[642673.546033024,475245.217950892],[642664.12198642,475246.088180889],[642661.336841975,475245.911406819],[642656.889443323,475246.178815179],[642642.990240908,475244.695672218],[642638.207903786,475244.053842383],[642634.22748938,475242.254110632],[642631.69916565,475241.104409987],[642657.785859814,475239.053481034],[642660.312975293,475238.433137503],[642661.966262415,475237.588705368],[642662.952058658,475237.015875432],[642669.811852021,475230.494926037],[642669.325250917,475230.371512054],[642669.596975709,475230.309001791],[642674.599591833,475229.126892109],[642682.922355701,475226.126291223],[642686.178615893,475224.086037562],[642688.756138023,475221.637071818],[642706.127643981,475211.065851823],[642706.178432668,475211.037251633],[642706.849779854,475210.625754741],[642726.35969022,475204.103504507],[642755.159937016,475208.817414538],[642781.98045341,475207.716715717],[642803.726234898,475196.266062471],[642828.111331897,475164.888025714],[642855.127801953,475158.492687745],[642877.522710649,475112.609683252],[642855.87211988,475105.732844203],[642841.116316544,475075.465899979],[642846.543061834,475046.925291953],[642886.236726906,475046.439423839],[642928.327447477,475053.679683653],[642938.839373189,475033.659297352],[642937.586339518,475012.364607019],[642955.246117727,474998.591288874],[642967.46326443,474976.567887594],[642982.859761547,474952.392105062],[642998.312279484,474927.997862623],[643017.023178499,474894.593365373],[643035.448828283,474866.821043181],[643055.383309293,474837.640296119],[643065.970312836,474804.011861079],[643074.106432742,474771.865879895],[643054.995355575,474758.83901367],[642952.188803451,474775.375423173],[642952.392900083,474758.900931398],[642961.494865689,474734.161636443],[642984.43880191,474730.034019925],[643007.039559203,474720.21690198],[643109.859645817,474698.110800383],[643117.38809772,474676.038139855],[643134.372237096,474643.966029368],[643147.70522726,474610.483267723],[643157.745906236,474581.799795034],[643168.088456126,474539.624535203],[643132.694528833,474536.128954307],[643103.61791872,474538.537541601],[643073.852495532,474551.787224236],[643059.125028486,474581.441515498],[643052.881817317,474618.199708344],[643025.035967592,474651.782439686],[643002.894292046,474684.852386622],[642989.865771919,474670.2831727],[643002.452077534,474645.749912855],[643016.888159017,474624.127657751],[643031.080263485,474589.588580559],[643028.67271511,474557.571985645],[643037.040257494,474532.992437024],[643059.333497311,474510.38673096],[643032.017992273,474507.313820332],[642987.249761421,474512.679927881],[642972.245978631,474531.31651717],[642953.929273435,474545.34175837],[642938.468348611,474565.32575331],[642931.231794379,474582.976417449],[642903.992004574,474596.385702597],[642887.303624947,474623.895911064],[642867.995914177,474642.673859808],[642841.915805526,474656.095101117],[642812.265861932,474679.668011378],[642802.564601423,474675.720586996],[642812.959639003,474650.506940253],[642834.420389708,474636.698373383],[642857.38045795,474591.350916034],[642886.454841006,474589.022275686],[642915.09382795,474571.651528956],[642914.063030973,474551.362975623],[642917.551446464,474536.909025129],[642925.769062227,474531.555487737],[642940.58969709,474517.023882386],[642961.399726766,474501.427351529],[642930.05543959,474491.053347367],[642894.532303744,474477.734145152],[642849.99726952,474449.60645535],[642849.980289178,474445.505959637],[642849.960752614,474441.135391645],[642849.927419882,474433.274419831],[642891.464155042,474452.269403534],[642929.44484101,474457.696283397],[642968.810398497,474462.221328604],[642986.00038005,474472.385200851],[643003.84585278,474461.306986772],[643014.036475071,474444.597743698],[643024.790126637,474431.044041088],[643048.36328761,474434.563799949],[643079.478376174,474427.131350644],[643086.53067755,474425.235714523],[643093.844711606,474423.277291803],[643102.680280278,474420.900802881],[643108.835814702,474419.250451321],[643105.096555049,474448.247609234],[643139.112067877,474451.685186468],[643169.481471747,474453.892259011],[643175.9369213,474446.440128571],[643182.593335535,474389.973151142],[643196.317496657,474393.091444473],[643198.000546507,474374.477685717],[643184.254694389,474351.828641664],[643189.203540342,474349.695025493],[643193.039166469,474348.040730362],[643196.773490676,474346.433643467],[643215.354871497,474348.565802239],[643223.492233907,474344.310050986],[643226.738140325,474344.459516134],[643247.241612043,474312.774378558],[643257.541042237,474298.648136619],[643284.07433491,474258.989120145],[643298.236480864,474234.969256256],[643298.112362135,474234.755833571],[643335.00629452,474164.962109668],[643350.984645529,474134.912243731],[643350.147278058,474121.029048003],[643318.654287534,474118.951042213],[643308.08898557,474107.529754147],[643301.733916332,474108.074604784],[643292.712018898,474113.945997927],[643257.35126767,474129.201532938],[643210.087249243,474149.289031715],[643169.147796141,474130.390534324],[643103.237415705,474136.554000407],[643059.67089033,474136.053242288],[643001.82073081,474141.848852729],[642976.814753904,474136.979617538],[642929.687288986,474142.680757942],[642868.57168196,474139.966305627],[642827.147504414,474128.134517329],[642823.968182584,474089.286632978],[642891.716726372,474098.063928441],[642949.646827059,474098.800561593],[642999.450597149,474089.24314827],[643036.161641903,474072.52482755],[643072.67973841,474067.161269545],[643121.569278943,474064.288700279],[643165.871557587,474065.669732804],[643204.095655672,474066.98324336],[643231.535114166,474065.559495083],[643273.467008949,474056.79511475],[643311.141108508,474054.843438699],[643354.870394243,474050.528629694],[643387.586788829,474040.510243579],[643413.299710155,474028.438814675],[643433.436031647,473998.463531805],[643455.274676225,473958.245072704],[643473.793654972,473911.845061282],[643484.829671833,473883.328968507],[643496.78283818,473851.288119405],[643504.805168254,473822.178958896],[643481.74591688,473813.073358539],[643492.922825929,473767.470993243],[643520.747257213,473765.867823564],[643533.54798491,473749.880469296],[643542.844310703,473720.626412647],[643519.263183915,473690.906252024],[643524.724612213,473675.61663129],[643567.895043695,473679.606436389],[643587.759149679,473642.453546977],[643588.755648185,473640.040988049],[643602.8969555,473605.890403335],[643620.041244513,473569.092551453],[643635.917971937,473541.63984936],[643662.871507633,473512.49239702],[643647.419403179,473500.226433888],[643644.884769939,473498.21656262],[643652.095549661,473477.145088559],[643689.306299409,473479.670608385],[643693.325332595,473478.981362915],[643695.002933131,473477.61758316],[643695.873619199,473476.141564466],[643712.334785826,473448.164952088],[643722.36620249,473437.231303209],[643750.581701312,473421.438740735],[643766.746432614,473415.10416175],[643778.179869014,473410.629211021],[643784.82177961,473408.022229173],[643829.622132908,473414.556942011],[643848.736862132,473408.223659515],[643863.073913152,473401.078700645],[643876.33078994,473393.213965451],[643893.699900739,473380.552508996],[643877.293729906,473365.530222899],[643897.864809759,473346.266939663],[643908.537165876,473334.210932401],[643918.616422769,473321.178569292],[643943.994132415,473282.807546454],[643975.396175844,473225.412339163],[643992.626326493,473199.286897998],[644013.811895178,473167.160394197],[644017.258006248,473154.965233441],[643950.552372035,473145.346858921],[643941.129744852,473143.987176249],[643898.098011062,473146.211330929],[643881.963405918,473143.106662147],[643874.169991631,473139.961859623],[643866.999772104,473137.064233727],[643823.209966859,473106.197169669],[643794.640933548,473089.459703743],[643785.193247,473083.929292064],[643771.8603667,473081.851847038],[643661.694559074,473046.825592344],[643626.852612578,473035.635325569],[643555.069646644,473021.567029051],[643502.752161917,473005.855145646],[643467.066738576,472999.871690392],[643424.13448017,472995.948549264],[643380.931883082,472994.577980719],[643256.156466464,473008.889592043],[643223.674262571,473008.234455578],[643219.743197302,473005.006099478],[643191.522070318,472992.338294982],[643152.55114526,472973.854210826],[643050.535034238,472925.422549928],[642926.219385752,472850.116224688],[642894.938588287,472823.284035592],[642869.418452999,472795.340590753],[642790.785890509,472688.363035288],[642789.012535234,472685.944152267],[642764.889861424,472647.569172546],[642672.912704268,472430.433310677],[642650.614606024,472388.988626411],[642632.136886916,472357.329277728],[642609.702742514,472326.990919975],[642591.690821197,472309.274494195],[642429.49883515,472229.474834431],[642429.516406521,472236.095352665],[642421.183943168,472234.005740424],[642408.189619885,472236.337692939],[642405.546733387,472236.804870392],[642345.152137414,472256.920790883],[642314.090644169,472275.114973616],[642267.11344225,472313.110682013],[642207.891395605,472374.86907067],[642207.510385405,472375.268573487],[642146.61470297,472407.40069441],[642026.912689925,472497.092566891],[641886.817704194,472577.092379441],[641801.811148257,472632.48008625],[641733.674679299,472672.262599658],[641695.914667942,472688.952107677],[641676.021715903,472699.943953631],[641611.759515321,472747.193214958],[641529.469665638,472810.68570256],[641434.137659209,472874.618748981],[641348.655259682,472917.883152292],[641315.985487249,472939.282887744],[641245.278223231,472993.974437067],[641197.247965964,473036.800878353],[641058.872955875,473129.147613513],[640923.454037676,473210.025725358],[640898.198382509,473226.559719316],[640792.788946073,473281.694774485],[640770.798918359,473271.898760686],[640711.553750521,473290.956030622],[640689.363611126,473298.944492832],[640638.988877869,473312.90621486],[640515.838247389,473349.582281072],[640477.757494632,473366.302792179],[640451.417260896,473380.826860117],[640372.732218849,473428.548291801],[640246.333414828,473548.25458354],[640223.023853743,473596.862074587],[640156.998675993,473648.942307287],[640107.455989298,473694.036795182],[640064.956995189,473735.005405555],[639962.530380663,473808.912271931],[639910.804910822,473833.426609939],[639899.381292869,473839.001749472],[639891.651610593,473831.008740154],[639803.103701589,473739.508626662],[639794.44843027,473728.09012528],[639788.586538945,473716.548611349],[639783.331277063,473699.323837359],[639776.232909958,473665.158329647],[639788.302410852,473653.201009628],[639783.527988375,473647.919445412],[639769.262196584,473632.166337481],[639747.806032869,473608.445094733],[639721.497710228,473579.360151323],[639716.596966706,473573.94510862],[639692.423350935,473547.228993885],[639673.189346366,473525.968995461],[639660.495777329,473511.949222048],[639641.950222796,473491.108199837],[639641.174240881,473490.236817729],[639595.808861959,473439.276787215],[639594.063384497,473437.298691452],[639563.26419835,473402.440038815],[639550.269322934,473387.741975144],[639535.017273685,473362.781753104],[639519.392318967,473337.201259568],[639520.645377017,473335.275801384],[639529.982807217,473320.853196938],[639527.887674759,473316.685476093],[639516.229965755,473308.984236913],[639515.106532641,473308.383279039],[639491.959412934,473295.945426912],[639481.950366086,473287.929626185],[639470.864231832,473288.154103839],[639467.992568164,473288.214963751],[639465.69102,473288.271535423],[639463.389747233,473288.318114728],[639461.038512667,473288.36331715],[639460.781777682,473282.076271699],[639460.07491604,473281.236795397],[639404.894976166,473215.566424478],[639402.493699942,473212.710262748],[639361.50901708,473163.901030055],[639335.94841925,473133.44677722],[639378.37331208,473098.426114224],[639358.564924702,473070.430373137],[639332.882553416,473069.432619791],[639303.004770657,473068.269249683],[639297.900327801,473068.068581786],[639268.411975114,473066.925943715],[639259.641439327,473066.584245909],[639256.518043927,473069.248156397],[639255.688402947,473069.235293096],[639212.29167978,473068.399364284],[639169.59415235,473067.59270392],[639169.384588288,473067.57692881],[639125.162602122,473065.118266997],[639103.855169699,473063.941080627],[639080.670829041,473062.652170955],[639079.372924906,473062.576403584],[639076.177850977,473062.398354358],[639069.696119853,473062.099731699],[639061.756331837,473061.730928136],[639051.430024612,473061.236357325],[639041.103167007,473060.76177125],[639030.75660043,473060.276642121],[639007.70409357,473058.921366408],[638984.733809296,473057.848354961],[638980.900957424,473057.952728039],[638933.092927564,473055.715242341],[638886.430210759,473055.099308973],[638838.193705888,473053.170013949],[638795.221245068,473051.455785052],[638790.226726674,473051.258146842],[638786.522046455,473051.066054128],[638772.85216983,473050.33934301],[638756.885157095,473049.509327905],[638739.510326827,473048.60051662],[638727.777313914,473047.987181186],[638716.293834561,473047.390722345],[638716.123964804,473047.386041086],[638704.46089918,473046.774633327],[638697.731019904,473046.409173154],[638692.738155353,473046.151581069],[638692.65821665,473046.149378125],[638687.755558592,473045.884272021],[638681.764286562,473045.569166138],[638671.259507283,473045.019678217],[638658.408181448,473044.345524848],[638657.239904161,473044.283329785],[638645.596825513,473043.672473005],[638632.665837467,473042.986124472],[638587.191860115,473040.602965504],[638494.338302836,473036.404129841],[638445.879317588,473036.018694894],[638440.885080422,473035.81106485],[638397.42470508,473034.023393813],[638376.817968183,473033.185518133],[638365.058296983,473032.451450039],[638360.066814844,473032.143896846],[638351.721215506,473031.623912345],[638307.308040579,473028.849993292],[638300.300037385,473028.416869792],[638244.147188323,473024.909434939],[638234.673561253,473024.318365099],[638204.605325638,473022.449758678],[638213.556160245,472818.11826178],[638216.010029598,472762.456384172],[638195.28138971,472761.325170861],[638192.954830982,472761.201058518],[638184.504356206,472760.85819012],[638172.517976935,472760.367883421],[638093.268103543,472757.124008267],[638088.324935125,472756.877790674],[638052.535324962,472755.0615463],[638034.490499073,472754.15429007],[638022.897130441,472753.554815048],[638016.733523921,472753.324965529],[637987.32496028,472752.194558848],[637974.69825478,472751.716606888],[637961.622171061,472751.216271572],[637942.782450812,472750.48710888],[637937.457924862,472750.290381818],[637912.834034276,472749.351825778],[637888.26038264,472748.404654371],[637871.817720123,472747.781547019],[637854.196241296,472747.115955275],[637836.545061941,472746.43954523],[637818.224674305,472745.734694029],[637779.765302455,472744.274876906],[637744.692501308,472742.938383094],[637743.771556991,472742.973004091],[637726.122078791,472743.686626455],[637720.388698267,472743.448633108],[637715.394473085,472743.241008492],[637667.989444928,472741.264680254],[637642.009652378,472740.178761967],[637617.428233658,472739.151378412],[637603.734019726,472738.584010634],[637574.987466941,472737.381849827],[637560.743953813,472736.789345299],[637533.036328933,472735.625814219],[637506.337102684,472734.520071254],[637480.087532213,472733.426719527],[637465.834306684,472732.823947725],[637451.660744853,472732.233371126],[637442.051735483,472731.838578491],[637439.574747486,472731.73032094],[637425.38147767,472731.12920144],[637397.015200014,472729.917521028],[637371.685480914,472728.829518288],[637350.810399137,472727.934270605],[637338.764650392,472727.422329897],[637326.789398891,472726.892332138],[637314.363944029,472726.369927987],[637307.602191466,472726.073596764],[637301.19988619,472725.797170662],[637276.799182906,472724.74476902],[637255.484447028,472723.837406251],[637243.958576546,472723.329792089],[637220.81635561,472722.332070258],[637208.640712376,472721.816550379],[637196.475337285,472721.291313607],[637185.508211117,472720.829096427],[637162.085109275,472719.863634178],[637139.58129958,472718.923504797],[637125.906816842,472718.366681862],[637112.222893159,472717.789599053],[637100.296510771,472717.300948004],[637088.050651121,472716.793493336],[637062.110878311,472715.708680739],[637036.500853083,472714.632955058],[637012.308907985,472713.626306861],[636999.14431279,472713.073535248],[636986.309188089,472712.539842688],[636971.366518858,472711.918073381],[636963.935015966,472711.613286315],[636956.383881258,472711.29520272],[636928.416238017,472710.134509441],[636914.442271982,472709.559434379],[636900.788059497,472708.993170731],[636886.274787133,472708.393234327],[636870.902730369,472707.749632902],[636870.023685357,472707.715409385],[636857.501080342,472707.090330527],[636843.011374254,472706.361045427],[636813.12294252,472704.867425874],[636784.672024468,472703.463419076],[636541.281598898,472691.266449384],[636500.790658078,472689.870655918],[636458.601705059,472687.678082227],[636424.631433102,472685.891986056],[636418.789814882,472685.591012409],[636386.616777606,472683.90444169],[636385.368571088,472683.840045692],[636383.571065598,472683.750512983],[636381.600479623,472672.886374102],[636380.809769361,472663.114732687],[636379.838996054,472651.168162341],[636362.318261981,472645.03543677],[636335.128161983,472651.586059075],[636246.269513427,472672.997045269],[636132.98877772,472700.304919892],[636075.014952241,472714.267097563],[636035.402473242,472723.815330684],[636055.737164379,472815.804204143],[636066.008809326,472862.186513839],[636001.096910875,472877.897429885],[635867.276494549,472910.289085383],[635889.653265626,472997.844272046],[635902.84068987,473049.456829615],[635915.811422725,473100.223434418],[635938.357695679,473188.88330405],[635990.210670009,473392.668964838],[635992.600114139,473410.1045307],[636003.993744461,473463.66765782],[635926.12892638,473484.571373064],[635880.817283062,473496.632388378],[635858.034179753,473505.104345571],[635846.551711417,473517.537679547],[635843.056942781,473521.341299534],[635800.695867235,473578.372856952],[635796.957821419,473584.109737914],[635797.590041033,473592.73701493],[635801.370167949,473604.340998421],[635847.182501422,473699.291996134],[635903.855848665,473808.712121829],[635938.036775869,473874.69308831],[635940.420626812,473879.268714332],[635976.947273505,473949.394280646],[636017.196988472,474026.66236221],[636027.335594884,474037.591621683],[636029.355046963,474039.787245597],[636027.041198943,474045.733375452],[636026.103849824,474048.177500801],[636025.263040497,474050.384290796],[635994.622138074,474144.768231866],[635960.866550841,474248.756148194],[635953.406082098,474274.900089239],[635931.872900594,474341.7854751],[635921.416972274,474374.296742701],[635910.666738606,474407.689881546],[635903.78810584,474429.049931186],[635894.722090041,474457.209575656],[635894.343718614,474458.239129423],[635885.018660348,474483.461681091],[635876.590708283,474506.248999104],[635865.537442618,474536.12383478],[635862.900304899,474559.240759338],[635871.256656533,474577.87077812],[635958.644079596,474695.457554641],[635959.714384372,474696.897032832],[635960.726663624,474698.264912796],[635998.870337534,474749.625466966],[636087.034313822,474870.963690717],[636124.772301497,474922.893097626],[635966.51521892,474924.330768221],[635910.411711305,474924.854283478],[635708.018591905,474926.905340729],[635697.472026607,474948.554253897],[635650.645290902,475044.601811886],[635643.437147662,475059.412860335],[635628.895719454,475089.221502299],[635613.219291158,475121.388813367],[635600.384387286,475147.694552115],[635583.595128717,475178.151211469],[635582.584367818,475179.993316791],[635581.521166822,475181.923975],[635529.489494054,475276.338010536],[635518.54256323,475296.185894475],[635507.205536362,475316.763010542],[635505.875849074,475348.675786115],[635485.131143897,475391.303169718],[635485.173387772,475398.114212098],[635485.436482183,475428.110926847],[635486.104818759,475501.448036191],[635486.159379156,475507.449432708],[635486.507560116,475547.418314895],[635486.527649411,475549.228836264],[635486.55072135,475552.019422298],[635486.861776779,475589.70732216],[635487.057993449,475611.972332591],[635485.358943833,475624.635268019],[635482.931600278,475642.678029952],[635483.031046135,475653.580576075],[635483.230253268,475659.775956675],[635483.366021423,475663.919625203],[635483.52778623,475668.933994796],[635485.380348737,475726.154040467],[635486.545376461,475762.245511472],[635486.230447227,475827.355664802],[635485.922817,475892.926011379],[635485.84490526,475909.173572973],[635490.357632563,475925.757683787],[635495.00843099,475929.715826836],[635501.349320158,475935.120536866],[635504.793267759,475942.955340503],[635523.501423246,475985.450335677],[635546.953113005,476038.695918292],[635547.442132237,476039.819379968],[635548.618713406,476042.481769512],[635543.159526074,476043.181255586],[635593.941774778,476160.229197325],[635704.327495175,476409.868136155],[635738.515504811,476486.089395368],[635803.509225587,476630.99884223],[635788.245300316,476648.197720107],[635768.523403909,476670.403603019],[635756.840835828,476683.561285462],[635717.87156074,476727.446130802],[635698.213059788,476758.233604463],[635693.12978916,476776.853135725],[635690.590773758,476784.073009122]]]},"properties":{"NAZWA_DZIELNICY":"Ursynów","KODTERYT":"146513_8"}},{"type":"Feature","geometry":{"type":"Polygon","coordinates":[[[655224.457709617,480556.617601356],[655236.209297766,480518.149851958],[655247.375029018,480481.706039745],[655248.881044745,480476.777337008],[655032.59408556,480459.970963651],[655032.67464527,480458.863132207],[655036.385484168,480406.992981778],[655040.09383341,480355.212765941],[655040.383681569,480351.230568257],[654935.257270953,480341.490579375],[654882.55885081,480342.067117602],[654803.702738045,480337.80196309],[654740.773972097,480334.386146681],[654736.560564281,480334.139923967],[654733.575685919,480303.856167888],[654699.617267298,480276.548269655],[654667.04806957,480250.358746225],[654655.562026195,480241.131516819],[654654.698569853,480240.167656641],[654623.324507333,480160.85861698],[654618.946109415,480143.027023231],[654595.696386368,479995.408885145],[654589.994099301,479936.018842466],[654579.750170052,479854.562515753],[654572.16239295,479811.321231613],[654558.42184188,479732.998626616],[654488.052463883,479651.274105782],[654305.532215479,479579.547103389],[654241.302363957,479349.545264019],[654225.564977814,479326.580215623],[654223.315942726,479323.278041992],[654183.103257793,479264.566402719],[654141.083564197,479203.204827093],[654279.180442953,479097.298366543],[654421.146838266,478988.878400094],[654517.612953931,478915.205207007],[654628.776560849,478830.406747668],[654740.736308174,478745.750185532],[654725.728163218,478697.064031665],[654713.766609496,478679.693366294],[654710.353620219,478674.719016981],[654603.412904306,478519.352809392],[654480.251226796,478341.508388789],[654468.548998046,478324.524920939],[654458.952537446,478310.599660907],[654386.635311288,478205.570733326],[654338.713716995,478137.006203439],[654295.523299316,478076.022497066],[654293.213190433,478072.758650173],[654269.453914254,478091.91439],[654165.154752968,478174.762207221],[654075.144778012,478246.783495541],[654068.810127201,478252.019056556],[654064.297190703,478255.744782287],[654060.237166396,478259.002975724],[654053.385440314,478264.494289644],[653995.968070187,478310.363086282],[653970.751167283,478330.518638811],[653916.31977736,478373.999641696],[653904.271745581,478383.337833676],[653854.648932727,478421.801191946],[653796.186665277,478467.121090041],[653790.658187909,478471.408830109],[653689.702659212,478550.868433768],[653691.930610938,478554.210015864],[653795.131383888,478709.192619202],[653685.166643637,478778.453261381],[653614.40710737,478823.653946091],[653576.033669294,478846.926754846],[653482.284090562,478907.32407279],[653464.869168281,478918.354301416],[653446.35517943,478930.074249669],[653430.558329498,478940.089053301],[653355.087895368,478988.579888066],[653243.803457646,479059.644004699],[653242.551191586,479060.449504741],[653209.168730141,479081.519797759],[653204.405556814,479084.528569166],[653187.398624626,479095.270016017],[653153.262643514,479116.829541548],[653152.875751196,479117.078882524],[653107.767991353,479145.576119081],[653102.689254378,479148.786194365],[653097.620785859,479151.986552312],[653092.043306633,479155.512886502],[653052.136407248,479180.723401886],[653051.322100335,479181.240966779],[652951.253458805,479243.773892942],[652815.680794684,479332.508713882],[652811.495860585,479330.143205391],[652793.539064142,479319.847574145],[652752.073036287,479296.073061825],[652722.794905558,479279.64496855],[652683.885194534,479257.821043381],[652646.777988437,479236.99687293],[652630.794751599,479228.025732128],[652557.753234795,479186.999781367],[652556.620873946,479186.358528081],[652479.089346926,479142.788673909],[652438.792169387,479120.14648908],[652402.551948518,479099.796280163],[652372.516521982,479082.907322748],[652367.879915651,479080.239353474],[652326.4752624,479056.416598239],[652248.764241574,479011.741817922],[652164.950302677,478963.538625533],[652130.150514966,478943.53818981],[652093.638441402,478922.530500962],[652055.729082271,478898.884184237],[651802.124034814,478740.614711865],[651794.82927149,478736.063381162],[651788.025682725,478725.305364646],[651762.269601085,478684.513599908],[651757.516832944,478676.992259007],[651757.290857186,478676.846022094],[651682.994730048,478628.375452803],[651632.962161114,478595.764571073],[651628.77716538,478593.039067199],[651628.089521078,478592.590088513],[651627.323312476,478592.088941455],[651598.158931281,478572.263990468],[651573.251018849,478555.836541486],[651570.095698748,478553.849459458],[651506.623818626,478511.767664712],[651505.582772995,478511.078932531],[651504.836274533,478510.588329782],[651500.456109149,478507.687440033],[651495.732259517,478504.557064847],[651471.968185779,478541.663100922],[651433.215012753,478533.024152122],[651395.982469745,478524.727149763],[651369.226083191,478518.759117061],[651358.720228448,478516.419330041],[651358.630844755,478516.396864445],[651321.248970379,478508.075747299],[651288.737372168,478500.83897028],[651283.936774186,478499.766553959],[651246.604321363,478491.466804344],[651238.53760187,478489.524293164],[651201.407765135,478481.13012985],[651048.811624042,478447.071061267],[650976.051840109,478433.554229127],[650968.062386456,478432.073867625],[650931.946896237,478425.337745898],[650895.681794665,478418.587499669],[650859.29761114,478411.803970147],[650822.743555322,478405.015757779],[650773.394780456,478395.844651273],[650770.35022935,478395.280678557],[650765.813656523,478394.425553447],[650758.759392295,478393.120987731],[650755.903876676,478392.592228917],[650754.431289335,478392.321613126],[650696.862549503,478380.96377159],[650677.487359406,478377.139372509],[650658.191561279,478373.337163871],[650649.30938317,478371.592179677],[650599.126988269,478357.837944427],[650578.651138269,478352.223138106],[650560.746046854,478347.309244126],[650556.398990768,478346.109334804],[650549.173331767,478344.13002259],[650498.206329304,478334.89430899],[650474.304923919,478330.565088832],[650450.273890483,478326.222294406],[650408.112991348,478318.589465445],[650365.723367539,478310.910329967],[650339.393667787,478306.154139896],[650278.315978816,478295.119580893],[650273.718630196,478294.292783575],[650246.274713568,478289.325865265],[650218.731423296,478284.336206886],[650191.078766688,478279.323532891],[650177.207609859,478276.810959887],[650163.356163537,478274.308930949],[650135.544179535,478269.271864521],[650107.662249032,478264.232870161],[650082.815423752,478259.737585761],[650062.11820259,478255.986749276],[650049.381261029,478253.685460505],[650041.471221943,478252.227298376],[650020.825896005,478248.407891719],[650000.190288606,478244.598753863],[649924.254650319,478230.574424272],[649912.215550821,478228.352382653],[649878.078537569,478222.040875179],[649852.846424046,478217.37496794],[649813.286814258,478210.063906827],[649798.312546229,478207.300914445],[649758.641921478,478200.026795776],[649711.211915585,478190.9086625],[649695.574203576,478187.907370631],[649676.539682375,478302.285939372],[649596.265537116,478278.051670801],[649593.686999733,478277.270544988],[649436.135069818,478229.664695127],[649329.295794095,478198.337738177],[649251.939614582,478175.634028889],[649042.484410943,478113.956694135],[649029.895457055,478110.279460603],[648986.487329819,478097.112149161],[648985.069123119,478096.683031347],[648983.184842648,478096.111057964],[648971.016410176,478092.415420894],[648825.419705282,478048.269509014],[648829.120158012,477981.889742186],[648833.066981626,477910.926642874],[648834.901452156,477878.126334439],[648835.078456955,477874.971129335],[648836.086810621,477856.898441977],[648567.602953472,477721.501865358],[648532.618839428,477703.846787349],[648485.242136316,477693.890214196],[648376.768041078,477671.088684532],[648029.561752234,477598.103435447],[648021.490417734,477627.521605994],[648013.065388542,477655.259981678],[648003.91668002,477682.768396308],[647994.045118905,477710.016871765],[647983.450705338,477737.005407882],[647972.164244011,477763.70485316],[647960.176569044,477790.084953974],[647947.477687966,477816.145434639],[647934.117839706,477841.877680059],[647920.078416849,477867.231175812],[647905.359419589,477892.205921779],[647890.001369771,477916.783034721],[647874.004267594,477940.962514544],[647857.379483611,477964.694673494],[647840.116749849,477987.989228595],[647822.256863714,478010.817304025],[647803.800100965,478033.168907099],[647784.766722644,478055.034596216],[647765.147838513,478076.374125251],[647744.982868257,478097.208581641],[647724.283182467,478117.488277742],[647703.048505819,478137.223206192],[647681.309643087,478156.384215747],[647659.056601857,478174.971030884],[647636.329903986,478192.964768572],[647613.139817872,478210.355711774],[647589.497163014,478227.114158209],[647565.421373784,478243.260644316],[647540.923545227,478258.755475204],[647516.033379882,478273.609470257],[647490.751429049,478287.802644318],[647465.118214539,478301.316114459],[647439.113751282,478314.1493297],[647412.797995217,478326.303943497],[647386.161780547,478337.749702562],[647359.244802382,478348.497701894],[647350.207788176,478352.008582508],[647320.575038835,478364.051719784],[647291.252208479,478376.823416753],[647262.249565098,478390.313956176],[647233.597637472,478404.504179314],[647205.285881668,478419.413795697],[647177.3653628,478435.004212485],[647149.835805092,478451.285422161],[647122.708027614,478468.227722317],[647096.01145687,478485.851924737],[647069.747470422,478504.10806625],[647043.95548737,478523.01723423],[647018.626341538,478542.549175204],[646993.780017907,478562.704440223],[646969.447320749,478583.453878085],[646945.627698687,478604.81747397],[646922.342790066,478626.735823315],[646899.602036117,478649.229186886],[646877.425972929,478672.278130589],[646855.825143986,478695.862944786],[646834.80954164,478719.983905061],[646814.390260512,478744.601316588],[646794.587009997,478769.725723156],[646775.410884724,478795.317429972],[646765.969164427,478808.427324176],[646756.871877052,478821.376712671],[646738.970537883,478847.883586138],[646721.737120358,478874.828884571],[646705.162182787,478902.192347294],[646689.266536866,478929.944547771],[646674.069892002,478958.096029871],[646659.563633252,478986.596555162],[646645.757477438,479015.456391965],[646632.672511864,479044.636121194],[646620.31872894,479074.136018594],[646608.676694441,479103.935547988],[646597.787205323,479134.005834085],[646587.63055181,479164.336333321],[646578.226994521,479194.917604463],[646569.577911224,479225.699684735],[646561.692743219,479256.702835132],[646554.572592717,479287.887085489],[646548.218010777,479319.232450846],[646542.649258079,479350.729490006],[646537.83718351,479382.347398665],[646533.822032963,479414.077286823],[646528.907461165,479453.762524696],[646523.245919886,479493.337158476],[646516.827141027,479532.810904872],[646509.67248784,479572.134351806],[646501.76114846,479611.336925588],[646493.114210576,479650.379206751],[646483.722508516,479689.230941638],[646473.605476415,479727.912666365],[646462.743680428,479766.403844277],[646451.168200899,479804.665331548],[646438.858777215,479842.706569312],[646425.845938533,479880.50839895],[646412.099982874,479918.060000817],[646397.661707616,479955.332499328],[646382.500859589,479992.33506003],[646366.65796058,480029.048799954],[646350.113852462,480065.443189912],[646332.878252446,480101.528497894],[646314.972248393,480137.265304591],[646296.385296734,480172.673319373],[646277.128492764,480207.71284734],[646257.211829328,480242.384163941],[646236.645850509,480276.66755947],[646215.44082478,480310.553316818],[646194.20333302,480343.078148733],[646193.576767246,480344.040884615],[646171.094751002,480377.091394885],[646147.993949466,480409.734825262],[646124.266024078,480441.910944533],[646099.940126004,480473.650557222],[646075.00764108,480504.903424723],[646049.497996093,480535.690359008],[646043.48524267,480542.67463716],[646023.411742591,480565.99137486],[645996.759700335,480595.776770136],[645969.53160143,480625.05626175],[645941.757423903,480653.830676562],[645913.448263153,480682.060319896],[645884.604119489,480709.745191757],[645855.234985787,480736.885567786],[645825.371391332,480763.462289764],[645794.993902555,480789.454821321],[645764.141938766,480814.884250185],[645732.8063346,480839.720323066],[645701.007351127,480863.953598746],[645668.744988642,480887.584077303],[645636.059768972,480910.592876254],[645602.931431636,480932.989436983],[645569.390781522,480954.744608841],[645535.437818914,480975.858391952],[645501.092804844,480996.321345171],[645477.6710268,481009.785490547],[645454.67603468,481022.641396602],[645431.51916397,481035.202830601],[645408.200690389,481047.459800042],[645384.720338367,481059.422297531],[645361.088927466,481071.060621096],[645332.905258205,481084.95340611],[645304.891809335,481099.200889435],[645277.0591246,481113.783361536],[645249.407203898,481128.700822345],[645221.926330227,481143.9430036],[645194.636488585,481159.510456533],[645167.527686323,481175.402905433],[645140.609915886,481191.620625892],[645113.893169712,481208.163893498],[645087.377998994,481225.012723108],[645061.053859783,481242.186824116],[645034.941288356,481259.666762678],[645009.040008955,481277.462531295],[644983.35084842,481295.544152298],[644957.882696579,481313.951871465],[644932.645821506,481332.675971868],[644907.621340618,481351.675932006],[644882.828136269,481370.99227331],[644858.257594073,481390.574757406],[644833.938037604,481410.484166454],[644809.851135595,481430.659993901],[644786.006329158,481451.122500454],[644762.413610711,481471.871961753],[644739.063263257,481492.89810959],[644715.955286682,481514.20094395],[644693.119658463,481535.7812918],[644670.536393415,481557.638601814],[644648.226027802,481579.753440246],[644626.168025123,481602.145240835],[644604.39318983,481624.784852979],[644582.890702291,481647.701978603],[644562.673736596,481669.694551945],[644542.719952918,481691.934385853],[644523.029902478,481714.401495288],[644503.594143981,481737.075619549],[644484.411850328,481759.986736224],[644465.493840942,481783.105143426],[644446.839840055,481806.440833697],[644428.450398906,481829.973822014],[644410.324690387,481853.73408597],[644392.484077791,481877.672214319],[644374.926631326,481901.85815474],[644352.186499302,481933.75121116],[644329.809472641,481965.894283056],[644307.756408133,481998.256290243],[644286.027305631,482030.83723277],[644264.631881834,482063.647378893],[644243.54098608,482096.655924092],[644222.814297647,482129.874515014],[644202.421287489,482163.322309723],[644182.353065667,482196.959062551],[644162.639333912,482230.795593129],[644143.250114544,482264.831074486],[644124.22537748,482299.066609434],[644105.535696418,482333.481385984],[644087.19051237,482368.095664921],[644069.200644775,482402.879744489],[644054.020270033,482432.97127767],[644051.555549624,482437.853334111],[644034.276038872,482472.987007729],[644017.331307804,482508.309915895],[644000.762153401,482543.793183941],[643984.538598022,482579.435984897],[643968.680075177,482615.258855261],[643953.177695019,482651.221549419],[643938.05061536,482687.354596386],[643923.279953866,482723.617474858],[643908.914294458,482760.061525963],[643898.903962704,482786.165625177],[643889.269484299,482812.420094318],[643880.001969473,482838.784687756],[643871.060621044,482865.288280272],[643862.496228566,482891.902272953],[643854.288806975,482918.626114483],[643846.428088003,482945.469521746],[643838.934883713,482972.403068732],[643831.798925844,482999.436472331],[643825.050191844,483026.570559753],[643818.486484215,483054.60976087],[643812.310551627,483082.729660939],[643806.551820112,483110.951072199],[643801.181139252,483139.243190127],[643796.178799722,483167.595470906],[643791.594212553,483196.029278206],[643787.387959136,483224.523524283],[643783.610277647,483253.069595326],[643780.478205913,483277.063430917],[643777.655072588,483301.095790734],[643775.130885157,483325.166399134],[643772.92328036,483350.08575145],[643771.015172729,483375.023367483],[643769.446256525,483399.990342693],[643768.197098185,483424.966140725],[643767.16804844,483449.938011939],[643766.468473324,483474.928974338],[643766.068946781,483499.918215838],[643766.019707027,483524.897122644],[643766.167368988,483547.451436821],[643766.58482669,483570.013195632],[643767.26263909,483592.56213841],[643768.042206889,483619.033930848],[643768.421796683,483645.50468676],[643768.451370962,483671.975784693],[643768.130653993,483698.45721705],[643767.430219746,483724.928171546],[643766.500794103,483749.912791439],[643765.241613937,483774.888311978],[643763.633245727,483799.834196612],[643761.705391244,483824.76126496],[643759.496090339,483849.740567366],[643756.987839642,483874.681619807],[643754.110415948,483899.592484549],[643750.91433324,483924.454555193],[643747.445417939,483949.41909781],[643743.63758291,483974.344287199],[643739.511364651,483999.210689756],[643735.027068945,484024.007209945],[643730.248301224,484048.965605296],[643725.131441078,484073.854669596],[643719.696197788,484098.684946747],[643713.903704382,484123.415363709],[643707.795099522,484148.367058991],[643701.358946325,484173.229713645],[643694.555274853,484198.00222461],[643687.424330882,484222.675702295],[643679.925934262,484247.61904168],[643672.070563449,484272.45252787],[643663.918173462,484297.177815287],[643655.37910766,484321.782429609],[643646.420972268,484346.715481448],[643637.126399336,484371.519246262],[643627.495388927,484396.193723979],[643617.478254401,484420.727543261],[643607.000150077,484445.658644062],[643596.166450689,484470.429928497],[643584.976880557,484495.051388999],[643573.421998786,484519.502764744],[643561.304292067,484544.41861139],[643548.820998031,484569.174365549],[643535.963503075,484593.719788947],[643522.760957486,484618.085686266],[643511.660188836,484638.039539942],[643500.323460228,484657.846878991],[643488.760212676,484677.527964124],[643476.960729511,484697.072527061],[643464.935279038,484716.470851047],[643452.264030997,484736.441356962],[643439.357650514,484756.235370532],[643426.215861888,484775.862884224],[643412.847830368,484795.35415123],[643399.225233162,484814.64838932],[643384.824178522,484834.611148649],[643370.168282511,484854.386871346],[643355.257545208,484873.975557388],[643340.141929098,484893.378585607],[643324.692083526,484912.572386],[643308.300315956,484932.560196895],[643291.644817957,484952.32072516],[643274.705880432,484971.843426753],[643257.532914325,484991.149665487],[643240.076508873,485010.218077526],[643221.344293267,485030.221285888],[643202.338906733,485049.976950556],[643183.041743297,485069.434557585],[643163.461968224,485088.624360181],[643143.619842348,485107.536917422],[643125.667562234,485124.281610033],[643107.462372387,485140.769318524],[643089.073392876,485157.031950775],[643070.480363047,485173.078947714],[643051.713811949,485188.891151739],[643032.704343911,485204.446647465],[643013.028202867,485220.243743913],[642993.109972407,485235.754154564],[642972.98934672,485250.988975031],[642955.806609022,485263.764855814],[642938.450350338,485276.305944255],[642920.968602585,485288.683566561],[642903.352752255,485300.84748463],[642999.384398451,485391.398598694],[643030.987550401,485423.541088769],[643045.772353931,485438.5892655],[643112.884424353,485506.652102579],[643117.937863205,485511.601618177],[643133.47967655,485527.12070098],[643138.860768832,485534.329280052],[643141.117373687,485537.351587964],[643153.617928928,485550.016710376],[643161.708240818,485565.950140771],[643166.036736373,485583.759762986],[643167.688915601,485590.565422788],[643176.183965021,485625.53019389],[643210.202559273,485670.519509471],[643232.79270013,485653.492846895],[643323.401739144,485753.194594191],[643340.160660679,485771.717321314],[643448.184106933,485890.829981794],[643529.33273362,485980.760656876],[643581.778855188,486038.88882486],[643613.555411716,486073.806261558],[643623.408803823,486084.918344842],[643637.354636373,486100.653434676],[643661.772567579,486127.547689906],[643664.354170545,486130.388976251],[643739.920594339,486213.87563308],[643848.029590652,486333.510981683],[643852.813293746,486338.813082148],[643971.316155351,486469.905553211],[643974.248661438,486473.076535206],[644037.049835172,486542.980846145],[644093.459575781,486605.68867611],[644189.82748674,486713.040061889],[644211.464783184,486737.057626081],[644256.153320567,486786.761816144],[644292.158671067,486826.796208164],[644474.506403443,487028.382402268],[644489.261344049,487044.149917021],[644552.889912678,487115.597330846],[644567.027522975,487131.267811404],[644586.356657956,487152.681684043],[644611.316774533,487180.221087523],[644644.890553692,487216.688401402],[644645.298102321,487217.139658138],[644665.133268891,487238.697513155],[644670.858872751,487244.655653393],[644673.357099559,487246.894649028],[644684.308985128,487257.33712573],[644689.319174718,487264.215530372],[644690.022366557,487268.084996626],[644696.015950941,487268.320455083],[644725.434837401,487269.462590642],[644740.41893829,487270.046240685],[644818.436862371,487273.059998325],[644819.206011314,487273.091231425],[644963.363831511,487278.68084575],[644963.793510501,487278.692707383],[644972.454279638,487279.031796351],[645011.253426188,487280.532884483],[645019.500364925,487281.010551676],[645027.698230623,487281.816869199],[645035.827589907,487282.931300306],[645043.888166915,487284.363837554],[645051.89994671,487286.115032674],[645059.833227524,487288.174065595],[645067.717711105,487290.551756438],[645075.533412365,487293.247553516],[645092.560032616,487299.537677538],[645094.123957723,487300.120859376],[645108.992618395,487305.611400309],[645114.664828088,487307.708016755],[645152.5784757,487321.724859633],[645165.979100551,487332.214955027],[645166.351369067,487332.495236093],[645178.939716153,487342.342898961],[645188.842243407,487350.226388038],[645189.291969581,487350.598808863],[645233.352689315,487385.735689999],[645254.656982679,487418.194328488],[645255.203937436,487419.029440961],[645259.272981256,487442.612147139],[645259.393566837,487443.315487254],[645261.79025848,487457.201872155],[645265.006863475,487475.800967243],[645265.023538259,487475.921429493],[645267.411891038,487489.747583788],[645267.388871497,487489.856950061],[645266.540673003,487493.41359157],[645266.235288432,487494.695181618],[645266.009230891,487495.638956159],[645264.086500309,487503.706006174],[645296.100843753,487557.540665172],[645300.183263992,487566.873516186],[645296.961282243,487568.754599429],[645301.9217582,487577.071674166],[645312.186165414,487594.305315744],[645321.45548531,487609.911461304],[645325.746275546,487617.130031936],[645330.830308865,487625.680523081],[645330.897222189,487625.792372143],[645333.5729275,487630.296312224],[645334.576627327,487631.97404816],[645334.719894789,487632.218007243],[645337.500828359,487636.894855244],[645354.148113782,487664.894886326],[645363.981887803,487681.426634189],[645373.8820228,487698.090217335],[645378.698401399,487706.193314855],[645378.037299372,487706.595070543],[645380.757449287,487711.300242358],[645381.479334216,487710.870164232],[645387.557072746,487721.098119241],[645389.95595898,487725.124411101],[645389.528823527,487725.382623482],[645389.264327523,487725.545324255],[645393.891337618,487733.263188437],[645398.32732438,487740.655773941],[645398.540754186,487740.531664032],[645398.967889665,487740.273451664],[645401.337901557,487744.258946032],[645403.889771668,487748.539465878],[645403.07657435,487749.017023874],[645409.24872013,487759.447590067],[645410.072185899,487758.960315406],[645415.185090753,487767.551609188],[645417.249134271,487771.028648718],[645416.384870659,487771.544797528],[645420.886942482,487779.079210935],[645425.388738314,487786.623617118],[645426.222748462,487786.11663328],[645428.143800332,487789.339721282],[645434.068277193,487799.323444372],[645433.254527971,487799.820987377],[645439.136490325,487809.533532644],[645445.056491587,487819.317129628],[645447.890972315,487823.8654573],[645448.417389445,487824.720004415],[645451.184956848,487829.156483037],[645455.981838576,487836.879040237],[645458.950421552,487841.641074003],[645465.547279238,487852.263372459],[645477.025279822,487871.540571529],[645482.682653595,487881.056916088],[645482.347106072,487881.257655869],[645486.345839931,487888.188166667],[645492.529139715,487898.939052048],[645493.118087406,487898.615305937],[645496.243301222,487903.861673248],[645496.453757668,487904.207489226],[645506.077066646,487920.393436858],[645506.16313738,487920.535815454],[645510.320096236,487927.530696632],[645516.025224615,487937.128363105],[645518.251967503,487940.869901218],[645520.000600961,487943.818226544],[645520.249372338,487944.225101394],[645519.700394754,487944.549950944],[645525.033469212,487953.497335536],[645529.631049591,487961.194394032],[645530.13950525,487960.888426106],[645532.270736421,487964.467324972],[645546.300048431,487988.04504171],[645549.644606653,487993.677473087],[645549.864503833,487994.043550176],[645553.792951225,488000.622117658],[645573.546914115,488032.728028774],[645573.65214229,488032.900936854],[645573.767087141,488033.084113368],[645577.2701463,488038.770922587],[645578.567000205,488040.696758916],[645589.623438849,488057.132285579],[645595.694304969,488066.16004465],[645602.053360667,488075.615767788],[645604.205342823,488078.805234557],[645608.899353511,488085.54494286],[645607.462263474,488086.525284487],[645613.632502861,488095.575788608],[645615.181442229,488094.528533791],[645617.529137192,488097.873406775],[645627.923448252,488098.810389915],[645635.084451888,488108.558260105],[645635.95205571,488109.73223332],[645649.223497166,488127.798946223],[645650.235747563,488129.166916346],[645651.776434853,488133.489526947],[645653.34544447,488137.872920576],[645654.254365279,488140.448058968],[645654.049969625,488146.402519369],[645653.991421886,488148.160933505],[645661.838109427,488158.427745333],[645674.211570286,488174.609637405],[645686.449273215,488190.637780085],[645699.092593161,488207.187131672],[645711.456060353,488223.368751904],[645723.790653039,488239.509575587],[645736.000032136,488255.47694058],[645738.480388369,488258.7254771],[645737.509852018,488259.468695063],[645746.312970914,488270.951940024],[645747.273238876,488270.218438752],[645748.469829871,488271.79150284],[645759.241079872,488285.879132287],[645763.42969999,488291.364871974],[645769.719234692,488300.078672759],[645772.310121287,488303.670267725],[645782.346887096,488317.557617671],[645789.253046657,488327.118458968],[645790.977157356,488329.506102249],[645887.119903624,488455.152774446],[645893.697081681,488461.054472812],[645896.985394828,488464.01531466],[645900.322567235,488467.017506294],[645930.357946891,488494.007256328],[645935.851884317,488498.939030992],[645941.40439769,488503.92242403],[645972.587541947,488496.223230148],[645973.121010524,488496.097956573],[645992.446619655,488503.151655439],[645999.168945394,488505.607300421],[646021.415050246,488513.731653665],[646041.530566867,488459.216012654],[646076.130299606,488365.439522067],[646093.371472807,488318.684650924],[646110.730282795,488271.65301709],[646145.339405465,488177.89674389],[646179.939337778,488084.110195264],[646188.747880474,488060.262924635],[646191.720956019,488052.184850232],[646192.391257414,488050.363320923],[646192.57492514,488049.868382113],[646287.09614441,488083.938574906],[646296.521134076,488087.748854139],[646327.117632707,488098.76377793],[646540.925404996,488175.788152147],[646572.442131899,488187.158506653],[646589.829931218,488193.408682344],[646598.771300904,488196.625604574],[646603.71235759,488198.402055394],[646629.288161653,488207.628351098],[646641.516448995,488212.046045432],[646877.237188865,488296.955733186],[646971.739714989,488330.985560798],[646975.254533402,488332.262628379],[646973.238928592,488337.897102923],[646995.725484888,488346.008106516],[647100.564864224,488383.783434825],[647098.816420052,488390.245305846],[647119.851116091,488397.336209498],[647123.217454887,488385.518886898],[647130.44501573,488388.148490753],[647163.434417622,488400.149562003],[647196.91903882,488412.324312258],[647210.998031217,488417.443134877],[647266.938149864,488437.768049723],[647318.828544762,488456.631128981],[647329.125402579,488460.375502499],[647393.095059413,488483.622190056],[647433.470831956,488498.297276502],[647493.261972834,488520.038578297],[647500.796553656,488522.776667658],[647544.233787834,488538.12630549],[647565.81873236,488481.100894927],[647576.238957774,488440.897630546],[647648.447893137,488464.541820744],[647677.435869259,488377.350045724],[647679.06106065,488372.45479702],[647712.082311905,488383.666747226],[647753.772348148,488397.828107455],[647979.511003641,488479.212552158],[648055.955187477,488505.93379151],[648339.161699091,488605.205526288],[648542.483101947,488797.67435308],[648559.332105455,488786.499253478],[648631.779013054,488714.60755227],[648649.154771102,488696.306792528],[648692.686878777,488653.897535883],[648718.206873544,488623.861303259],[648800.608206005,488511.253221115],[648831.285970488,488482.389399765],[648858.244551439,488458.563031291],[648906.140143054,488401.543767705],[648939.249800625,488359.936704334],[649021.669630935,488286.500100539],[649143.657837152,488180.564921489],[649144.825970036,488179.547141773],[649154.447180734,488171.182521182],[649205.953304031,488141.313628829],[649211.003808969,488138.402977495],[649219.997960654,488133.191134383],[649372.594096567,488044.751352549],[649437.965217034,488014.355177631],[649656.781850857,487878.52197009],[649752.221965081,487811.974716291],[649809.323178633,487772.149850726],[649840.422998372,487750.45773134],[649991.130412386,487663.42546877],[650025.351558433,487661.250116728],[650027.936021063,487661.091458952],[650029.14817282,487661.014919458],[650077.032753673,487658.006735897],[650111.470410641,487667.187725971],[650116.880848652,487668.627134387],[650151.814834851,487677.941832951],[650191.980498838,487688.651006346],[650193.380918879,487688.999678141],[650241.744779993,487701.595238437],[650296.193839797,487686.117869431],[650528.619818363,487619.892058961],[650559.333942585,487603.479400572],[650656.52133531,487551.530584316],[650700.785141256,487527.901713805],[650860.107847855,487350.863777954],[651035.285881835,487189.953902015],[651027.945565104,487185.971135025],[651017.618827182,487180.405873578],[650978.070561519,487138.632693473],[650937.771364256,487094.718720613],[650929.42174087,487085.637917779],[650861.144957168,487033.631382226],[650825.03333341,487004.663551636],[650822.625601788,487002.767023037],[650739.180124325,486943.81157277],[650728.987185957,486936.659963946],[650713.749789677,486754.32311297],[650712.74954766,486711.944052989],[650711.785960481,486669.686009357],[650715.663727622,486564.709454622],[650715.820275714,486558.313556906],[650716.098102673,486548.610893642],[650716.161080269,486545.24251673],[650716.364218847,486538.607896847],[650716.550004641,486531.152769904],[650716.334639195,486523.376559248],[650716.352631063,486523.087045962],[650710.447041305,486331.267480202],[650722.765246527,486247.294610685],[650728.5164677,486224.432570087],[650736.660320103,486169.595473075],[650739.778212764,486142.140589931],[650725.027657033,486135.98324792],[650674.196474592,486114.949537003],[650675.716305433,486112.421399787],[650676.428081661,486111.271006351],[650678.6183387,486107.641336007],[650680.05353877,486105.280868538],[650802.468040013,485903.462671915],[650900.189396557,485742.30420435],[650901.33155952,485740.415662076],[650903.857578002,485736.215233404],[650905.889115335,485732.901187968],[650906.29896586,485732.182474717],[650906.601442267,485731.730807263],[650908.981218838,485727.75635008],[650942.034882048,485673.316720481],[650996.714415053,485584.632736784],[651089.124057588,485434.757865289],[651164.147722894,485451.389011922],[651166.68400809,485447.178860145],[651167.124112317,485446.450980518],[651169.954259944,485441.738920986],[651171.337287031,485439.457009382],[651202.066016441,485388.45325857],[651268.25805592,485278.676112127],[651271.592674969,485273.077940035],[651280.016004079,485257.749856283],[651281.259131795,485255.464081913],[651282.080210534,485253.976688539],[651283.356901749,485251.561835776],[651283.923537623,485250.59743909],[651305.209907172,485211.623495016],[651311.371443812,485200.343133339],[651312.392864569,485198.48125516],[651312.225001049,485197.316580436],[651300.585824809,485117.192474551],[651300.561638063,485116.981799458],[651300.182565506,485114.41124528],[651300.032205092,485113.337056962],[651290.519907584,485047.822180535],[651286.047661058,485017.097652129],[651266.0686731,484879.701350186],[651276.113205457,484871.578255103],[651289.616077043,484849.750104999],[651299.113410342,484836.451720922],[651302.941040298,484831.107158076],[651312.741902231,484821.667288371],[651330.895212456,484804.177626118],[651349.901086205,484785.871459935],[651370.066378831,484756.716893828],[651373.499099723,484747.201279346],[651375.926105208,484740.428010102],[651382.913324325,484720.970125307],[651454.404388499,484588.398167484],[651466.936862418,484565.133160402],[651484.426695029,484536.534757591],[651522.245104785,484474.676107103],[651545.966865491,484435.869289949],[651432.263958041,484400.310328582],[651432.587468179,484370.468168401],[651409.312417074,484348.515093192],[651421.497653893,484262.818225724],[651375.620059588,484109.016673336],[651344.687223624,484088.422362234],[651355.764231113,484064.627162348],[651391.862597467,483987.180453409],[651404.553354278,483959.989652183],[651370.03312768,483912.115378347],[651377.394256335,483880.917368123],[651405.792805508,483834.619300816],[651414.012807019,483559.196113482],[651615.267680492,483559.6492254],[651617.577662803,483559.652963366],[651619.967587224,483559.658907204],[651733.185067164,483559.902851471],[651810.806617204,483560.314626591],[651845.612676247,483560.505014026],[651845.99267721,483560.505499155],[651864.139756028,483560.636224245],[651874.83808607,483560.711418915],[651879.837504273,483560.739365553],[651931.180990875,483561.046063362],[651944.066086085,483561.241600516],[651962.639275576,483561.514088342],[651966.797923626,483561.56883719],[651977.09461627,483561.70295197],[652050.588243064,483562.760852226],[652056.226374692,483562.83642426],[652090.034629682,483563.30929062],[652149.023797903,483564.14697085],[652178.703390699,483564.565915806],[652199.975692702,483563.062809297],[652201.969770835,483562.917824868],[652207.95172958,483562.492864348],[652227.120310481,483561.121716143],[652231.579230821,483560.804735628],[652363.059589275,483566.052787449],[652374.931836709,483567.800439215],[652448.009309553,483578.507241239],[652454.094775241,483579.40518922],[652454.891716789,483579.517183159],[652460.093140091,483579.110686426],[652491.571762891,483576.669157784],[652522.47969692,483574.251882888],[652553.016246391,483571.884362053],[652578.572317931,483569.88943281],[652577.308855849,483564.214342742],[652578.249005667,483564.210283456],[652588.230913268,483564.155704857],[652614.607004367,483563.973473976],[652714.778326767,483564.797462014],[652744.682780759,483565.042603807],[652787.494560933,483565.403892739],[652788.794452243,483565.409759927],[652874.721124358,483566.020696591],[652945.735521112,483566.330157148],[652957.954726735,483566.377314579],[652973.92344136,483566.447930392],[652952.382093636,483521.161677685],[652987.923836621,483500.131474484],[653026.16944115,483477.515804891],[653038.612953513,483470.158838478],[653065.154935388,483454.180514243],[653074.30480465,483448.762749378],[653082.224036926,483444.091059909],[653090.143545071,483439.40937738],[653097.971739396,483434.775177078],[653105.799933856,483430.14097653],[653113.709173868,483425.469010345],[653121.537368598,483420.834809309],[653122.513222414,483420.261710739],[653136.960063543,483411.699964089],[653261.583099529,483337.84538899],[653286.399636268,483323.149487833],[653314.784313704,483306.351944373],[653376.372437295,483269.909681434],[653407.066849722,483251.675794247],[653427.14650304,483239.759302292],[653444.064347176,483229.715651696],[653449.371590064,483226.561948316],[653460.961930567,483219.681441338],[653469.553103552,483214.578260456],[653477.14788502,483210.067613425],[653483.105422295,483206.541835524],[653497.480670728,483198.038095064],[653518.728527888,483185.463799101],[653531.507882873,483177.896065051],[653634.280075826,483117.088983303],[653716.975449142,483068.458465708],[653791.277451082,483024.286541947],[653825.011860046,483004.246397676],[653842.458720837,482993.877301184],[653903.224261464,482957.892232564],[653918.575930123,482948.795380828],[653963.115812982,482922.413058368],[654036.910701348,482878.137064817],[654114.603645455,482832.488533042],[654222.724430674,482769.20866184],[654341.194493603,482698.723941007],[654407.863966855,482658.62144392],[654410.711593758,482656.899927653],[654524.21345312,482588.518147667],[654665.196951685,482503.813725528],[654742.483608958,482456.583713452],[654817.971010869,482409.324036887],[654753.123913798,482295.289612195],[654732.33389089,482258.644325038],[654688.446114325,482181.279909541],[654625.358297704,482137.957440909],[654563.129390924,482095.038704254],[654445.991735398,482014.283460474],[654470.489255867,481982.877812924],[654519.331916484,481921.602370339],[654543.48781456,481890.617302984],[654605.307432138,481811.348972864],[654644.083873173,481762.606376968],[654757.338751122,481617.983779264],[654873.653421216,481466.48514834],[654893.962182053,481440.464121967],[654902.214504632,481429.881255524],[654937.368677711,481384.83881999],[655004.754824461,481298.453488174],[655019.458405423,481279.498164384],[655020.350320929,481278.342711608],[655070.299033904,481213.947400103],[655070.879585245,481213.203378128],[655088.497016192,481190.488239746],[655097.490599704,481179.135769214],[655105.437412672,481169.114488434],[655165.737558903,481093.084105622],[655178.427195747,481079.343463751],[655245.394279985,481088.631120194],[655245.857805445,481082.703615626],[655247.054038198,481066.165802084],[655247.395927047,481061.384998447],[655256.598574715,480933.692582819],[655260.32755552,480881.892901124],[655179.079655804,480867.171117922],[655147.582322583,481012.759407959],[654995.443334579,481003.392429645],[655001.116255426,480874.232689794],[655007.04126088,480797.20240977],[655010.424478641,480753.223610069],[655013.002505347,480723.933307892],[655017.915626545,480667.996128942],[655019.580736044,480648.961139333],[655045.22947214,480641.438227104],[655072.702908716,480633.385617236],[655103.211493223,480624.426677976],[655107.143447585,480623.275074113],[655137.790006214,480614.389941914],[655176.452025184,480603.145776415],[655213.481143793,480592.366591795],[655222.050411845,480564.491588075],[655223.239071426,480560.554181276],[655224.457709617,480556.617601356]]]},"properties":{"NAZWA_DZIELNICY":"Wawer","KODTERYT":"146514_8"}},{"type":"Feature","geometry":{"type":"Polygon","coordinates":[[[652201.969770835,483562.917824868],[652199.975692702,483563.062809297],[652178.703390699,483564.565915806],[652149.023797903,483564.14697085],[652090.034629682,483563.30929062],[652056.226374692,483562.83642426],[652050.588243064,483562.760852226],[651977.09461627,483561.70295197],[651966.797923626,483561.56883719],[651962.639275576,483561.514088342],[651944.066086085,483561.241600516],[651931.180990875,483561.046063362],[651879.837504273,483560.739365553],[651874.83808607,483560.711418915],[651864.139756028,483560.636224245],[651845.99267721,483560.505499155],[651845.612676247,483560.505014026],[651810.806617204,483560.314626591],[651733.185067164,483559.902851471],[651619.967587224,483559.658907204],[651617.577662803,483559.652963366],[651615.267680492,483559.6492254],[651414.012807019,483559.196113482],[651405.792805508,483834.619300816],[651377.394256335,483880.917368123],[651370.03312768,483912.115378347],[651404.553354278,483959.989652183],[651391.862597467,483987.180453409],[651355.764231113,484064.627162348],[651344.687223624,484088.422362234],[651375.620059588,484109.016673336],[651421.497653893,484262.818225724],[651409.312417074,484348.515093192],[651432.587468179,484370.468168401],[651432.263958041,484400.310328582],[651545.966865491,484435.869289949],[651522.245104785,484474.676107103],[651484.426695029,484536.534757591],[651466.936862418,484565.133160402],[651454.404388499,484588.398167484],[651382.913324325,484720.970125307],[651375.926105208,484740.428010102],[651373.499099723,484747.201279346],[651370.066378831,484756.716893828],[651349.901086205,484785.871459935],[651330.895212456,484804.177626118],[651312.741902231,484821.667288371],[651302.941040298,484831.107158076],[651299.113410342,484836.451720922],[651289.616077043,484849.750104999],[651276.113205457,484871.578255103],[651266.0686731,484879.701350186],[651286.047661058,485017.097652129],[651290.519907584,485047.822180535],[651300.032205092,485113.337056962],[651300.182565506,485114.41124528],[651300.561638063,485116.981799458],[651300.585824809,485117.192474551],[651312.225001049,485197.316580436],[651312.392864569,485198.48125516],[651311.371443812,485200.343133339],[651305.209907172,485211.623495016],[651283.923537623,485250.59743909],[651283.356901749,485251.561835776],[651282.080210534,485253.976688539],[651281.259131795,485255.464081913],[651280.016004079,485257.749856283],[651271.592674969,485273.077940035],[651268.25805592,485278.676112127],[651202.066016441,485388.45325857],[651171.337287031,485439.457009382],[651169.954259944,485441.738920986],[651167.124112317,485446.450980518],[651166.68400809,485447.178860145],[651164.147722894,485451.389011922],[651089.124057588,485434.757865289],[650996.714415053,485584.632736784],[650942.034882048,485673.316720481],[650908.981218838,485727.75635008],[650906.601442267,485731.730807263],[650906.29896586,485732.182474717],[650905.889115335,485732.901187968],[650903.857578002,485736.215233404],[650901.33155952,485740.415662076],[650900.189396557,485742.30420435],[650802.468040013,485903.462671915],[650680.05353877,486105.280868538],[650678.6183387,486107.641336007],[650676.428081661,486111.271006351],[650675.716305433,486112.421399787],[650674.196474592,486114.949537003],[650725.027657033,486135.98324792],[650739.778212764,486142.140589931],[650736.660320103,486169.595473075],[650728.5164677,486224.432570087],[650722.765246527,486247.294610685],[650710.447041305,486331.267480202],[650716.352631063,486523.087045962],[650716.334639195,486523.376559248],[650716.550004641,486531.152769904],[650716.364218847,486538.607896847],[650716.161080269,486545.24251673],[650716.098102673,486548.610893642],[650715.820275714,486558.313556906],[650715.663727622,486564.709454622],[650711.785960481,486669.686009357],[650712.74954766,486711.944052989],[650713.749789677,486754.32311297],[650728.987185957,486936.659963946],[650739.180124325,486943.81157277],[650822.625601788,487002.767023037],[650825.03333341,487004.663551636],[650861.144957168,487033.631382226],[650929.42174087,487085.637917779],[650937.771364256,487094.718720613],[650978.070561519,487138.632693473],[651017.618827182,487180.405873578],[651027.945565104,487185.971135025],[651035.285881835,487189.953902015],[650860.107847855,487350.863777954],[650700.785141256,487527.901713805],[650656.52133531,487551.530584316],[650559.333942585,487603.479400572],[650528.619818363,487619.892058961],[650296.193839797,487686.117869431],[650241.744779993,487701.595238437],[650193.380918879,487688.999678141],[650191.980498838,487688.651006346],[650151.814834851,487677.941832951],[650116.880848652,487668.627134387],[650111.470410641,487667.187725971],[650077.032753673,487658.006735897],[650029.14817282,487661.014919458],[650027.936021063,487661.091458952],[650025.351558433,487661.250116728],[649991.130412386,487663.42546877],[649840.422998372,487750.45773134],[649809.323178633,487772.149850726],[649752.221965081,487811.974716291],[649656.781850857,487878.52197009],[649437.965217034,488014.355177631],[649372.594096567,488044.751352549],[649219.997960654,488133.191134383],[649211.003808969,488138.402977495],[649205.953304031,488141.313628829],[649154.447180734,488171.182521182],[649144.825970036,488179.547141773],[649143.657837152,488180.564921489],[649021.669630935,488286.500100539],[648939.249800625,488359.936704334],[648906.140143054,488401.543767705],[648858.244551439,488458.563031291],[648831.285970488,488482.389399765],[648800.608206005,488511.253221115],[648718.206873544,488623.861303259],[648692.686878777,488653.897535883],[648649.154771102,488696.306792528],[648631.779013054,488714.60755227],[648559.332105455,488786.499253478],[648560.447684377,488789.920147709],[648565.610949188,488805.743136407],[648855.726859327,488871.375140551],[649061.185298594,488944.080026438],[649062.401356096,488947.483700794],[649066.504680209,488958.957327547],[649083.651999102,488977.181303969],[649068.913412727,488993.77484016],[649066.756242121,488996.205349176],[649082.66649558,489013.235136812],[649071.580804351,489038.419779302],[649067.620196437,489048.940727152],[649064.422595437,489057.542686701],[649064.120451499,489058.344367356],[649034.316390026,489132.343577111],[649032.675764773,489136.348392648],[649030.68502304,489141.443572349],[648969.291223403,489296.162831465],[648969.588244174,489296.271035839],[649141.992941945,489363.643406056],[649142.922871685,489364.009093967],[649165.450480487,489372.811384334],[649190.204368278,489382.475173461],[649195.794216123,489384.659584928],[649198.722799513,489385.80048274],[649234.07261308,489399.606972123],[649244.421479215,489403.642845566],[649243.262714896,489432.931713955],[649242.713437526,489446.666952522],[649240.856426438,489493.637062175],[649240.011919512,489514.804367871],[649239.163331237,489536.481575835],[649238.367010852,489556.990192489],[649271.609272716,489572.878570534],[649296.442354893,489584.744631846],[649320.446263236,489596.217787583],[649368.22701209,489619.057831319],[649376.383626162,489597.822422279],[649383.203190203,489580.100197896],[649390.012760669,489562.377696768],[649396.822606171,489544.645202148],[649410.36627523,489509.398117944],[649411.18559607,489507.250676835],[649435.086068181,489444.968749831],[649446.93836403,489414.115087021],[649457.132859407,489387.525775427],[649464.492884113,489368.338420591],[649478.996797109,489330.547757917],[649479.599983589,489328.984365668],[649543.079943678,489361.288152284],[649514.149356089,489647.018015314],[649481.358334574,489955.201909535],[649480.925430756,489959.290079427],[649469.732228636,490022.042892988],[649468.10786163,490030.528294626],[649464.168694783,490053.67021885],[649553.049019314,490072.225155519],[649646.940572715,490091.828517232],[653533.768136625,490903.256102172],[653700.346818222,489860.300025471],[653851.785251265,489853.721446179],[653850.761653393,489828.862062647],[653847.971095063,489760.431928046],[653847.511690457,489748.458703957],[653843.468557454,489645.352425294],[653841.522163164,489645.2186743],[653830.291483028,489395.69736166],[653822.017849894,489204.590339372],[653814.115726403,489028.274250947],[653800.196087896,489026.78985605],[653734.985091604,489019.839037067],[653706.038669766,489017.489707523],[653542.149082153,489004.174049883],[653453.250054492,488994.219072515],[653442.610619668,488993.095264146],[653439.639106306,488992.783205792],[653424.935295028,488991.08715345],[653300.667000242,488976.705432713],[653132.075941736,488959.459833916],[653124.616497817,488958.703843986],[653115.018809663,488957.518798222],[652978.278714868,488940.65264887],[652791.138833936,488918.634749735],[652740.665674121,488913.240951668],[652752.676714873,488831.7292178],[652767.959714284,488728.056900848],[652769.428903735,488717.947047223],[652769.687588151,488716.184116609],[652780.701699663,488640.715093276],[652785.671839266,488606.670908386],[652786.020061813,488604.200420425],[652791.041239416,488568.307567102],[652792.075085557,488560.925805424],[652793.030092763,488553.501865292],[652793.766387537,488547.841959628],[652807.978481974,488438.03979623],[652811.097210531,488414.184912495],[652817.723069167,488363.635749208],[652820.927097387,488340.313241086],[652830.451288679,488270.993314249],[652831.265804559,488265.035554492],[652846.68257654,488152.526512287],[652851.612633834,488114.861056154],[652862.17324761,488034.07925295],[652867.655809884,487992.338877012],[652874.365342014,487941.291985732],[652963.53729595,487940.993738446],[653008.442102906,487940.163387792],[653053.114843334,487940.85669433],[653074.506346521,487937.937124765],[653161.649521776,487926.002371579],[653185.468701931,487924.619885745],[653226.942971168,487927.064964852],[653240.010440788,487928.625783605],[653270.707131088,487932.053370339],[653278.704996978,487933.954248101],[653314.72037802,487942.508889002],[653318.585236154,487943.425625295],[653352.695487707,487952.88771275],[653375.522964808,487961.708291233],[653394.352796845,487968.988441297],[653432.62202583,487983.565573131],[653452.397810027,487987.371689698],[653452.745903367,487987.441302558],[653472.544311371,487990.428008473],[653473.110315565,487990.573640536],[653509.111587333,487999.277910355],[653522.490739309,488008.747684122],[653534.575117099,488017.3016736],[653545.747267636,488025.210451464],[653547.905133188,488026.740091094],[653550.844828727,488029.291359662],[653598.838287545,488070.898155153],[653614.816305845,488084.759876302],[653632.806496942,488100.357226413],[653637.953531672,488104.819519754],[653674.382825099,488136.416637823],[653691.668618701,488149.274425987],[653695.255089417,488151.943558116],[653696.788036675,488152.925922658],[653727.444223911,488172.673143893],[653741.072527547,488181.449779936],[653743.555682023,488182.788393655],[653744.964792269,488183.547329713],[653746.696492675,488184.575183718],[653758.592699019,488191.61392416],[653799.926104438,488212.565981525],[653841.526136807,488231.10529741],[653873.846342429,488240.568013839],[653874.045095503,488240.613503032],[653910.252334567,488249.103490441],[653910.096472073,488244.969001066],[653908.788051459,488210.861341328],[653907.922298317,488187.8864046],[653907.046550572,488164.911192109],[653906.170525169,488141.945972577],[653905.294773889,488118.970760344],[653904.419020839,488095.995548238],[653903.553258854,488073.020612147],[653902.677502267,488050.045400297],[653901.801743911,488027.070188575],[653900.985632858,488005.556689526],[653900.935700735,488004.1052457],[653900.080200394,487981.120593172],[653899.244408066,487958.146485368],[653898.398621136,487935.172101805],[653897.543115486,487912.187449648],[653896.683899405,487888.612668682],[653895.763100537,487863.646125184],[653889.873371491,487854.93313793],[653880.341471436,487840.859362353],[653869.138132693,487824.299333509],[653858.021142514,487807.871695639],[653845.792434379,487789.693290046],[653803.352612554,487726.5888619],[653798.895534392,487719.955522908],[653796.657140387,487716.633581197],[653793.112413666,487711.365489908],[653781.767178895,487694.511540577],[653766.714786997,487672.115005911],[653757.780643592,487658.847779634],[653748.866761391,487645.57111307],[653730.451503267,487618.201527859],[653728.223101464,487614.879863543],[653705.953673494,487582.583666723],[653637.481448597,487483.299066147],[653636.565608578,487453.442467704],[653636.146449707,487440.370320419],[653633.50884082,487360.583992211],[653631.507959157,487300.116093704],[653630.395487832,487266.513903925],[653627.741900454,487190.92732378],[653624.762710565,487105.761335774],[653621.353595281,487009.723004078],[653621.205777592,487005.658744923],[653617.354604626,486883.247054114],[653616.902710336,486868.823946058],[653615.172569871,486815.933863061],[653614.024850579,486781.070649856],[653611.015266883,486689.393547617],[653608.05387625,486598.867828722],[653608.000288765,486597.186275721],[653607.830273104,486593.201407857],[653607.568228227,486586.753891615],[653603.165366085,486483.597833526],[653603.19263548,486480.798463329],[653603.316544995,486468.701352442],[653603.449643848,486455.184432874],[653603.60655097,486439.718084889],[653618.803431757,486440.217568872],[653653.153251713,486441.365738044],[653674.135154602,486442.054907835],[653662.8170764,486433.272120622],[653677.23763869,486403.928859195],[653687.277072459,486386.575198315],[653749.110535737,486285.467418014],[653789.969252595,486216.742113834],[653829.757663034,486149.837330933],[653859.451011627,486101.214717999],[653922.57145491,485998.042249849],[653940.682187622,485967.610743145],[653987.661697277,485890.893925486],[654035.447878005,485812.849287678],[654082.222753635,485735.936765129],[654154.584433633,485618.238530619],[654184.722525916,485568.718046328],[654216.835247425,485515.771892194],[654231.515693133,485491.865955455],[654279.755431839,485412.603652671],[654305.100064941,485371.171209908],[654366.933929275,485270.403041198],[654401.566159297,485209.5059864],[654444.195301824,485141.849296949],[654484.522862172,485077.869242998],[654458.253870506,485058.583392332],[654450.167515218,485052.639954872],[654424.363676218,485053.097864321],[654355.227016647,485054.309946795],[654244.965182872,485031.725997533],[654150.395704605,485012.345272208],[654058.34400636,485001.384423047],[654018.732565085,484996.661053184],[653968.843884057,484990.734009693],[653950.399014003,484974.574261105],[653924.893689374,484952.259392097],[653889.633593388,484921.404944799],[653839.629043417,484877.64303232],[653732.477685682,484796.712442775],[653632.211595646,484704.731432745],[653577.327625228,484593.902013983],[653607.614304198,484400.559335448],[653735.591510504,484262.794781607],[653766.25769161,484223.11924428],[653767.906667378,484220.984652279],[653774.751498396,484212.123138723],[653679.91177637,484160.863843025],[653649.985118072,484144.387318145],[653621.16194057,484128.511272355],[653594.042981959,484113.572296807],[653571.327119289,484101.064928962],[653548.867486493,484088.694639359],[653540.78973748,484084.251548988],[653526.387317713,484076.343785768],[653503.966279798,484064.024567039],[653481.515264584,484051.70452291],[653459.093677511,484039.405293542],[653424.506334463,484020.410078375],[653381.205743321,483952.232324502],[653307.590947849,483897.568698907],[653243.007801544,483843.584340764],[653244.641296552,483751.04548321],[653244.868343353,483737.381167699],[653184.423614612,483642.869332981],[653169.152219185,483618.976948531],[653160.370495978,483605.254060728],[653154.009901975,483595.118129544],[653139.04690277,483571.28426185],[653124.131109112,483547.551703341],[653119.724396964,483540.539817777],[653109.356658712,483524.133060383],[653065.154935388,483454.180514243],[653038.612953513,483470.158838478],[653026.16944115,483477.515804891],[652987.923836621,483500.131474484],[652952.382093636,483521.161677685],[652973.92344136,483566.447930392],[652957.954726735,483566.377314579],[652945.735521112,483566.330157148],[652874.721124358,483566.020696591],[652788.794452243,483565.409759927],[652787.494560933,483565.403892739],[652744.682780759,483565.042603807],[652714.778326767,483564.797462014],[652614.607004367,483563.973473976],[652588.230913268,483564.155704857],[652578.249005667,483564.210283456],[652577.308855849,483564.214342742],[652578.572317931,483569.88943281],[652553.016246391,483571.884362053],[652522.47969692,483574.251882888],[652491.571762891,483576.669157784],[652460.093140091,483579.110686426],[652454.891716789,483579.517183159],[652454.094775241,483579.40518922],[652448.009309553,483578.507241239],[652374.931836709,483567.800439215],[652363.059589275,483566.052787449],[652231.579230821,483560.804735628],[652227.120310481,483561.121716143],[652207.95172958,483562.492864348],[652201.969770835,483562.917824868]]]},"properties":{"NAZWA_DZIELNICY":"Wesoła","KODTERYT":"146515_8"}},{"type":"Feature","geometry":{"type":"Polygon","coordinates":[[[640739.661332591,478896.779534114],[640738.626196824,478897.690987584],[640732.383751642,478903.218835989],[640725.413934193,478909.376624944],[640722.400387504,478912.043518379],[640720.98893377,478922.974593701],[640719.995410534,478930.717194536],[640710.291535821,478953.339582779],[640703.046292864,478970.209773802],[640690.137766592,478978.133783388],[640689.62932841,478978.439761702],[640688.778201563,478997.336287353],[640682.226937463,479008.985615369],[640674.465921635,479022.801579971],[640669.407430503,479031.812075148],[640666.99343897,479035.945501176],[640653.296672193,479059.39776531],[640648.720080168,479067.251549424],[640645.655971117,479072.477045542],[640641.059945215,479080.310293316],[640640.314936113,479081.579746941],[640634.994988013,479090.643029572],[640629.685307703,479099.696595054],[640628.824870711,479101.162865218],[640624.227394699,479108.686072226],[640614.792145379,479124.10585841],[640612.310135252,479128.167407134],[640597.905656059,479119.990157901],[640571.474165115,479116.781221862],[640570.955938433,479116.716930049],[640572.876973667,479136.259899559],[640572.95540281,479137.042062132],[640577.12537086,479159.887052584],[640579.7237089,479174.088704349],[640576.073425935,479179.538032238],[640571.005203883,479187.088254198],[640567.031928878,479193.008673859],[640558.396669486,479205.89051848],[640558.073126411,479206.381595332],[640557.133576675,479207.815683037],[640525.44385757,479256.031691864],[640505.248219307,479286.694698101],[640444.380701399,479247.446071602],[640434.385912866,479249.070425618],[640435.004381645,479254.927476764],[640441.80549539,479257.425041329],[640448.255519043,479262.862920715],[640454.427001208,479268.973117883],[640485.468797818,479305.529188117],[640470.103390311,479323.855410458],[640429.594677864,479375.298168917],[640410.44199917,479401.139926345],[640383.864492377,479436.94689707],[640386.506493675,479439.049759759],[640372.632072534,479455.527091985],[640370.831983674,479453.717448448],[640347.891298684,479480.574722854],[640346.445495653,479479.334849676],[640320.702960233,479508.434842817],[640279.241491307,479482.02138566],[640272.387965454,479493.752350843],[640293.093175414,479518.943358412],[640303.276265753,479533.334185908],[640277.886636137,479563.053902407],[640256.029588382,479587.241050798],[640238.22989206,479605.360107154],[640232.98230835,479605.635378154],[640216.432469125,479632.098889508],[640191.783037752,479662.899001957],[640175.415814523,479689.267543315],[640158.456104229,479720.439732001],[640117.272272914,479708.253887973],[640133.092236355,479666.920287919],[640138.926570951,479625.791278417],[640126.057292325,479627.216339436],[640118.523011362,479622.658552014],[640097.791659088,479657.516708067],[640067.051470342,479694.508807601],[640063.532192982,479712.611705834],[640067.516609799,479737.831543963],[640087.141030275,479752.172765675],[640124.02282511,479764.06996259],[640111.275891643,479782.088359065],[640105.906788488,479789.670260604],[640093.320800832,479789.163131657],[640089.364015528,479787.234004826],[640059.322608772,479827.895355396],[640030.398203968,479867.577507987],[640005.790953096,479901.198738749],[640004.659412616,479903.067525323],[639986.458359652,479933.92544735],[639967.649430639,479966.156596306],[639968.915113141,479971.75149179],[639985.852259604,479986.71860454],[640000.578356341,479991.934757892],[639998.559720039,479998.049066862],[640000.741244955,480001.619228008],[640037.257781469,480013.706378169],[640063.537633232,480022.41119557],[640066.223038624,480023.665260316],[640109.443514114,480038.147315626],[640122.878804271,480042.667872471],[640134.425118375,480046.426330288],[640146.105955322,480051.108497035],[640195.757888102,480066.987947422],[640242.941292894,480082.089318026],[640272.465724558,480091.353637181],[640304.957628261,480102.159804017],[640323.790199215,480108.229230867],[640341.302327644,480113.952238758],[640355.062690557,480118.651768174],[640358.369548926,480118.402977403],[640384.484932943,480127.633275909],[640385.139469613,480127.831328995],[640389.353437232,480129.137556403],[640393.488292622,480130.411601823],[640397.389740231,480131.80920935],[640416.012405752,480137.512850583],[640422.110942204,480139.741057251],[640423.5860278,480140.281742309],[640432.455834075,480142.826385496],[640462.345482725,480143.200796298],[640486.903901768,480147.608159297],[640488.565740924,480147.903995676],[640501.014132889,480150.137343797],[640585.201070627,480166.199368953],[640587.013623063,480166.469362484],[640632.544168004,480172.975179757],[640636.550913777,480173.455693376],[640662.959593886,480177.854094842],[640683.832628648,480182.819813196],[640709.275985267,480188.861590688],[640731.300635655,480195.21907453],[640766.177256892,480206.581043575],[640780.624780023,480213.559537471],[640818.865222407,480232.034294682],[640823.006832832,480232.338529102],[640827.333408347,480233.187865506],[640878.542207388,480235.770313034],[640953.717356708,480239.573804644],[640959.722998588,480239.369452707],[640981.663839123,480238.614626498],[640985.022044652,480238.317252562],[640993.011625853,480237.607621251],[640998.602753609,480236.841835471],[641059.359669863,480230.067629748],[641079.547359616,480227.614444665],[641081.309260938,480227.183040952],[641096.260992761,480223.495435345],[641120.673733366,480216.508778338],[641249.947570256,480196.074371774],[641305.862115158,480199.176609308],[641330.204891712,480200.528033162],[641337.63835476,480200.403062228],[641370.866545862,480188.869533734],[641378.873218996,480186.090366537],[641381.991782455,480193.756400248],[641383.798499805,480198.226243402],[641386.485248338,480204.870364678],[641387.459140333,480207.267232144],[641393.651786273,480215.148056113],[641403.003087463,480227.066012164],[641420.324729458,480249.123832365],[641422.170166881,480251.464739174],[641410.72578759,480262.499105921],[641410.582035095,480262.63514125],[641397.740376192,480275.020970345],[641399.497599766,480276.209441255],[641395.744600508,480280.305935076],[641390.729530049,480285.927621678],[641385.831612484,480291.652539671],[641381.031414189,480297.460152989],[641376.348919995,480303.351012864],[641371.773861858,480309.3348361],[641367.316507802,480315.401905896],[641364.45503877,480319.442989145],[641362.966865396,480321.551946644],[641338.188625175,480357.378583238],[641328.345869223,480371.617126534],[641300.078773678,480412.477533468],[641278.133674146,480444.202292758],[641276.389150042,480448.354182247],[641274.366907776,480453.148412723],[641272.7211303,480455.533022309],[641270.378023277,480458.90839952],[641267.205199869,480461.910890024],[641263.334149954,480465.574122687],[641228.869917956,480515.393592976],[641221.256214594,480526.403604137],[641213.850903612,480537.109362299],[641206.435048771,480547.834829135],[641125.63314591,480664.636235922],[641119.748464874,480673.14392838],[641118.561095236,480674.861179062],[641110.061651034,480687.166752123],[641090.189368259,480715.888643092],[641076.02224816,480736.447889276],[641052.324261418,480770.814253218],[641026.230169555,480808.664521719],[641068.107310637,480835.959697453],[641148.924312473,480888.639045873],[641158.797723979,480895.041407208],[641165.762995447,480899.563546794],[641178.846334213,480879.504407339],[641183.942312096,480871.674962501],[641200.753911213,480845.878651283],[641201.776993411,480844.316869325],[641204.920321363,480839.48356659],[641211.865804001,480837.83514848],[641235.143609195,480850.967270443],[641237.748876332,480852.589137565],[641258.689008669,480865.636778827],[641266.397304998,480870.049414694],[641278.279266268,480876.867182945],[641281.007268592,480878.752436619],[641281.644923473,480879.200026751],[641289.222767499,480883.629064909],[641290.423374984,480884.332184217],[641295.736314759,480887.488744259],[641308.919980638,480895.332422633],[641321.306664532,480902.704116468],[641322.103922527,480903.166109283],[641331.627465657,480908.838822177],[641351.384083854,480920.563821889],[641354.827681902,480922.608816037],[641362.501868083,480927.170514202],[641366.831277891,480929.729944278],[641367.716813935,480930.254372477],[641373.305407839,480933.568538261],[641383.282263755,480939.483758028],[641390.464892332,480944.101897849],[641392.522506615,480945.638659709],[641401.970246357,480951.159283894],[641405.959708081,480954.079338257],[641408.642504307,480956.153346913],[641412.108431725,480958.838959397],[641415.47057603,480961.661709483],[641418.822452287,480964.494176419],[641420.747684445,480966.117287086],[641421.076262322,480965.806349958],[641430.036032391,480974.153522124],[641435.182963748,480978.615509303],[641441.266359279,480984.293331749],[641444.376212366,480987.199123269],[641451.905275511,480996.296833225],[641456.914795924,481002.115034284],[641457.641625346,481002.955085829],[641456.893435074,481003.614449028],[641459.457839429,481006.355194458],[641459.068755652,481006.684462599],[641462.848383133,481013.948741664],[641466.970096856,481021.862459005],[641466.262015075,481023.242930496],[641472.409642458,481032.392535661],[641475.849457661,481039.287440754],[641477.943668645,481043.485220472],[641480.361083625,481048.291917426],[641480.692901891,481048.951072359],[641484.825503663,481057.195091931],[641492.495639012,481072.41671338],[641493.78810817,481073.052367724],[641506.908513871,481079.564310644],[641514.942151427,481082.695926492],[641522.787862573,481085.752358357],[641530.28308143,481089.189123187],[641537.127828892,481093.367947158],[641543.373169577,481098.250238795],[641547.699274549,481102.379586375],[641548.971622057,481103.744688075],[641554.366091389,481109.383511121],[641559.76028507,481115.0323268],[641565.144761957,481120.670874612],[641571.054496486,481126.843913506],[641582.49445963,481138.809522158],[641582.902840224,481139.230788665],[641601.690897545,481158.879120474],[641603.003214735,481160.245325235],[641609.897997048,481167.685542432],[641611.633648839,481169.293425797],[641611.770657354,481178.827235582],[641612.849496034,481179.956999172],[641618.243689434,481185.605817238],[641623.87163693,481191.481084402],[641629.101945121,481186.39534722],[641635.48310443,481180.191352672],[641636.02786359,481179.656378215],[641651.988198761,481195.596700266],[641660.808985385,481221.670111381],[641668.981294462,481245.875629242],[641669.333166521,481246.895339235],[641669.711517406,481273.055864866],[641718.404864598,481323.329274547],[641725.502801927,481330.655102209],[641726.679359567,481331.867562726],[641765.718979438,481372.124647903],[641767.560896788,481379.305485507],[641769.718368394,481387.735032714],[641815.7090689,481435.203911835],[641872.473130134,481493.790047203],[641877.15992679,481498.61935812],[641905.872878991,481528.241565414],[641917.035187013,481539.759541633],[641975.607946583,481600.205620979],[641990.290210223,481615.350722599],[641984.526222848,481620.931738572],[641993.062794086,481629.757273793],[642011.294438721,481648.550310277],[642089.401438961,481729.145417734],[642129.782795265,481770.789625794],[642130.618989722,481771.652698313],[642175.832342191,481818.300245274],[642177.980853328,481820.529528367],[642178.048870791,481820.601405156],[642179.303162463,481821.896014354],[642183.668753528,481826.406472577],[642185.467736233,481828.256111269],[642192.177001029,481835.171237911],[642201.618335096,481844.911750264],[642211.107977376,481854.713596258],[642220.948526396,481864.845125246],[642226.442090935,481870.51670883],[642230.037585529,481867.055881005],[642237.388709273,481874.628720348],[642239.284859807,481876.581040829],[642244.661559908,481873.439353605],[642256.625288161,481866.419364699],[642258.850360653,481869.860767446],[642282.36847406,481854.709489249],[642306.976731477,481838.82827875],[642330.556180154,481823.628687397],[642353.219769252,481809.003830851],[642370.283584261,481797.994510883],[642376.127313218,481794.235701256],[642399.79890251,481778.958644195],[642424.295043289,481763.154328509],[642450.154984067,481746.487628176],[642475.322482933,481730.271825301],[642501.946470753,481713.096193721],[642512.382255114,481706.36404271],[642525.190112782,481698.107319693],[642526.067311216,481700.021530917],[642528.57672918,481698.230746605],[642534.278567314,481694.178016787],[642537.434669887,481692.145070829],[642545.966029123,481686.660389169],[642546.157884105,481686.955683722],[642561.990840798,481676.702398879],[642559.932879006,481673.36560491],[642562.080983228,481671.984855319],[642588.920054684,481654.625145661],[642595.935523298,481650.078649675],[642624.608248485,481631.499512278],[642633.60780782,481625.717741316],[642654.548502311,481612.285333754],[642675.621580629,481598.7665757],[642717.666161307,481571.78625206],[642734.106940836,481561.249720708],[642742.526180921,481555.84193917],[642773.578500166,481535.828417324],[642790.600981055,481524.867925883],[642805.563637581,481505.200547481],[642807.120119898,481503.1534701],[642807.07567068,481502.952242459],[642800.845267492,481471.790144757],[642803.425736299,481469.961316585],[642809.239423334,481465.841663583],[642810.902101175,481464.657521741],[642827.374857988,481452.96185481],[642830.465425213,481450.767095213],[642840.327371846,481452.149157093],[642858.099082055,481454.62942604],[642941.896633639,481466.341156522],[643012.515236441,481476.199322731],[643076.877875923,481485.184908431],[643093.902645054,481487.554574856],[643155.087348724,481496.102494377],[643160.496450193,481496.861716953],[643174.811263387,481498.866624273],[643154.949300085,481553.669169797],[643144.893615746,481581.422002742],[643141.697809874,481590.693919435],[643138.898119333,481600.106764542],[643136.475937439,481609.610024381],[643134.431264174,481619.203698988],[643132.764650844,481628.867803436],[643131.476373096,481638.592345287],[643130.56670658,481648.367332094],[643130.046746413,481658.153069644],[643129.906224451,481667.959274789],[643130.155684494,481677.766238278],[643130.785685391,481687.553699521],[643131.806219624,481697.321934224],[643133.228657992,481707.021255693],[643142.56771207,481763.969367838],[643145.773830477,481782.597971474],[643149.362142959,481801.147118518],[643152.875685497,481817.694186488],[643153.292403958,481819.625698855],[643157.614851567,481838.025098401],[643172.701341407,481900.141821071],[643175.003179948,481910.225408747],[643176.912830413,481920.388177749],[643178.490523337,481930.621789587],[643179.667138359,481940.894337087],[643180.481959872,481949.056885656],[643181.443292004,481956.983474152],[643182.836505949,481964.841976747],[643184.611639315,481972.63101512],[643186.779787288,481980.31089505],[643189.330957403,481987.88134089],[643192.255984216,481995.312099555],[643195.555143422,482002.593178583],[643199.209277103,482009.694049215],[643203.208668479,482016.604443312],[643207.54360077,482023.314092733],[643212.214901027,482029.793020053],[643217.202859991,482036.030681451],[643222.48804408,482042.006540624],[643228.080170135,482047.730865732],[643233.940646633,482053.152591669],[643240.069473606,482058.271718434],[643246.446666123,482063.087694669],[643253.053066277,482067.569991571],[643259.878405938,482071.728325934],[643266.904354226,482075.502191495],[643272.865105778,482078.376662542],[643278.995937163,482080.885822642],[643285.246334631,482083.048278358],[643291.616022521,482084.87402216],[643298.06585794,482086.331973869],[643304.596116574,482087.41214098],[643319.06943405,482089.471450914],[643325.898640648,482090.589865912],[643332.656865435,482092.106326306],[643339.315233649,482093.980035151],[643345.874020953,482096.200999982],[643352.3029742,482098.778386277],[643358.572942944,482101.681389567],[643364.693643975,482104.920278029],[643370.625383004,482108.48395649],[643376.368711363,482112.352439985],[643381.883383404,482116.534618303],[643387.180494299,482120.990797183],[643392.230066564,482125.720149597],[643397.022107683,482130.722399867],[643401.51692336,482135.986452797],[643408.078523092,482144.267552974],[643414.303203004,482152.799360807],[643420.242028207,482161.543284724],[643425.865296879,482170.48850519],[643431.163016499,482179.634746505],[643436.146006555,482188.952306865],[643440.79428204,482198.440634891],[643445.097850434,482208.099454877],[643449.067806915,482217.889072523],[643452.683890799,482227.818928928],[643455.946653422,482237.869039079],[643458.866362931,482248.029686146],[643461.413593201,482258.280058064],[643463.598336703,482268.620430488],[643465.421144785,482279.030818394],[643466.842598842,482289.490134039],[643472.592208737,482336.989211722],[643477.713540809,482379.350908707],[643478.746527182,482389.029500412],[643479.448658339,482398.738964475],[643479.830478136,482408.459591579],[643479.902254751,482418.181664882],[643479.643727516,482427.914625475],[643479.055723492,482437.628495853],[643478.300816554,482445.417743052],[643477.107342628,482453.154889953],[643475.52581555,482460.821329988],[643473.536801733,482468.396526774],[643471.161113236,482475.851054193],[643468.359607189,482483.153831988],[643450.941925841,482525.833692921],[643448.87173793,482531.276628918],[643447.148530115,482536.829138923],[643445.75286879,482542.470686591],[643444.694746434,482548.201547635],[643443.96554901,482553.971483937],[643443.575269001,482559.780771206],[643443.544718457,482565.599983387],[643443.862864204,482573.278833601],[643444.602072725,482580.91930049],[643445.772612209,482588.511667291],[643447.630416467,482599.10302408],[643448.071385688,482601.60521406],[643449.770350606,482610.342171077],[643451.891756736,482618.990782465],[643454.39618553,482627.5299605],[643457.2839127,482635.949712726],[643460.525236496,482644.239219597],[643464.140969005,482652.369055063],[643468.121393461,482660.328950965],[643472.456793096,482668.108639139],[643477.117741867,482675.687307538],[643481.269906653,482681.771924441],[643482.124776175,482683.045522593],[643483.956630656,482685.51608736],[643486.724948731,482689.20250098],[643487.447642887,482690.192449716],[643489.585404769,482692.811456024],[643492.517738095,482696.352393584],[643493.087720521,482697.078126473],[643495.531665509,482699.835581852],[643498.628014106,482703.231043356],[643499.014755945,482703.711718265],[643501.8059568,482706.568755566],[643505.056052499,482709.828457807],[643505.249285569,482710.073791515],[643508.378301209,482713.010150078],[643511.772427237,482716.123824868],[643557.280611346,482756.799805628],[643559.575912762,482758.783153327],[643561.912562646,482760.717641391],[643562.185184249,482760.985165759],[643564.300829191,482762.593553029],[643566.730719907,482764.41061254],[643567.317862979,482764.876816642],[643569.202510496,482766.158827431],[643571.715925259,482767.848190195],[643572.648118682,482768.493916156],[643574.281232392,482769.468984035],[643576.878171212,482771.030650049],[643578.176502778,482771.816479309],[643579.517009914,482772.523471436],[643582.197748498,482773.947448199],[643583.873313509,482774.833686506],[643584.910394474,482775.302304638],[643587.654947845,482776.588040748],[643589.7285584,482777.545262028],[643590.431408612,482777.804656532],[643593.239501077,482778.962144478],[643595.71281139,482779.93039378],[643596.080052341,482780.030527106],[643598.942242812,482781.039506194],[643601.826623893,482781.969096755],[643613.487366792,482785.570857651],[643621.846249667,482788.151508773],[643628.797226568,482790.293310856],[643652.198103245,482797.51902483],[643656.942601957,482799.169944566],[643661.525633887,482801.236413655],[643665.908056137,482803.687351821],[643670.080703294,482806.492505888],[643673.993888562,482809.640504867],[643677.638446526,482813.101095577],[643680.974958585,482816.853190221],[643683.993983621,482820.876528103],[643686.656654437,482825.13003643],[643688.962971011,482829.613715193],[643690.844640061,482834.265679493],[643705.934012408,482875.612432713],[643723.515819898,482923.758029602],[643733.613705996,482933.986746208],[643825.050191844,483026.570559753],[643831.798925844,482999.436472331],[643838.934883713,482972.403068732],[643846.428088003,482945.469521746],[643854.288806975,482918.626114483],[643862.496228566,482891.902272953],[643871.060621044,482865.288280272],[643880.001969473,482838.784687756],[643889.269484299,482812.420094318],[643898.903962704,482786.165625177],[643908.914294458,482760.061525963],[643923.279953866,482723.617474858],[643938.05061536,482687.354596386],[643953.177695019,482651.221549419],[643968.680075177,482615.258855261],[643984.538598022,482579.435984897],[644000.762153401,482543.793183941],[644017.331307804,482508.309915895],[644034.276038872,482472.987007729],[644051.555549624,482437.853334111],[644054.020270033,482432.97127767],[644069.200644775,482402.879744489],[644087.19051237,482368.095664921],[644105.535696418,482333.481385984],[644124.22537748,482299.066609434],[644143.250114544,482264.831074486],[644162.639333912,482230.795593129],[644182.353065667,482196.959062551],[644202.421287489,482163.322309723],[644222.814297647,482129.874515014],[644243.54098608,482096.655924092],[644264.631881834,482063.647378893],[644286.027305631,482030.83723277],[644307.756408133,481998.256290243],[644329.809472641,481965.894283056],[644352.186499302,481933.75121116],[644374.926631326,481901.85815474],[644392.484077791,481877.672214319],[644410.324690387,481853.73408597],[644428.450398906,481829.973822014],[644446.839840055,481806.440833697],[644465.493840942,481783.105143426],[644484.411850328,481759.986736224],[644503.594143981,481737.075619549],[644523.029902478,481714.401495288],[644542.719952918,481691.934385853],[644562.673736596,481669.694551945],[644582.890702291,481647.701978603],[644604.39318983,481624.784852979],[644626.168025123,481602.145240835],[644648.226027802,481579.753440246],[644670.536393415,481557.638601814],[644693.119658463,481535.7812918],[644715.955286682,481514.20094395],[644739.063263257,481492.89810959],[644762.413610711,481471.871961753],[644786.006329158,481451.122500454],[644809.851135595,481430.659993901],[644833.938037604,481410.484166454],[644858.257594073,481390.574757406],[644882.828136269,481370.99227331],[644907.621340618,481351.675932006],[644932.645821506,481332.675971868],[644957.882696579,481313.951871465],[644983.35084842,481295.544152298],[645009.040008955,481277.462531295],[645034.941288356,481259.666762678],[645061.053859783,481242.186824116],[645087.377998994,481225.012723108],[645113.893169712,481208.163893498],[645140.609915886,481191.620625892],[645167.527686323,481175.402905433],[645194.636488585,481159.510456533],[645221.926330227,481143.9430036],[645249.407203898,481128.700822345],[645277.0591246,481113.783361536],[645304.891809335,481099.200889435],[645332.905258205,481084.95340611],[645361.088927466,481071.060621096],[645384.720338367,481059.422297531],[645408.200690389,481047.459800042],[645431.51916397,481035.202830601],[645454.67603468,481022.641396602],[645477.6710268,481009.785490547],[645501.092804844,480996.321345171],[645535.437818914,480975.858391952],[645569.390781522,480954.744608841],[645602.931431636,480932.989436983],[645636.059768972,480910.592876254],[645668.744988642,480887.584077303],[645701.007351127,480863.953598746],[645732.8063346,480839.720323066],[645764.141938766,480814.884250185],[645794.993902555,480789.454821321],[645825.371391332,480763.462289764],[645855.234985787,480736.885567786],[645884.604119489,480709.745191757],[645913.448263153,480682.060319896],[645941.757423903,480653.830676562],[645969.53160143,480625.05626175],[645996.759700335,480595.776770136],[646023.411742591,480565.99137486],[646043.48524267,480542.67463716],[646049.497996093,480535.690359008],[646075.00764108,480504.903424723],[646099.940126004,480473.650557222],[646124.266024078,480441.910944533],[646147.993949466,480409.734825262],[646171.094751002,480377.091394885],[646193.576767246,480344.040884615],[646194.20333302,480343.078148733],[646215.44082478,480310.553316818],[646236.645850509,480276.66755947],[646257.211829328,480242.384163941],[646277.128492764,480207.71284734],[646296.385296734,480172.673319373],[646314.972248393,480137.265304591],[646332.878252446,480101.528497894],[646350.113852462,480065.443189912],[646366.65796058,480029.048799954],[646382.500859589,479992.33506003],[646397.661707616,479955.332499328],[646412.099982874,479918.060000817],[646425.845938533,479880.50839895],[646438.858777215,479842.706569312],[646451.168200899,479804.665331548],[646462.743680428,479766.403844277],[646473.605476415,479727.912666365],[646483.722508516,479689.230941638],[646493.114210576,479650.379206751],[646501.76114846,479611.336925588],[646509.67248784,479572.134351806],[646516.827141027,479532.810904872],[646523.245919886,479493.337158476],[646528.907461165,479453.762524696],[646533.822032963,479414.077286823],[646537.83718351,479382.347398665],[646542.649258079,479350.729490006],[646548.218010777,479319.232450846],[646554.572592717,479287.887085489],[646561.692743219,479256.702835132],[646569.577911224,479225.699684735],[646578.226994521,479194.917604463],[646587.63055181,479164.336333321],[646597.787205323,479134.005834085],[646608.676694441,479103.935547988],[646620.31872894,479074.136018594],[646632.672511864,479044.636121194],[646645.757477438,479015.456391965],[646659.563633252,478986.596555162],[646674.069892002,478958.096029871],[646689.266536866,478929.944547771],[646705.162182787,478902.192347294],[646721.737120358,478874.828884571],[646738.970537883,478847.883586138],[646756.871877052,478821.376712671],[646765.969164427,478808.427324176],[646775.410884724,478795.317429972],[646794.587009997,478769.725723156],[646814.390260512,478744.601316588],[646834.80954164,478719.983905061],[646855.825143986,478695.862944786],[646877.425972929,478672.278130589],[646899.602036117,478649.229186886],[646922.342790066,478626.735823315],[646945.627698687,478604.81747397],[646969.447320749,478583.453878085],[646993.780017907,478562.704440223],[647018.626341538,478542.549175204],[647043.95548737,478523.01723423],[647069.747470422,478504.10806625],[647096.01145687,478485.851924737],[647122.708027614,478468.227722317],[647149.835805092,478451.285422161],[647177.3653628,478435.004212485],[647205.285881668,478419.413795697],[647233.597637472,478404.504179314],[647262.249565098,478390.313956176],[647291.252208479,478376.823416753],[647320.575038835,478364.051719784],[647350.207788176,478352.008582508],[647359.244802382,478348.497701894],[647386.161780547,478337.749702562],[647412.797995217,478326.303943497],[647439.113751282,478314.1493297],[647465.118214539,478301.316114459],[647490.751429049,478287.802644318],[647516.033379882,478273.609470257],[647540.923545227,478258.755475204],[647565.421373784,478243.260644316],[647589.497163014,478227.114158209],[647613.139817872,478210.355711774],[647636.329903986,478192.964768572],[647659.056601857,478174.971030884],[647681.309643087,478156.384215747],[647703.048505819,478137.223206192],[647724.283182467,478117.488277742],[647744.982868257,478097.208581641],[647765.147838513,478076.374125251],[647784.766722644,478055.034596216],[647803.800100965,478033.168907099],[647822.256863714,478010.817304025],[647840.116749849,477987.989228595],[647857.379483611,477964.694673494],[647874.004267594,477940.962514544],[647890.001369771,477916.783034721],[647905.359419589,477892.205921779],[647920.078416849,477867.231175812],[647934.117839706,477841.877680059],[647947.477687966,477816.145434639],[647960.176569044,477790.084953974],[647972.164244011,477763.70485316],[647983.450705338,477737.005407882],[647994.045118905,477710.016871765],[648003.91668002,477682.768396308],[648013.065388542,477655.259981678],[648021.490417734,477627.521605994],[648029.561752234,477598.103435447],[647975.513950656,477586.732920328],[647405.345046233,477466.889201836],[647394.089876067,477464.528819118],[647387.616412469,477456.670156321],[647385.845622148,477454.521283899],[647367.809265887,477432.613495648],[647291.665550625,477340.202024292],[647295.239900309,477326.990285543],[647318.722928375,477240.21584261],[647324.734598291,477218.761120261],[647340.275499884,477163.24837824],[647362.053315242,477118.00781636],[647361.815537861,477111.761122172],[647361.707229851,477108.798070356],[647347.980701109,477077.468923207],[647310.855769513,477058.39493531],[647310.726691941,477058.361375792],[647277.313160867,477048.669924031],[647198.225132991,477031.489030071],[647128.372046844,477039.163289847],[647118.948479157,477040.373500263],[647103.975404573,477030.680474069],[647101.833656996,477029.291394854],[647092.228929537,477026.916534572],[647091.838867737,477026.555772604],[647085.432412626,477020.61901571],[647077.953494222,477013.682669286],[647063.29798982,477000.088318881],[647051.470089127,476989.121984117],[647048.497205634,476985.95995309],[647036.723378929,476973.395076632],[647019.722575456,476955.275973903],[647019.265871456,476954.793372197],[647008.142264196,476942.946440127],[646993.475092338,476927.961745652],[646990.158252954,476924.580228254],[646967.812459383,476903.373703499],[646949.452809239,476885.937159323],[646948.841934628,476884.880295389],[646934.9572842,476860.736991486],[646911.471891414,476819.928652363],[646910.197900291,476817.533478936],[646909.189927107,476815.645650122],[646864.153167044,476730.982251219],[646823.588408392,476656.042366781],[646760.595079648,476539.683331051],[646711.32944787,476482.90398773],[646711.02876836,476482.565691565],[646709.414625692,476480.901158167],[646678.664045633,476449.342771299],[646507.210019134,476281.422749491],[646446.431864602,476255.196699478],[646432.624101057,476251.115966459],[646445.247919664,476212.173242725],[646463.583198338,476191.318313798],[646462.465658411,476143.34659143],[646443.947911906,476118.585626705],[646437.916027804,476098.698963928],[646389.050362244,476096.331804958],[646371.082850295,476091.876398412],[646353.546720036,476082.292788773],[646341.955051444,476067.472957357],[646338.442204418,476051.975827896],[646345.503401719,476041.780297722],[646355.271873966,476041.479584691],[646348.977405433,476028.215814286],[646313.854245172,475954.306187135],[646307.937163966,475941.862839199],[646295.652058937,475918.82374778],[646294.948418587,475917.504326079],[646292.609520628,475913.109768297],[646270.921337,475872.401139597],[646237.34734229,475809.404455733],[646217.959792738,475779.919467361],[646201.553489812,475751.116677954],[646168.506959487,475678.054381791],[646151.546738797,475622.185847405],[646135.020600197,475528.078601093],[646123.457495293,475488.279144009],[646106.200697954,475344.130884142],[646093.190911255,475181.589384337],[646045.57787199,475152.646438969],[645993.064449153,475132.058571545],[645942.712190489,475157.141068732],[645939.88321936,475158.553113623],[645930.321328223,475206.140361522],[645873.75135273,475337.793261823],[645847.643649076,475374.334215926],[645816.335805867,475397.091587728],[645812.666053292,475414.130715826],[645761.775314911,475553.430206825],[645728.626735302,475588.547015922],[645704.541416985,475571.312795178],[645684.204405222,475550.151838465],[645663.471840817,475526.289936848],[645645.746643706,475513.771123291],[645619.22585574,475490.929687181],[645603.50972788,475482.436323783],[645573.003366913,475453.264927557],[645562.515890568,475430.675473236],[645553.616473847,475397.999635451],[645547.549543734,475360.881807444],[645535.986003951,475333.432619435],[645529.012930806,475283.839619644],[645532.388034058,475275.312519372],[645527.503423095,475246.817423888],[645509.587334872,475247.753583088],[645498.000320835,475248.364197512],[645496.895356068,475242.013639365],[645494.861038001,475230.197377837],[645490.750775482,475219.683913891],[645481.02529018,475194.845443295],[645477.322227618,475180.443143822],[645471.810158339,475159.110871732],[645461.600233922,475119.558821975],[645460.596829973,475115.691103338],[645452.610393267,475084.720479257],[645443.775538851,475066.026661579],[645435.158117575,475047.788845486],[645434.793637709,475038.518655177],[645413.310449727,474996.175834497],[645411.980427803,474993.999140093],[645390.083964043,474958.305036496],[645360.579445748,474910.201041873],[645360.484202578,474910.028413979],[645348.770304066,474890.935244203],[645318.448132538,474856.168926969],[645284.18073085,474816.873804644],[645276.629270048,474808.215530558],[645272.75214984,474801.578564563],[645263.337978015,474785.398836442],[645260.320800722,474780.215595621],[645235.931105932,474751.892913925],[645227.258517506,474741.823720139],[645212.023530039,474732.563658044],[645183.580072853,474715.25941167],[645162.306059258,474702.332844417],[645150.146091805,474696.157588135],[645121.527278251,474683.038575727],[645111.838821669,474675.721426982],[645087.348531923,474657.21613562],[645075.863730337,474651.579499936],[645048.262035778,474638.928536357],[645037.488237827,474633.981509156],[644966.880258427,474604.484938449],[644932.059561246,474607.395222262],[644868.580495748,474626.195814857],[644844.099029876,474637.121182126],[644832.416500854,474624.509007916],[644698.50981573,474479.926275386],[644646.438586241,474423.710347136],[644642.699699723,474419.677243537],[644567.166511333,474338.124359925],[644564.806904419,474335.569292593],[644550.453818861,474320.073500584],[644543.860027644,474312.951674648],[644487.850146174,474262.127315171],[644460.117987824,474238.972688352],[644422.741909516,474211.60221378],[644356.228756744,474156.538359428],[644345.679266732,474147.807498515],[644442.394329897,473992.011211888],[644427.809310092,473980.939104056],[644422.198434455,473976.614412165],[644415.167834999,473971.190578648],[644406.178938847,473964.252755255],[644398.691634689,473958.34632947],[644340.779274928,473912.689689776],[644093.344243566,473705.587991687],[644071.351831201,473687.161684902],[643896.529469288,473538.412096709],[643850.217815065,473500.355397147],[643827.477543434,473481.488505743],[643775.974628117,473438.7587121],[643773.469420117,473436.769651658],[643812.549103087,473417.926461362],[643829.622132908,473414.556942011],[643784.82177961,473408.022229173],[643778.179869014,473410.629211021],[643766.746432614,473415.10416175],[643750.581701312,473421.438740735],[643722.36620249,473437.231303209],[643712.334785826,473448.164952088],[643695.873619199,473476.141564466],[643695.002933131,473477.61758316],[643693.325332595,473478.981362915],[643689.306299409,473479.670608385],[643652.095549661,473477.145088559],[643644.884769939,473498.21656262],[643647.419403179,473500.226433888],[643662.871507633,473512.49239702],[643635.917971937,473541.63984936],[643620.041244513,473569.092551453],[643602.8969555,473605.890403335],[643588.755648185,473640.040988049],[643587.759149679,473642.453546977],[643567.895043695,473679.606436389],[643524.724612213,473675.61663129],[643519.263183915,473690.906252024],[643542.844310703,473720.626412647],[643533.54798491,473749.880469296],[643520.747257213,473765.867823564],[643492.922825929,473767.470993243],[643481.74591688,473813.073358539],[643504.805168254,473822.178958896],[643496.78283818,473851.288119405],[643484.829671833,473883.328968507],[643473.793654972,473911.845061282],[643455.274676225,473958.245072704],[643433.436031647,473998.463531805],[643413.299710155,474028.438814675],[643387.586788829,474040.510243579],[643354.870394243,474050.528629694],[643311.141108508,474054.843438699],[643273.467008949,474056.79511475],[643231.535114166,474065.559495083],[643204.095655672,474066.98324336],[643165.871557587,474065.669732804],[643121.569278943,474064.288700279],[643072.67973841,474067.161269545],[643036.161641903,474072.52482755],[642999.450597149,474089.24314827],[642949.646827059,474098.800561593],[642891.716726372,474098.063928441],[642823.968182584,474089.286632978],[642827.147504414,474128.134517329],[642868.57168196,474139.966305627],[642929.687288986,474142.680757942],[642976.814753904,474136.979617538],[643001.82073081,474141.848852729],[643059.67089033,474136.053242288],[643103.237415705,474136.554000407],[643169.147796141,474130.390534324],[643210.087249243,474149.289031715],[643257.35126767,474129.201532938],[643292.712018898,474113.945997927],[643301.733916332,474108.074604784],[643308.08898557,474107.529754147],[643318.654287534,474118.951042213],[643350.147278058,474121.029048003],[643350.984645529,474134.912243731],[643335.00629452,474164.962109668],[643298.112362135,474234.755833571],[643298.236480864,474234.969256256],[643284.07433491,474258.989120145],[643257.541042237,474298.648136619],[643247.241612043,474312.774378558],[643226.738140325,474344.459516134],[643223.492233907,474344.310050986],[643215.354871497,474348.565802239],[643196.773490676,474346.433643467],[643193.039166469,474348.040730362],[643189.203540342,474349.695025493],[643184.254694389,474351.828641664],[643198.000546507,474374.477685717],[643196.317496657,474393.091444473],[643182.593335535,474389.973151142],[643175.9369213,474446.440128571],[643169.481471747,474453.892259011],[643139.112067877,474451.685186468],[643105.096555049,474448.247609234],[643108.835814702,474419.250451321],[643102.680280278,474420.900802881],[643093.844711606,474423.277291803],[643086.53067755,474425.235714523],[643079.478376174,474427.131350644],[643048.36328761,474434.563799949],[643024.790126637,474431.044041088],[643014.036475071,474444.597743698],[643003.84585278,474461.306986772],[642986.00038005,474472.385200851],[642968.810398497,474462.221328604],[642929.44484101,474457.696283397],[642891.464155042,474452.269403534],[642849.927419882,474433.274419831],[642849.960752614,474441.135391645],[642849.980289178,474445.505959637],[642849.99726952,474449.60645535],[642894.532303744,474477.734145152],[642930.05543959,474491.053347367],[642961.399726766,474501.427351529],[642940.58969709,474517.023882386],[642925.769062227,474531.555487737],[642917.551446464,474536.909025129],[642914.063030973,474551.362975623],[642915.09382795,474571.651528956],[642886.454841006,474589.022275686],[642857.38045795,474591.350916034],[642834.420389708,474636.698373383],[642812.959639003,474650.506940253],[642802.564601423,474675.720586996],[642812.265861932,474679.668011378],[642841.915805526,474656.095101117],[642867.995914177,474642.673859808],[642887.303624947,474623.895911064],[642903.992004574,474596.385702597],[642931.231794379,474582.976417449],[642938.468348611,474565.32575331],[642953.929273435,474545.34175837],[642972.245978631,474531.31651717],[642987.249761421,474512.679927881],[643032.017992273,474507.313820332],[643059.333497311,474510.38673096],[643037.040257494,474532.992437024],[643028.67271511,474557.571985645],[643031.080263485,474589.588580559],[643016.888159017,474624.127657751],[643002.452077534,474645.749912855],[642989.865771919,474670.2831727],[643002.894292046,474684.852386622],[643025.035967592,474651.782439686],[643052.881817317,474618.199708344],[643059.125028486,474581.441515498],[643073.852495532,474551.787224236],[643103.61791872,474538.537541601],[643132.694528833,474536.128954307],[643168.088456126,474539.624535203],[643157.745906236,474581.799795034],[643147.70522726,474610.483267723],[643134.372237096,474643.966029368],[643117.38809772,474676.038139855],[643109.859645817,474698.110800383],[643007.039559203,474720.21690198],[642984.43880191,474730.034019925],[642961.494865689,474734.161636443],[642952.392900083,474758.900931398],[642952.188803451,474775.375423173],[643054.995355575,474758.83901367],[643074.106432742,474771.865879895],[643065.970312836,474804.011861079],[643055.383309293,474837.640296119],[643035.448828283,474866.821043181],[643017.023178499,474894.593365373],[642998.312279484,474927.997862623],[642982.859761547,474952.392105062],[642967.46326443,474976.567887594],[642955.246117727,474998.591288874],[642937.586339518,475012.364607019],[642938.839373189,475033.659297352],[642928.327447477,475053.679683653],[642886.236726906,475046.439423839],[642846.543061834,475046.925291953],[642841.116316544,475075.465899979],[642855.87211988,475105.732844203],[642877.522710649,475112.609683252],[642855.127801953,475158.492687745],[642828.111331897,475164.888025714],[642803.726234898,475196.266062471],[642781.98045341,475207.716715717],[642755.159937016,475208.817414538],[642726.35969022,475204.103504507],[642706.849779854,475210.625754741],[642706.178432668,475211.037251633],[642706.127643981,475211.065851823],[642688.756138023,475221.637071818],[642686.178615893,475224.086037562],[642682.922355701,475226.126291223],[642674.599591833,475229.126892109],[642669.596975709,475230.309001791],[642669.325250917,475230.371512054],[642669.811852021,475230.494926037],[642662.952058658,475237.015875432],[642661.966262415,475237.588705368],[642660.312975293,475238.433137503],[642657.785859814,475239.053481034],[642631.69916565,475241.104409987],[642634.22748938,475242.254110632],[642638.207903786,475244.053842383],[642642.990240908,475244.695672218],[642656.889443323,475246.178815179],[642661.336841975,475245.911406819],[642664.12198642,475246.088180889],[642673.546033024,475245.217950892],[642685.515099602,475243.077866752],[642694.167492842,475240.816357072],[642704.368489965,475237.517528167],[642711.689482511,475235.669320566],[642713.489076183,475234.958922076],[642718.331936103,475233.042403891],[642719.686627617,475232.509742723],[642725.022225052,475230.856808511],[642731.645978936,475230.359389827],[642738.246472989,475231.431340075],[642752.103888647,475234.793343117],[642759.440703892,475238.175605373],[642767.643635483,475242.061745713],[642791.63378649,475250.043090589],[642799.348388416,475253.505767944],[642800.394123967,475255.474606941],[642800.871742139,475257.73778765],[642800.329912837,475262.882886277],[642794.047873751,475268.759759543],[642791.090958048,475270.098260346],[642789.369375482,475270.880809695],[642783.857523063,475273.848893756],[642784.06950608,475277.404760609],[642789.349309452,475283.580340679],[642797.275495633,475291.338879842],[642798.089001367,475293.751320429],[642791.692757182,475305.585084422],[642785.686892798,475316.679604003],[642781.131805169,475324.844095092],[642778.061985207,475331.72951958],[642775.155197455,475337.779432488],[642771.982897185,475344.392029997],[642767.974013315,475352.331575213],[642763.337332501,475360.553816507],[642759.789097928,475366.656047345],[642755.895258496,475372.598750196],[642748.522538558,475379.225559889],[642745.003811203,475379.178563724],[642740.641737031,475379.978325668],[642738.541512767,475379.260427061],[642736.189073934,475378.98557888],[642733.93297898,475378.843387332],[642731.5606315,475378.927992673],[642727.577140044,475378.328181453],[642725.954427143,475378.063448687],[642720.202666766,475376.674889035],[642716.999062823,475375.716573641],[642709.987149502,475374.333277239],[642713.842984741,475356.709453249],[642717.24334879,475354.883174441],[642717.263918345,475349.783708879],[642717.553733629,475344.711665385],[642717.88529424,475338.850767578],[642717.257179254,475333.703420419],[642716.884537568,475329.083118885],[642716.664003069,475321.846993566],[642715.744038648,475320.031622781],[642712.066245163,475315.960216965],[642712.614028807,475308.78527115],[642708.959432714,475306.77451806],[642708.620637808,475306.005174165],[642705.914208203,475306.600574221],[642703.126508024,475306.153727409],[642701.937573191,475304.300942253],[642699.337970986,475302.109269423],[642691.570213617,475294.045097672],[642691.477758667,475288.692515425],[642681.42562565,475285.865407567],[642672.627616104,475284.702880544],[642664.903606312,475282.669953302],[642657.843768407,475276.495308649],[642649.634259677,475274.298997798],[642633.867095649,475266.574324629],[642622.994633017,475264.484609916],[642617.110844847,475263.532416166],[642606.942063611,475261.672100181],[642601.030976408,475260.259151267],[642585.683512361,475256.536072909],[642569.269287994,475253.783595166],[642566.533250232,475252.188166363],[642566.953193237,475254.729757104],[642563.197156085,475262.566267094],[642562.494561071,475264.836913201],[642569.861258279,475263.869972288],[642582.938350601,475266.880463264],[642585.892141789,475267.83189089],[642592.563084362,475269.975789855],[642606.070786539,475274.778161943],[642631.220600824,475282.77147202],[642635.336027825,475285.114929285],[642641.436189883,475292.003124292],[642651.787757353,475298.478508504],[642663.13424114,475305.501321792],[642667.653956959,475309.865936553],[642672.962679648,475314.992305484],[642672.121274627,475319.759141526],[642667.033650814,475325.838936852],[642668.203961021,475330.181223973],[642668.044048135,475335.25684747],[642659.196428596,475334.442953661],[642658.435700023,475334.831986229],[642655.109933198,475341.570351535],[642651.392133525,475349.107915035],[642640.96252198,475347.640408413],[642635.259377943,475347.753199018],[642632.920801557,475351.328756784],[642622.310576197,475350.246273778],[642612.626726761,475351.109338619],[642597.702616906,475351.617950716],[642592.544775041,475351.175769436],[642587.495672307,475350.416583736],[642580.033075435,475349.420867427],[642575.061433595,475348.753817578],[642569.359761181,475346.636635535],[642561.81012668,475342.268500359],[642558.860467704,475341.167185085],[642555.978077831,475340.527726838],[642552.860352302,475340.081782587],[642549.454650618,475340.287903938],[642541.141088971,475338.23872462],[642520.798744222,475332.877947235],[642515.647922117,475341.976014316],[642516.306933377,475344.914197071],[642517.027628387,475348.154081911],[642523.714146576,475350.458412508],[642533.689563028,475352.803403689],[642547.416146195,475358.371816726],[642560.506013201,475362.73267174],[642580.77340813,475369.361393311],[642601.529918347,475370.943568233],[642613.812635346,475370.12214365],[642630.25518579,475372.935409388],[642638.512240231,475371.593011805],[642647.120544057,475373.470316349],[642660.776756817,475378.326788118],[642656.762512202,475393.716228212],[642656.002358954,475402.065325723],[642653.837861715,475405.855683275],[642661.686204538,475405.192024268],[642663.8554729,475405.581824098],[642659.79015606,475410.489791198],[642655.437290617,475416.759840099],[642665.077860876,475422.54562555],[642687.037857118,475433.071035775],[642713.320568046,475445.675620002],[642716.115183681,475447.322666443],[642723.512882204,475452.486623354],[642716.854537904,475460.043128709],[642704.492109919,475472.462426376],[642699.65727714,475479.529194526],[642694.772007142,475486.974574494],[642689.721652912,475496.055413825],[642682.60826128,475503.069370095],[642675.460133413,475509.892367294],[642661.412388259,475523.955213765],[642655.734026909,475529.698719055],[642654.379306302,475528.78136898],[642652.714876881,475530.75549933],[642650.652800212,475531.918663052],[642642.39905018,475533.141146617],[642636.933815487,475530.790476799],[642635.146674743,475533.951231616],[642619.042173749,475553.337410443],[642610.692538498,475567.107325947],[642608.412099708,475566.034456314],[642603.170092734,475578.44002856],[642592.888529235,475591.916684701],[642583.712225314,475606.653815438],[642580.984785466,475607.648635695],[642572.584037047,475622.547145627],[642569.835936931,475634.811462838],[642564.059465442,475634.682225066],[642548.496134518,475632.623186711],[642550.024989362,475647.175416986],[642547.474629452,475657.34517184],[642543.965697453,475657.668444535],[642537.154465203,475656.260674095],[642518.981887851,475648.369673309],[642518.640966305,475648.040273391],[642511.20953773,475640.835373458],[642505.653510355,475633.072168921],[642500.414838543,475625.767715652],[642493.426412583,475609.384976799],[642498.062876913,475583.032637991],[642480.686771644,475577.083609385],[642481.142662143,475564.536106179],[642481.33448442,475559.391365126],[642473.856759442,475556.405215693],[642473.843603454,475553.254835434],[642472.962291248,475554.390547331],[642464.668074149,475565.061966388],[642462.519040372,475573.732773688],[642461.279006527,475576.998608671],[642457.74660536,475585.791282107],[642461.209886404,475587.486761456],[642463.583637638,475588.802204383],[642465.325736112,475590.540237323],[642466.223718601,475596.055022104],[642466.239904167,475599.0954852],[642465.400347397,475603.432365788],[642464.506164501,475605.397727321],[642463.156859149,475606.460537742],[642459.151847953,475611.720163157],[642445.006321591,475608.290202841],[642439.999794168,475617.232239856],[642437.137476225,475620.943356246],[642429.79080264,475637.870926711],[642428.44498304,475640.983844103],[642433.386007118,475647.84008835],[642437.249499694,475644.086570934],[642453.190106781,475645.156004001],[642463.228891876,475653.182783077],[642471.637196526,475658.324599799],[642483.400658732,475672.34895705],[642485.419037999,475685.104668833],[642486.180002616,475689.785672488],[642500.608972449,475703.973511929],[642496.250154845,475716.263423364],[642492.410441898,475727.497638528],[642484.338781641,475751.135261935],[642483.754866936,475754.179182384],[642489.735793127,475753.7840557],[642487.081345806,475762.650930928],[642483.430186481,475774.300345382],[642474.037092505,475771.871392709],[642470.986684984,475770.797296257],[642469.997431224,475770.770025394],[642470.596208732,475788.22662954],[642468.554013889,475787.580328725],[642436.034921022,475777.383818765],[642431.048862739,475793.926458592],[642428.613518931,475800.64936007],[642427.617908941,475803.391928992],[642425.248697157,475805.176626499],[642421.522914182,475806.473924628],[642421.149336641,475806.603626891],[642420.530761215,475809.816592022],[642421.778448156,475813.891009253],[642419.330460019,475822.523572166],[642406.9967953,475829.183604309],[642413.493624424,475862.672884535],[642413.528635872,475862.853850683],[642416.382068511,475877.602591969],[642419.306349708,475892.683288468],[642423.091742296,475895.027654531],[642425.506990309,475897.014247405],[642430.227720539,475901.704411217],[642454.539589223,475909.984672022],[642450.0363645,475924.610610742],[642438.294969625,475962.747139996],[642437.355931688,475965.251266749],[642435.531345746,475967.230978157],[642430.823221785,475969.701199947],[642407.452358869,475968.276913112],[642398.277552448,475967.723982566],[642395.729075414,475968.393730713],[642385.869148356,475968.751917886],[642384.836619424,475968.843454004],[642374.551575606,475969.749924579],[642374.34466646,475971.814231502],[642374.094557364,475974.357350035],[642384.155963867,475976.484730614],[642396.057462784,475980.422848071],[642408.183430347,475985.287158918],[642410.405364202,475986.668419947],[642413.033834327,475988.900892871],[642415.309538177,475991.233641429],[642417.096988829,475993.502929656],[642420.343391825,475998.712453901],[642421.992253993,476004.557941138],[642422.894711708,476010.272851035],[642423.155723551,476016.040078015],[642421.681628309,476021.629470956],[642420.560046405,476024.588567536],[642417.993365299,476028.457830814],[642414.177456738,476038.102686882],[642412.868835908,476055.826707168],[642398.190810902,476082.23220663],[642395.506504845,476094.35827079],[642392.675765116,476103.090279648],[642388.791359993,476113.043247321],[642382.257250714,476124.07317306],[642380.249192669,476124.727818106],[642369.798107444,476124.039697399],[642350.852227486,476117.357359684],[642335.384651533,476112.550922744],[642324.319568343,476109.105861614],[642313.41441416,476104.575204133],[642314.072336038,476101.023323676],[642312.545215562,476097.2912049],[642312.60506292,476087.502804936],[642310.924346547,476080.63643598],[642306.425881938,476072.962383376],[642304.438107906,476071.067574866],[642304.489349132,476073.198998275],[642303.460178526,476076.070640647],[642295.198502611,476084.472925116],[642289.398050308,476091.743054577],[642276.662085606,476103.202005886],[642274.488793059,476108.76211998],[642265.297140397,476113.898748886],[642251.892398731,476111.529193741],[642239.972276473,476110.08057141],[642232.296392913,476108.478954071],[642213.338577322,476104.406303595],[642193.052317635,476100.277030683],[642174.02686254,476097.932524506],[642111.957375963,476079.041304566],[642101.481655157,476075.982496299],[642091.753640119,476072.644299779],[642088.806798819,476078.333085938],[642088.286542047,476080.518752967],[642143.767059035,476125.488444611],[642150.656642157,476127.318386142],[642161.038824996,476129.054611955],[642173.920022928,476131.189733038],[642186.950281762,476133.358963793],[642188.518397511,476136.692209506],[642193.560755247,476138.421226375],[642194.010665197,476136.973622789],[642195.113216028,476137.244019408],[642195.639609205,476135.198521505],[642207.129804498,476138.09529923],[642213.891966396,476139.831728187],[642215.781041555,476140.953811968],[642218.933196768,476140.150707427],[642221.192393011,476140.542991313],[642241.046299103,476145.120350278],[642245.458431446,476146.131989879],[642262.752193768,476153.978786994],[642273.872870784,476156.495377169],[642290.942216449,476162.325978685],[642290.333879626,476164.079216691],[642285.496886614,476178.115939363],[642280.482982162,476187.68776214],[642287.239233845,476186.374014385],[642291.55261594,476179.72289382],[642295.03392076,476176.0488491],[642316.247844145,476153.783567695],[642343.212931762,476161.946990432],[642331.958986956,476199.086930379],[642330.03422415,476198.533864888],[642320.527023569,476223.821896272],[642316.74093885,476240.727606169],[642311.574142226,476263.825282965],[642310.359796241,476266.521818872],[642304.031442778,476280.607426368],[642309.905329367,476283.369375745],[642318.010814783,476288.612860221],[642315.599502894,476298.816435714],[642316.828975864,476302.100347563],[642303.859994801,476316.932884328],[642301.682365602,476319.022860309],[642299.105188237,476325.811844998],[642292.238767205,476340.552620153],[642285.852259509,476351.306605307],[642277.129821448,476359.736179234],[642268.129322631,476368.458088269],[642267.079838598,476372.429174776],[642261.504796587,476387.845552732],[642255.536367245,476401.571076466],[642252.740358001,476402.513997672],[642244.004649578,476400.543152472],[642218.402858121,476394.437305092],[642215.773440892,476392.964807448],[642213.90991165,476390.55342015],[642212.738891974,476388.051124274],[642212.256450041,476385.237810362],[642212.528125273,476382.275286022],[642215.239187205,476374.619990699],[642220.383476789,476348.711689131],[642216.957543635,476342.397209607],[642212.314634943,476334.159170399],[642210.057843524,476329.326930176],[642207.20300753,476323.698198845],[642199.616682565,476308.32898],[642197.323827895,476306.255758998],[642195.934501184,476300.427429466],[642191.451069966,476288.943772847],[642192.861307992,476288.572649553],[642193.276482988,476286.934087682],[642185.897545518,476289.070669897],[642175.578097092,476284.696155597],[642175.092348848,476285.992770171],[642183.601560802,476293.27739221],[642188.184340216,476303.333780807],[642189.527010346,476309.040823371],[642188.02471152,476313.839429335],[642194.985067894,476323.621364146],[642200.13305803,476340.743369295],[642201.255017331,476343.574313886],[642200.522736239,476359.25419999],[642197.414056646,476359.568498436],[642193.308409371,476368.11535033],[642184.57620534,476381.614675604],[642180.177895161,476394.973480881],[642178.15373439,476396.937685809],[642168.040069783,476401.058880454],[642165.406069435,476401.566265793],[642158.008274691,476401.12231322],[642149.576024666,476396.84982417],[642147.459729308,476394.901470955],[642128.223739979,476379.881084904],[642125.88453011,476379.126591776],[642115.89020126,476381.821069865],[642105.905740733,476381.25580541],[642098.505967738,476385.961821503],[642093.111170831,476391.213115068],[642082.123909595,476392.200210781],[642076.042139058,476394.802553249],[642071.529055126,476406.158180586],[642069.81533466,476415.360974422],[642007.880499719,476397.753411224],[642007.445364093,476400.841427566],[642011.441966219,476403.141619772],[642008.474784008,476408.479839047],[642002.287026943,476419.279291964],[641998.693575766,476425.570249066],[641987.651289208,476444.875899917],[641972.643074673,476470.562236806],[641961.475843152,476489.684438963],[641931.743603769,476540.904935686],[641917.460825602,476566.031260958],[641904.534015194,476588.764958552],[641901.980228143,476593.254568141],[641891.207930962,476612.197648895],[641883.207617641,476610.757076288],[641842.929921987,476603.776602305],[641836.37107549,476602.645772175],[641780.737038679,476592.991920267],[641764.985674076,476619.517746095],[641758.456940443,476734.088125601],[641755.904544597,476778.787901964],[641755.733341203,476781.733191481],[641755.133036708,476786.096655142],[641750.799497864,476817.417279908],[641750.987150185,476817.50245386],[641755.47723203,476819.676254945],[641752.766266797,476825.151530095],[641749.83935431,476827.940842588],[641733.771332471,476860.147941535],[641715.600331833,476895.727066929],[641708.7264877,476908.197588623],[641700.157078255,476923.771371149],[641684.408189895,476951.657245369],[641668.737310711,476979.615267695],[641666.860302822,476983.133527102],[641630.804136359,477050.08961188],[641625.448766351,477060.801987939],[641624.471129548,477063.255040186],[641622.473406604,477068.249974498],[641619.937925235,477071.350076593],[641584.052379399,477133.930832813],[641581.537709061,477137.00150767],[641579.305655993,477140.33997542],[641577.625464794,477143.973659667],[641539.402071189,477209.739947933],[641537.01372039,477212.944104912],[641535.454539742,477216.541124641],[641519.54602934,477244.412567278],[641515.859752066,477251.530947188],[641512.750078874,477259.13522629],[641509.811855905,477266.324231437],[641507.954554977,477269.853030606],[641504.14030426,477276.897881256],[641497.976569801,477287.187959451],[641485.795404934,477307.902148827],[641483.387344169,477311.095760982],[641452.730970367,477363.550617998],[641478.860348214,477390.051131176],[641510.859443682,477408.58347218],[641590.043117989,477462.49691703],[641508.065184249,477592.976890492],[641450.048082137,477685.347390525],[641441.162610624,477701.502424393],[641426.987694058,477667.951496183],[641398.540491509,477677.277129585],[641389.260485502,477709.191315713],[641380.399057081,477735.717030319],[641351.1556948,477749.980712565],[641377.742438964,477779.113868632],[641349.019351847,477814.401934657],[641341.739595339,477816.931208238],[641339.995696479,477818.523125238],[641330.053395535,477831.299001685],[641306.986017137,477866.743008424],[641283.771027483,477902.462939961],[641273.641697373,477915.493654491],[641249.094096651,477948.406827652],[641237.659272743,477955.471531075],[641222.06208194,477973.501476514],[641221.683034012,477989.061049237],[641218.194021222,477994.46484993],[641179.680726202,478043.90293546],[641178.938183412,478043.632459667],[641163.802732806,478063.775132331],[641161.768170475,478066.479033512],[641156.609062297,478073.336781684],[641144.546265922,478089.394173927],[641102.057920635,478053.792520903],[641099.944076672,478059.734239257],[641094.774030534,478074.241693453],[641093.018040894,478079.173278119],[641109.11626881,478113.327225855],[641108.775075287,478149.997862411],[641089.880795355,478174.086879367],[641093.219256676,478183.20894869],[641093.340616221,478183.522295571],[641094.959434974,478187.91694],[641089.890038319,478193.69715713],[641088.671806375,478195.08356573],[641081.464818707,478203.314840817],[641081.062164042,478203.773738037],[641080.504663393,478204.408365536],[641051.280412963,478207.462502507],[641047.077360598,478203.946598605],[641039.153517278,478197.558090214],[641037.566361208,478196.004322469],[641024.337725867,478209.009552118],[641012.937888717,478220.245208696],[640988.937440689,478239.843405068],[640984.861223838,478245.871006766],[640979.961163401,478253.12589145],[640966.355649558,478273.270728859],[640962.392645509,478310.731475075],[640961.161358422,478335.437540015],[640960.651170375,478346.323479347],[640958.518256464,478367.824678591],[640959.200292857,478368.113486514],[640958.146828803,478375.854442119],[640955.977596019,478390.694634601],[640954.941215493,478397.816060695],[640954.067802143,478403.741979846],[640952.786107304,478412.506642275],[640951.285173361,478418.705257045],[640950.484765824,478420.533186332],[640941.8495296,478440.305074782],[640939.853093349,478444.89002408],[640937.589574241,478451.907609867],[640933.929105,478464.61667688],[640931.507287742,478471.209896852],[640930.667591928,478472.286741969],[640924.070122648,478485.974817744],[640923.178042839,478486.050217607],[640918.378902094,478496.897882168],[640908.106181571,478527.094616697],[640902.936260861,478542.322057804],[640900.754448877,478547.101893962],[640890.942497257,478558.051321245],[640887.630774852,478561.739997581],[640885.917069115,478564.412740998],[640882.093137261,478570.357293395],[640878.919669169,478575.559782805],[640878.627481783,478576.001725511],[640877.928506091,478577.052450707],[640876.008889919,478579.939515756],[640872.421121011,478585.660580217],[640868.460949834,478591.83137517],[640865.783650379,478596.447546494],[640863.951761293,478599.417030556],[640862.560946495,478598.358676144],[640857.859934491,478594.769036698],[640857.12276429,478615.698716898],[640859.260367574,478621.587667388],[640859.408948204,478622.001764926],[640862.012002496,478629.143551662],[640861.718116865,478632.185448605],[640860.341158556,478646.217482741],[640860.196869615,478647.823504419],[640856.327613855,478656.136806384],[640847.653280523,478674.787603462],[640842.306074176,478686.290148679],[640831.400541085,478712.599416974],[640826.483630284,478724.4538273],[640820.89127753,478741.21961207],[640817.316438076,478751.911031645],[640802.628306945,478760.545977477],[640802.789589421,478763.400425913],[640803.201547866,478770.58178839],[640799.84052417,478778.959102876],[640794.471486007,478792.341042823],[640792.861573593,478796.326646743],[640782.791858538,478820.248956043],[640777.023470376,478833.969881544],[640769.296905812,478846.536804854],[640755.885986344,478868.326968281],[640753.348373705,478873.316987712],[640746.9838059,478885.811469593],[640742.828623266,478893.976880249],[640739.661332591,478896.779534114]]]},"properties":{"NAZWA_DZIELNICY":"Wilanów","KODTERYT":"146516_8"}},{"type":"Feature","geometry":{"type":"Polygon","coordinates":[[[636273.194406549,486391.004643413],[636262.014773558,486384.476143294],[636253.669052624,486379.615844632],[636035.828852818,486297.863998585],[636032.477954786,486296.81151997],[636032.954295964,486295.49468822],[636028.319301032,486293.86677355],[636027.616723976,486295.047362576],[635963.299353393,486270.35239551],[635952.54186206,486265.19553769],[635947.464381593,486268.005341867],[635899.419589064,486249.729454661],[635897.43993053,486255.514720761],[635881.036704452,486249.482040412],[635879.199569149,486254.451252919],[635873.862511715,486252.173970946],[635822.607001201,486232.83948274],[635795.506527973,486216.931689225],[635767.225468144,486200.321322532],[635762.492295664,486197.540719179],[635723.407739619,486174.542255305],[635625.046953566,486138.037851176],[635484.849214232,486085.508946267],[635344.8922355,486033.316728842],[635231.846130821,485990.497183538],[635233.756173557,485985.060001144],[635160.087538436,485956.437121457],[635163.356839845,485948.127509974],[635141.920653227,485938.945998772],[635070.654260501,485908.429479472],[635063.143200103,485905.212220701],[635017.246812556,485871.056036526],[635005.721623357,485873.787872637],[634992.584700324,485868.975362522],[634976.250082665,485862.994613333],[634973.127085817,485857.308520021],[634968.688873698,485849.276168777],[634961.49673918,485836.677890952],[634944.168332767,485840.979521084],[634936.662917493,485842.992322801],[634927.253532203,485845.512562466],[634913.841475857,485848.132320406],[634837.043057975,485806.463366743],[634832.363782332,485803.904261399],[634802.375843912,485787.546868762],[634796.415509764,485784.302418347],[634796.207392097,485784.59666836],[634792.451833449,485789.872908331],[634735.005751294,485759.337916218],[634687.811920452,485730.525875334],[634655.960480897,485714.29706057],[634654.515962145,485713.737201374],[634624.312898707,485701.913799497],[634570.656132916,485682.633203991],[634564.293972261,485679.817658698],[634583.272935365,485640.712278455],[634501.335849216,485592.841717899],[634442.719862172,485554.334665854],[634438.869665994,485551.808450111],[634429.355293056,485563.205614306],[634409.239585066,485587.339912061],[634408.298561047,485589.913886159],[634408.114353114,485590.428791291],[634403.061904309,485604.289054599],[634322.396917882,485575.183250526],[634171.768084178,485511.127169354],[634148.339351511,485498.780791437],[634141.810807966,485493.660711172],[634134.450303988,485487.887682783],[634124.358519001,485479.989316227],[634116.508334676,485473.842781242],[634071.180216248,485455.332113519],[633992.046742569,485430.158563537],[633991.539245384,485432.604502689],[633921.482955261,485417.671268329],[633916.759841805,485416.700931347],[633885.593944282,485404.621018512],[633883.446879438,485403.791777865],[633868.103474492,485402.478327878],[633859.633364408,485401.764568082],[633860.580952208,485392.430931158],[633855.682797216,485392.005751343],[633838.095569324,485390.470377407],[633829.451834862,485387.351880207],[633822.491728844,485385.549821659],[633777.03855606,485373.745580561],[633788.196312472,485340.484289693],[633790.016404644,485335.044647493],[633781.986163282,485333.973038197],[633758.277880109,485305.66933805],[633738.868163815,485282.124172683],[633722.93173773,485262.804775013],[633720.851539495,485260.27742026],[633720.590300166,485259.960217427],[633715.222736976,485252.992234624],[633713.349616325,485250.570592836],[633680.881893221,485208.485467691],[633679.655909517,485206.891667986],[633676.581578302,485200.166973387],[633671.083766464,485188.135514929],[633648.146863272,485138.403623511],[633624.192613125,485094.373529402],[633610.99709446,485078.279720507],[633609.68145671,485076.673447651],[633591.13593909,485054.062138308],[633588.235004435,485051.562134059],[633551.646030362,485020.03305875],[633504.99439088,484989.696246064],[633455.080820439,484960.519390217],[633422.214939094,484951.702547587],[633372.226736752,484941.173196127],[633363.254274646,484940.545583981],[633339.250184676,484938.903144754],[633287.588048081,484936.127410486],[633257.722776532,484934.533210398],[633238.611600969,484933.505794347],[633223.179319286,484933.239891865],[633135.422393337,484931.757962081],[633076.633007289,484934.325393749],[633052.404715019,484937.546645681],[633048.139029041,484938.118904246],[633046.161753607,484938.384327495],[633028.266159822,484939.690400898],[632989.549550582,484942.501804453],[632934.931583827,484946.464321741],[632922.62002616,484946.894528335],[632910.328453267,484947.325286416],[632897.846478843,484947.770789243],[632885.334804308,484948.205472614],[632872.249084904,484949.874281207],[632859.04290897,484951.559764766],[632834.44713149,484954.690872679],[632809.130094593,484949.172299289],[632807.648988676,484948.851431085],[632721.645040459,484915.378717149],[632719.171827369,484914.410485509],[632703.179562968,484905.449358411],[632656.020261939,484879.018532299],[632608.170944088,484841.718961353],[632580.643640088,484820.269828604],[632560.830189269,484804.833426608],[632558.540079559,484803.390262468],[632440.727037921,484728.610873147],[632416.394121757,484713.159756945],[632378.705558041,484689.230288944],[632342.658656151,484717.05470397],[632282.985897147,484690.03861023],[632246.68425895,484672.017266439],[632227.70180929,484664.153612891],[632193.552779991,484650.021573169],[632192.092100775,484653.671159106],[632134.619904009,484633.155637294],[632125.965391704,484630.066880438],[632125.859453713,484632.093899335],[632102.282476253,484626.573386564],[632100.335053541,484626.119655166],[632069.86871169,484612.249251384],[632059.15384754,484607.363686334],[632041.407330648,484599.284156487],[632039.408163057,484598.169016259],[631993.626115205,484572.926269975],[631991.096869178,484579.786271539],[631971.042310416,484572.36302999],[631947.871546105,484562.993846379],[631924.775139978,484553.466720861],[631901.818283801,484543.59345807],[631878.775150088,484533.947809084],[631858.476325209,484524.867880609],[631855.968664573,484523.698710069],[631829.226216522,484510.771069262],[631806.429951454,484498.702309253],[631788.636889961,484487.961586373],[631785.046578784,484485.802567467],[631761.209157476,484471.96513045],[631721.47305473,484446.139294026],[631699.880192998,484433.583768051],[631689.830898169,484427.046632205],[631681.422040844,484419.404800938],[631670.623666118,484414.646940427],[631661.539584848,484410.456372582],[631652.497126619,484406.206955418],[631643.347854126,484402.204583351],[631632.830558058,484398.494449492],[631632.677984626,484398.950225247],[631632.482409659,484399.514811026],[631630.801677592,484398.818448879],[631630.601088249,484397.752945229],[631630.252692785,484395.88338673],[631623.798854493,484393.855341587],[631618.941058636,484392.331327216],[631613.153381662,484390.441662048],[631604.762181323,484388.320154751],[631595.571614076,484386.176588186],[631583.66175488,484383.64798937],[631571.863594305,484381.782453232],[631563.08152104,484380.7801257],[631553.915061084,484379.937185522],[631545.07923289,484379.433359508],[631534.205360309,484379.223280939],[631529.946525323,484379.185751524],[631520.550720253,484379.406449912],[631519.561179079,484391.348778543],[631519.080950153,484397.155349142],[631517.403732692,484417.34844897],[631497.914150479,484415.180660851],[631486.051259177,484416.023254883],[631478.283468761,484417.038856096],[631463.975405571,484418.433953628],[631461.959551493,484418.648315509],[631453.625587135,484419.888284965],[631445.376653704,484421.670584325],[631437.272979426,484423.98687592],[631429.334272703,484426.847703279],[631421.601053324,484430.234185172],[631398.841729875,484441.105759794],[631381.270279087,484453.860445035],[631379.05512078,484455.499262399],[631372.212692267,484461.030259999],[631365.728389535,484466.991127316],[631359.633016011,484473.35271534],[631351.307448737,484482.622665877],[631345.76777125,484489.139584153],[631340.224915238,484496.496388434],[631335.132870965,484504.185623327],[631330.522717608,484512.168147772],[631326.39528236,484520.413985548],[631321.641218784,484530.712466042],[631318.71601131,484538.151506796],[631316.230796098,484545.952678823],[631314.080347947,484553.943083575],[631311.228688954,484565.964011236],[631309.303826357,484576.650557499],[631307.926597506,484587.422214366],[631307.117813791,484598.249557151],[631306.753334532,484605.659267944],[631307.113818681,484617.59884517],[631310.65889416,484641.325943569],[631313.174502676,484652.715014876],[631313.83829572,484655.1132596],[631316.969292038,484665.219354395],[631320.644823877,484675.160482569],[631324.826577467,484684.87558868],[631329.524544933,484694.36494852],[631334.699861011,484703.587490797],[631340.373061416,484712.523782887],[631343.772932779,484717.597455488],[631348.778966391,484723.895417263],[631356.841587575,484732.487664241],[631374.65184187,484749.488668453],[631380.527478254,484754.350675137],[631391.377419777,484761.949879414],[631399.56962972,484767.295804965],[631399.874972188,484767.464226684],[631407.535476917,484771.785509924],[631415.754646252,484775.792221197],[631424.20770511,484779.295403075],[631437.498570828,484784.322053432],[631430.309330978,484806.042976899],[631425.215329809,484821.411919466],[631423.761578156,484828.071593927],[631423.623197441,484828.737754401],[631422.627589476,484833.290137506],[631421.77952699,484837.206612127],[631391.095903063,484830.849988073],[631337.017010502,484819.637843879],[631310.80777001,484814.204680152],[631265.147945655,484814.974519731],[631218.866072217,484821.61700708],[631181.879251269,484834.225833008],[631146.760156604,484850.176096476],[631133.767278683,484862.977107337],[631025.857821213,484911.997393786],[630882.518057432,484888.242171302],[630876.993419204,484887.329728411],[630775.720385644,484899.15434068],[630769.138147212,484900.692628902],[630767.850890653,484900.957093595],[630781.833714543,484983.450293226],[630804.649899489,485117.98559166],[630808.950171349,485143.333447326],[630813.860876838,485172.288033568],[630814.74914175,485177.422381459],[630815.59881717,485182.505665998],[630828.47318092,485185.230904869],[630834.842723117,485203.356110647],[630872.239229853,485209.598040537],[630917.618215709,485217.190242589],[630930.548252345,485220.796991858],[630971.123976291,485232.136507332],[630979.757232919,485234.544706057],[631023.191099225,485246.673084125],[631026.108636302,485247.483581761],[631072.500014621,485260.423564569],[631118.163172773,485276.923339668],[631119.153279535,485277.280655232],[631146.328258997,485289.750289105],[631160.524419925,485297.481859012],[631163.903165252,485299.335053973],[631197.822723163,485317.790654344],[631202.807563612,485320.508150971],[631232.497155619,485345.126815699],[631277.485697508,485382.447344495],[631297.663416836,485399.173735558],[631325.974739883,485422.644410637],[631326.128546058,485422.868648807],[631352.208934265,485457.607405687],[631374.285736577,485487.045830394],[631373.112102962,485487.903410979],[631375.969503296,485492.342140352],[631376.717235007,485493.872731108],[631397.07123003,485535.733228773],[631413.52474717,485580.875974945],[631413.842946836,485583.11468894],[631422.619048518,485645.924994642],[631422.708065646,485647.047417258],[631424.095552575,485664.165189594],[631424.511600266,485681.336147542],[631423.551052801,485700.559046933],[631423.191785933,485707.778909739],[631422.795778335,485725.387440512],[631420.576564134,485740.215733187],[631420.36726111,485741.639912527],[631420.335609256,485743.148992697],[631417.090370837,485758.558947508],[631411.311680847,485760.329392638],[631404.843200339,485780.570232145],[631396.162438027,485807.779794317],[631375.069404188,485869.865681712],[631363.206144136,485904.777158393],[631354.371625388,485941.542175009],[631354.067577261,485942.413755774],[631332.865518423,486003.376650912],[631329.932954352,486011.805444912],[631327.024850369,486020.434907708],[631294.459777412,486117.023038971],[631287.356470871,486137.076346256],[631281.306450809,486153.748831277],[631259.564868108,486213.606839436],[631243.422381231,486258.999843108],[631238.997335746,486271.867296573],[631229.179619672,486300.41540494],[631225.961328455,486309.776277171],[631219.310963617,486329.722081687],[631216.83563138,486337.163521526],[631210.892669439,486355.02891672],[631203.772365664,486381.131554729],[631197.020387457,486407.294356826],[631196.379191617,486410.236565353],[631195.878160592,486413.172643136],[631194.144988349,486425.244423213],[631192.018766477,486440.325259285],[631190.471242519,486452.192170104],[631190.21029667,486455.124875156],[631187.251057171,486500.021782446],[631187.291541559,486506.162707652],[631188.103438118,486527.104463503],[631189.496504898,486557.421968725],[631178.039056879,486556.255731334],[631179.217295229,486564.288003949],[631183.524207176,486593.375981857],[631184.444731793,486600.601166049],[631184.890526218,486604.013365061],[631186.812715155,486612.626156225],[631191.239038383,486642.097419998],[631193.755170328,486658.53636232],[631196.329812138,486674.666929732],[631198.90672223,486691.077551306],[631201.440566569,486707.236992224],[631202.639638164,486713.789887505],[631203.240740655,486718.096346231],[631203.265752113,486718.27703102],[631204.905990092,486728.771981554],[631206.55159335,486739.79706376],[631209.181770174,486756.089160684],[631211.491923938,486772.382423665],[631214.387961049,486788.461866903],[631216.722297022,486804.965791449],[631222.877687286,486843.52450949],[631223.928592191,486850.373306481],[631224.902256217,486856.75998567],[631230.037050443,486888.820734446],[631232.393571744,486905.245275706],[631233.639876953,486913.709417003],[631234.835883426,486921.822180792],[631240.351383944,486954.943408577],[631244.961233323,486981.74983285],[631245.45548861,486987.753290513],[631247.852151323,487001.999009379],[631250.785608038,487021.069397262],[631253.348307834,487037.269639608],[631255.964890932,487053.691362877],[631260.999440508,487087.209306428],[631261.18111173,487089.684244881],[631262.000807051,487093.316760742],[631262.355253485,487094.966494436],[631267.953802529,487130.149957763],[631268.796825925,487135.473065446],[631277.775648896,487178.249612177],[631278.286506208,487180.753637557],[631279.144024067,487184.827184401],[631279.364311524,487185.903232429],[631289.738995376,487235.348111089],[631302.108293033,487309.617292012],[631303.815083372,487319.8740945],[631314.047757022,487381.344691513],[631321.93842582,487428.401080582],[631326.669488831,487456.6108239],[631334.516254323,487503.446012026],[631348.203679002,487584.661394367],[631352.869135239,487612.349347802],[631356.666349012,487634.903489185],[631374.952702224,487742.955031809],[631375.141417682,487744.450196193],[631376.417062902,487749.315265742],[631378.699517017,487762.987862412],[631381.464380115,487768.604023887],[631388.512596514,487768.298622245],[631395.036472335,487787.348154134],[631395.277232319,487788.044779869],[631397.672754578,487802.330480683],[631399.897123727,487815.571488318],[631399.828619679,487815.879587638],[631396.083455677,487831.645708827],[631389.701726769,487858.518699087],[631390.140608118,487868.700505348],[631386.75979032,487870.907098354],[631386.307693948,487872.794558994],[631391.766767669,487881.515010481],[631394.995341058,487886.633990943],[631401.596674388,487882.956356964],[631405.816121837,487881.52289386],[631418.261837312,487942.514648485],[631427.766601479,487989.055650523],[631432.293976188,488011.239973451],[631437.885144698,488026.403880482],[631449.048599018,488056.691176196],[631457.235829358,488078.876547892],[631459.571149539,488085.200833113],[631481.001635139,488125.001313082],[631517.977207782,488176.190650027],[631518.5110478,488176.775371579],[631528.63540329,488187.834569294],[631538.994939691,488199.430244953],[631549.53626461,488210.9609425],[631562.910585743,488225.639765134],[631563.838806852,488226.065380396],[631574.621475461,488236.822766393],[631586.453097859,488247.979102732],[631597.624448159,488257.697252736],[631598.757322247,488258.67850205],[631608.116673258,488267.746643026],[631614.571764724,488274.074679534],[631653.218338947,488307.840710112],[631757.152071242,488399.227653869],[631756.862912878,488399.559660405],[631859.980301938,488492.264089876],[631865.600842816,488497.30913109],[631901.657074437,488521.673967543],[631903.671425876,488524.049517052],[631931.142112342,488550.797237542],[631973.321415423,488587.720791618],[631991.214432916,488602.80440625],[632012.175938465,488620.11268381],[632026.157089359,488632.008381567],[632050.70200792,488653.535486323],[632142.207379299,488733.649820724],[632147.531960642,488738.186713524],[632152.621973408,488742.527135183],[632175.712005245,488762.784121743],[632187.955455209,488773.511884423],[632260.323467091,488836.528344999],[632276.09798244,488850.473524502],[632277.77855182,488851.899888932],[632280.787147908,488854.482890889],[632293.096069406,488865.0124743],[632288.830949411,488878.96432417],[632297.76737254,488883.430953592],[632310.935507722,488890.004371464],[632313.756557016,488891.412227655],[632316.439372167,488892.756268702],[632319.122187336,488894.10030977],[632321.805278416,488895.434358754],[632324.705161087,488896.884390639],[632333.973123495,488903.83010803],[632338.39084682,488907.891979537],[632339.618533145,488906.525915598],[632353.961144686,488912.211789148],[632418.7994944,488937.921413064],[632509.322975926,489018.468808776],[632591.444657085,489091.484456112],[632667.237401608,489159.035526333],[632704.680993864,489207.398192851],[632751.79953239,489268.247704841],[632782.561158279,489307.996109063],[632801.015724339,489331.71509236],[632886.204256531,489501.533131233],[632886.848404098,489502.830885807],[632911.466726056,489552.119450242],[632944.707438396,489618.695689557],[632979.020928579,489605.863554274],[633062.719131859,489558.775984007],[633068.061632132,489555.783586373],[633115.803025362,489528.892582358],[633159.210183593,489514.471579907],[633159.512982773,489514.36994387],[633159.593747615,489514.342174784],[633178.03363547,489512.881408539],[633222.773424252,489510.676903927],[633235.850749664,489510.038035764],[633346.858708448,489504.583531085],[633348.022704353,489504.075685632],[633363.730549707,489497.25960227],[633377.575836576,489491.262066369],[633378.152069961,489491.397975174],[633486.684143035,489517.30435943],[633517.11776419,489525.114570001],[633552.396930682,489534.168558141],[633619.702465168,489551.656731796],[633640.10969272,489556.81014016],[633705.624088373,489562.029139903],[633710.395096139,489562.350879544],[633741.765400384,489564.487093045],[633819.270131723,489524.418203138],[633854.746335987,489506.058245793],[633875.167925431,489495.482397541],[633895.349251633,489488.899825573],[633904.168486601,489486.023421202],[633916.866021253,489484.654078185],[633928.059213728,489483.443191004],[633951.658790429,489480.904919666],[633959.759557536,489480.508620967],[633963.511900407,489478.972270653],[633966.946918088,489476.977167719],[634033.566241384,489425.887874954],[634052.241377188,489411.563869178],[634117.395018707,489404.863132793],[634119.498124049,489405.111201622],[634125.738046804,489405.833492401],[634178.611243973,489435.372885631],[634253.375805294,489480.056476112],[634304.702674627,489510.913167578],[634344.520532437,489534.862201638],[634393.040871075,489564.871429306],[634399.50977167,489568.889980175],[634403.590581173,489571.392617073],[634424.131840808,489555.760159289],[634432.255502333,489557.794444876],[634441.926335756,489563.551379277],[634454.863252327,489571.258464583],[634455.864992431,489579.885953554],[634496.797731432,489608.365704753],[634500.041622892,489610.395241619],[634544.37379663,489638.168887899],[634573.658083192,489655.737205686],[634579.186499467,489659.049803928],[634588.320733879,489664.321936061],[634598.389878096,489670.139874743],[634599.620414432,489670.843841414],[634599.882083713,489670.421075514],[634610.481818727,489677.303645744],[634644.694462337,489699.997965323],[634667.506499286,489715.117614388],[634665.587326871,489719.434533909],[634662.004246136,489727.51543249],[634694.164652149,489747.033151118],[634701.580114352,489751.537839458],[634718.506540224,489761.79505939],[634805.961461597,489814.789094873],[634848.552184139,489840.444748954],[634916.331580044,489883.87566598],[634954.724627016,489906.915467906],[635055.505509516,489968.377434153],[635055.914855158,489968.038744457],[635057.468788831,489968.981639815],[635065.7714588,489955.481163305],[635107.843505477,489976.382620541],[635142.966585106,489993.992243476],[635163.698953507,490004.39459198],[635178.544721349,489906.766282688],[635181.465679639,489887.537283633],[635181.503934152,489887.238345294],[635185.057616854,489863.926890361],[635192.880557092,489812.39382569],[635197.440139596,489784.160233161],[635200.086330345,489770.173552297],[635204.122544062,489751.115345041],[635207.689829872,489736.364112601],[635212.237870123,489719.050007712],[635255.908646368,489556.758771846],[635263.173236189,489529.78984367],[635278.342366407,489487.079460518],[635285.022911333,489468.224260889],[635310.064473063,489423.246522652],[635365.837005537,489323.168298799],[635480.79827223,489121.696092246],[635506.989275658,489075.650052781],[635516.259581287,489059.336296966],[635530.901326657,489033.551013522],[635600.576070702,488910.926877093],[635731.580554642,488680.347789556],[635738.159857455,488668.779633456],[635831.494547911,488504.489239139],[635836.045752082,488496.475023831],[635892.588973992,488397.087724053],[635899.51428989,488384.939117951],[636063.097578464,488097.509889778],[636065.93534854,488092.518311458],[636074.944501181,488076.607279411],[636088.347517323,488052.947669875],[636120.596840527,487996.088865794],[636212.449607685,487834.757101671],[636217.075864305,487825.834951282],[636220.456982915,487818.548401481],[636227.273472757,487799.836858324],[636317.176231148,487483.833310111],[636334.578246053,487422.534580603],[636393.644745347,487214.708070703],[636413.022830544,487146.30395954],[636416.47120509,487134.769312544],[636418.620138627,487128.648719187],[636421.337954411,487121.843839471],[636425.670031856,487111.623569037],[636428.890093959,487104.012564831],[636445.134155285,487065.82151156],[636508.886100759,486915.023434857],[636553.622571127,486810.799765568],[636556.89231237,486803.200126238],[636607.614579729,486684.271850158],[636666.659728219,486546.033526916],[636649.447581773,486539.598492079],[636643.696968745,486537.449782122],[636644.603342313,486535.044832609],[636641.754257644,486533.926202076],[636639.671569322,486539.458640278],[636594.827764346,486522.591009683],[636598.183867978,486513.673767581],[636377.990886125,486430.566809221],[636377.387189814,486432.150123181],[636357.950246324,486424.803701787],[636358.532578988,486423.269797523],[636273.194406549,486391.004643413]]]},"properties":{"NAZWA_DZIELNICY":"Wola","KODTERYT":"146518_8"}},{"type":"Feature","geometry":{"type":"Polygon","coordinates":[[[636823.882766818,490100.409958347],[636774.927953733,490077.068328547],[636776.34268214,490073.637438967],[636730.561640955,490054.503410021],[636723.420656532,490048.386284606],[636719.923132892,490046.849718147],[636711.525189764,490043.157851519],[636702.841058602,490039.328083623],[636699.432361706,490037.833969826],[636692.852742046,490041.082230466],[636633.84825649,490020.993053944],[636564.14797721,490011.258383749],[636494.288289623,490002.589301511],[636467.005490054,490003.065873022],[636466.494237411,489998.041821368],[636454.10341638,489998.439640238],[636434.396398614,489999.065417245],[636428.471348217,490001.06176859],[636425.448757094,490004.778249012],[636401.642924848,490033.970449911],[636401.442804011,490033.974923436],[636333.712966708,490034.364531812],[636285.516202906,490034.633555037],[636285.406245836,490024.130664383],[636166.014984073,490025.323612746],[636143.308876115,490025.556571448],[636128.047478846,490025.61512118],[636118.966526663,490025.654346572],[636104.640864078,490031.298655984],[636092.740948164,490025.870113798],[636078.548722544,490025.958188601],[635992.785305023,490026.489789638],[635983.213633895,490026.555463076],[635912.872884593,490026.982967982],[635880.898206122,490027.169971084],[635790.474605649,490027.71287673],[635790.445841733,490033.461993023],[635764.711290754,490033.641319043],[635725.049063633,490032.296049907],[635721.00668711,490032.384416466],[635715.763588378,490032.499624112],[635707.270475671,490032.255086839],[635696.263897197,490031.051154299],[635694.582377965,490035.814642806],[635613.490286657,490035.575250606],[635544.633673566,490037.303714283],[635544.726990109,490051.306062056],[635504.575290843,490050.66726206],[635465.582969701,490050.050478564],[635460.048052655,490049.507637918],[635455.330841588,490049.047377295],[635429.671098067,490046.51881219],[635398.580585533,490040.400334479],[635398.252498168,490040.331275344],[635386.814710754,490038.085452992],[635340.963300633,490033.819316005],[635334.839121456,490033.250203509],[635286.583978462,490025.137753853],[635263.594175461,490024.782885839],[635217.534361196,490024.080934704],[635202.491125641,490023.845512807],[635196.523931222,490020.850778452],[635179.529490172,490012.331619033],[635163.698953507,490004.39459198],[635142.966585106,489993.992243476],[635107.843505477,489976.382620541],[635065.7714588,489955.481163305],[635057.468788831,489968.981639815],[635055.914855158,489968.038744457],[635055.505509516,489968.377434153],[634954.724627016,489906.915467906],[634916.331580044,489883.87566598],[634848.552184139,489840.444748954],[634805.961461597,489814.789094873],[634718.506540224,489761.79505939],[634701.580114352,489751.537839458],[634694.164652149,489747.033151118],[634662.004246136,489727.51543249],[634665.587326871,489719.434533909],[634667.506499286,489715.117614388],[634644.694462337,489699.997965323],[634610.481818727,489677.303645744],[634599.882083713,489670.421075514],[634599.620414432,489670.843841414],[634598.389878096,489670.139874743],[634588.320733879,489664.321936061],[634579.186499467,489659.049803928],[634573.658083192,489655.737205686],[634544.37379663,489638.168887899],[634500.041622892,489610.395241619],[634496.797731432,489608.365704753],[634455.864992431,489579.885953554],[634454.863252327,489571.258464583],[634441.926335756,489563.551379277],[634432.255502333,489557.794444876],[634424.131840808,489555.760159289],[634403.590581173,489571.392617073],[634399.50977167,489568.889980175],[634393.040871075,489564.871429306],[634344.520532437,489534.862201638],[634304.702674627,489510.913167578],[634253.375805294,489480.056476112],[634178.611243973,489435.372885631],[634125.738046804,489405.833492401],[634119.498124049,489405.111201622],[634117.395018707,489404.863132793],[634052.241377188,489411.563869178],[634033.566241384,489425.887874954],[633966.946918088,489476.977167719],[633963.511900407,489478.972270653],[633959.759557536,489480.508620967],[633951.658790429,489480.904919666],[633928.059213728,489483.443191004],[633916.866021253,489484.654078185],[633904.168486601,489486.023421202],[633895.349251633,489488.899825573],[633875.167925431,489495.482397541],[633854.746335987,489506.058245793],[633819.270131723,489524.418203138],[633741.765400384,489564.487093045],[633710.395096139,489562.350879544],[633705.624088373,489562.029139903],[633640.10969272,489556.81014016],[633619.702465168,489551.656731796],[633552.396930682,489534.168558141],[633517.11776419,489525.114570001],[633486.684143035,489517.30435943],[633378.152069961,489491.397975174],[633377.575836576,489491.262066369],[633363.730549707,489497.25960227],[633348.022704353,489504.075685632],[633346.858708448,489504.583531085],[633235.850749664,489510.038035764],[633222.773424252,489510.676903927],[633178.03363547,489512.881408539],[633159.593747615,489514.342174784],[633159.512982773,489514.36994387],[633159.210183593,489514.471579907],[633115.803025362,489528.892582358],[633068.061632132,489555.783586373],[633062.719131859,489558.775984007],[632979.020928579,489605.863554274],[632944.707438396,489618.695689557],[632911.466726056,489552.119450242],[632865.230238299,489649.810190109],[632850.813070889,489668.55159142],[632878.876915918,489710.755490907],[632927.063937171,489783.244333094],[633021.825495098,489925.777619958],[633046.432876695,489962.786245112],[633054.29471534,489976.473015029],[633071.345213217,490006.133141613],[633152.903728806,490148.061968424],[633156.510503151,490154.33142062],[633162.401550298,490172.393668621],[633171.082146818,490264.701149215],[633201.375523217,490315.24652186],[633250.061795768,490396.449121133],[633272.507727757,490431.338172515],[633326.025204014,490483.524924968],[633342.219510453,490508.701569165],[633356.861040583,490531.445390116],[633377.66435598,490547.239549862],[633383.757499018,490551.827718471],[633402.31886414,490580.729655996],[633445.941965983,490648.652830971],[633461.099610271,490672.260900664],[633461.396948832,490672.719101829],[633539.527422588,490793.934102681],[633542.003355574,490815.441988554],[633540.469949654,490828.239343973],[633537.595167192,490832.759843219],[633552.275489415,490855.184774101],[633555.881678237,490857.854310011],[633559.681513331,490866.909047665],[633561.970026619,490872.392127074],[633561.726581711,490873.965367409],[633563.48890253,490874.604025371],[633562.699603643,490878.562135353],[633562.513512891,490879.506974137],[633563.237374681,490881.176927809],[633567.965697068,490888.837341405],[633585.337860219,490916.986491434],[633598.259054223,490937.932879074],[633612.663627094,490961.290182755],[633625.167256702,490965.855413794],[633629.998444265,490967.618805245],[633644.531700004,490972.920075951],[633783.096505253,491159.822922852],[633812.760561265,491199.841343364],[633816.336564546,491204.690003998],[633822.036805207,491208.29736263],[633827.717061618,491211.904169458],[633829.329339193,491213.268669856],[633836.511578937,491219.336906919],[633837.87990513,491220.844666405],[633838.072572982,491221.109981985],[633838.837439352,491220.571119139],[633839.286477406,491220.243528593],[633841.402179019,491222.931904381],[633842.747875382,491225.259020883],[633846.021192352,491230.929304184],[633866.828510083,491263.233287976],[633875.925853959,491286.494046106],[633876.757477212,491288.606969238],[633877.215355805,491289.769590373],[633880.456610823,491298.048932553],[633881.073307927,491297.805970948],[633891.342631907,491293.839694726],[633896.042249602,491292.03953667],[633944.286768686,491417.109339554],[633946.843301926,491423.749808243],[633966.671349516,491475.216356454],[633967.619898632,491477.802500146],[633975.587059444,491499.622087773],[633972.778880179,491500.644502384],[633981.052523388,491531.642359184],[633986.720587101,491563.568229842],[633999.57763813,491579.233015832],[634022.167213432,491606.746371036],[634037.363977458,491595.266363387],[634054.480666696,491582.339415149],[634074.988499676,491607.745320536],[634079.03998363,491612.757120175],[634088.312537382,491624.242994054],[634108.987129475,491645.783592593],[634127.644182734,491637.549091905],[634132.219979775,491635.525522309],[634135.746153428,491632.402984058],[634144.192761971,491624.9164441],[634151.490993098,491618.458163006],[634174.904016895,491617.244877348],[634229.884672079,491656.642680069],[634273.44968583,491694.805209192],[634316.395366639,491721.7208713],[634325.824968949,491729.331174165],[634333.298363165,491735.357476622],[634360.734630774,491757.194860976],[634370.411823728,491763.082039588],[634378.191438103,491767.796828395],[634388.610667933,491779.764381677],[634390.659483768,491789.580775832],[634394.712461765,491795.262611032],[634401.493867981,491804.619736028],[634405.525425115,491809.990986187],[634410.902803633,491806.099595469],[634438.288753015,491836.275436048],[634445.929435674,491847.106268679],[634447.065181449,491848.707608019],[634461.536165647,491863.867019945],[634476.104311605,491879.129115092],[634488.087090628,491898.569716743],[634600.726084125,492000.619034959],[634621.242016443,492019.215370577],[634636.597388254,492033.129252366],[634643.055721346,492038.977533782],[634757.801977006,492142.935129896],[634770.186682161,492153.61702733],[634788.461434445,492169.361529853],[634799.107551143,492178.545432874],[634817.079461962,492229.870911057],[634921.188636364,492313.095188898],[635066.330962117,492429.122418789],[635186.477884337,492525.089637594],[635188.132064189,492526.385309961],[635199.074802972,492534.967442192],[635207.522525843,492541.560687286],[635261.986086071,492584.114456624],[635288.44882641,492604.99510977],[635310.262981415,492622.207415276],[635324.392243571,492633.447534807],[635325.839734439,492635.347488552],[635329.997543116,492638.682288557],[635332.139961292,492640.041448304],[635357.314261197,492660.866519925],[635376.339929134,492677.301816264],[635388.381097442,492690.284229545],[635389.553554166,492692.36658329],[635398.841787517,492710.162869507],[635399.654303908,492712.605274268],[635401.953729304,492722.398632093],[635404.068054207,492752.286543385],[635405.894865512,492782.446508198],[635408.932274393,492842.629418607],[635408.91240004,492845.15882768],[635405.631141093,492872.71772643],[635403.274358143,492879.842502165],[635386.827164596,492931.877282527],[635403.576196131,492949.639683479],[635426.048331285,492973.440089372],[635453.824946238,493002.866945031],[635462.889862347,493012.45721027],[635523.68128756,492979.067141182],[635599.000793509,492949.358341189],[635617.284179301,492939.813575435],[635622.377560951,492937.154323274],[635668.584563531,492914.431157152],[635697.404947489,492881.097843331],[635699.432098919,492878.303886945],[635967.313379048,493089.511001167],[636082.169599351,493180.082687629],[636094.276170969,493166.807332392],[636115.130484639,493143.473782645],[636135.661955224,493119.881314512],[636155.890843101,493096.02048786],[636175.806879872,493071.901018905],[636195.410341447,493047.512915433],[636214.690407357,493022.885878141],[636224.276559382,493010.350872888],[636233.793869673,492997.773965637],[636243.232898049,492985.134895884],[636252.583928293,492972.423395362],[636261.846408319,492959.659448548],[636271.040874655,492946.823623043],[636280.146790744,492933.935351259],[636289.154164331,492920.994357166],[636298.083255911,492907.991200603],[636306.9343415,492894.915889333],[636315.686608509,492881.797848014],[636324.360317433,492868.627636479],[636332.956020323,492855.385270256],[636341.453180617,492842.090181764],[636349.861790543,492828.742647046],[636358.182126113,492815.33267387],[636366.413635258,492801.880246718],[636374.556870019,492788.365381123],[636382.621546593,492774.798345357],[636390.587680485,492761.178587373],[636398.46526392,492747.506383208],[636406.244028617,492733.791449086],[636413.944511098,492720.014352582],[636421.546174812,492706.194526139],[636429.069280256,492692.322529572],[636436.493566907,492678.407803084],[636443.819586799,492664.430362198],[636451.056780112,492650.410467437],[636458.205146835,492636.348118805],[636465.264962978,492622.233324071],[636472.225684237,492608.085791712],[636479.088138665,492593.875545002],[636485.861766452,492579.622844464],[636492.546567583,492565.327690106],[636499.132549801,492550.98980592],[636505.62942932,492536.619460182],[636512.027765921,492522.196392393],[636518.327283573,492507.730594806],[636524.537974508,492493.222343457],[636530.639578203,492478.681078562],[636536.672339653,492464.09791196],[636542.586297611,492449.471463572],[636548.41115279,492434.812553713],[636554.137464962,492420.100921881],[636559.76440607,492405.366544832],[636565.302244367,492390.599706344],[636570.741263609,492375.790138168],[636576.071471535,492360.937564301],[636581.312576618,492346.052529035],[636586.464578848,492331.135032379],[636591.507493718,492316.184522321],[636596.451037453,492301.211267138],[636601.295762069,492286.195282341],[636606.041391544,492271.146560197],[636610.697918118,492256.065376728],[636615.24508127,492240.961172175],[636619.693149253,492225.824230315],[636624.041846048,492210.664543407],[636628.291447656,492195.472119224],[636632.422245575,492180.236413504],[636640.993539068,492147.603582489],[636649.077968981,492114.857302791],[636656.685527485,492081.997850566],[636663.856183517,492049.026329979],[636670.539147737,492015.97133791],[636676.764948847,491982.813718014],[636682.523042529,491949.57317894],[636687.823144982,491916.259989096],[636692.635555396,491882.863328382],[636696.999414742,491849.414277704],[636700.874753968,491815.911733231],[636705.352510391,491770.735971285],[636705.756102078,491765.537183005],[636707.232464671,491747.928178704],[636708.578926934,491730.315586318],[636709.785496608,491712.699129877],[636710.872434193,491695.069369134],[636711.819755178,491677.42575213],[636712.647168074,491659.778823124],[636714.006497609,491630.476729376],[636715.655323652,491601.192631288],[636717.563669451,491571.925700816],[636719.731535017,491542.675937884],[636722.248850648,491513.445826285],[636724.83555725,491484.237630595],[636727.771437959,491455.059078348],[636730.966838484,491425.897693337],[636734.421206875,491396.773459996],[636738.134543153,491367.686378255],[636740.857031774,491347.681817752],[636742.81356794,491333.686028033],[636744.828125138,491319.761839793],[636746.892091018,491305.859015773],[636749.035994309,491291.958399387],[636751.219590012,491278.068878971],[636753.482847154,491264.191558426],[636755.775804456,491250.325057856],[636758.148423202,491236.470757143],[636760.580994859,491222.618112068],[636763.073243454,491208.777114877],[636765.605184477,491194.947213612],[636768.206794699,491181.129236191],[636770.857813637,491167.332622914],[636773.589045987,491153.528224926],[636776.359694801,491139.744915094],[636779.200012828,491125.973529071],[636782.080023302,491112.213238933],[636785.039695252,491098.465148563],[636788.049051911,491084.728430037],[636791.127801825,491071.013627544],[636794.2462442,491057.309920906],[636797.434631778,491043.608145776],[636800.634838873,491030.926684496],[636803.979893683,491016.259247403],[636807.327051729,491002.601855918],[636810.753871282,490988.956664133],[636814.209839121,490975.34227671],[636817.755736701,490961.730372681],[636821.341050801,490948.139556712],[636822.944688272,490942.213917756],[636824.996034166,490934.560664441],[636828.690710027,490920.992867962],[636832.455055162,490907.436995164],[636836.268533126,490893.912478628],[636840.151680374,490880.399885756],[636844.084512392,490866.898664615],[636848.066753218,490853.418807456],[636852.118663342,490839.950873939],[636856.220258246,490826.494312132],[636860.390694568,490813.079650731],[636864.601375346,490799.656100543],[636868.871181255,490786.264182528],[636873.200664224,490772.883912155],[636877.589548296,490759.52528168],[636882.037833476,490746.188291094],[636886.53552751,490732.872664433],[636891.092898622,490719.568685384],[636895.709670859,490706.286346207],[636900.376127922,490693.015378675],[636905.091717902,490679.775767298],[636909.886693544,490666.558347691],[636914.721085809,490653.362016008],[636919.615155184,490640.177331902],[636924.558633454,490627.01401167],[636929.561512885,490613.872331259],[636934.633785748,490600.752566623],[636939.745199305,490587.663882148],[636944.916289997,490574.586845215],[636950.136789612,490561.531172124],[636955.416690418,490548.497138827],[636960.765984683,490535.485021267],[636966.054497039,490522.501224315],[636971.59226361,490509.544310241],[636977.099501025,490496.606552357],[636982.646155133,490483.689882332],[636988.262202734,490470.795128012],[636993.937651568,490457.922013443],[636999.652241163,490445.079978976],[637005.426232003,490432.259584248],[637011.249355882,490419.470545564],[637017.132156969,490406.693154344],[637023.064091106,490393.947119157],[637029.065142831,490381.232991901],[637035.105611305,490368.539952454],[637041.205481062,490355.868552712],[637047.354759844,490343.218516717],[637053.55317171,490330.599836736],[637059.820977147,490318.003072386],[637066.127647468,490305.447380357],[637072.493719107,490292.913328003],[637078.909199804,490280.400639376],[637085.384081831,490267.909590411],[637091.898104715,490255.449621485],[636996.410317693,490197.833285197],[636989.043110844,490193.389884392],[636984.400438481,490190.591705197],[636976.374511845,490185.740118355],[636906.774954036,490143.7485624],[636901.241821084,490154.365635579],[636859.729694586,490132.009514146],[636853.681221334,490143.182347687],[636847.232451173,490142.0542738],[636838.982006749,490137.366488232],[636823.228595407,490102.371869329],[636823.882766818,490100.409958347]]]},"properties":{"NAZWA_DZIELNICY":"Żoliborz","KODTERYT":"146519_8"}},{"type":"Feature","geometry":{"type":"Polygon","coordinates":[[[635592.696776905,482504.605730643],[635597.494922338,482499.958190953],[635612.893480855,482484.053307905],[635659.715033889,482430.326017191],[635687.173738152,482390.124268685],[635700.7128728,482365.13822452],[635709.439928563,482348.92926951],[635716.357978827,482331.96041635],[635723.361848797,482330.003682654],[635723.624267826,482329.190936089],[635725.770480823,482322.440260487],[635727.625184487,482319.731475598],[635731.859302344,482309.068468583],[635739.636355315,482285.973413385],[635740.223351944,482284.2696363],[635743.693308799,482271.945572886],[635746.51907205,482261.223710002],[635748.100480954,482254.647447992],[635750.230782847,482244.486388304],[635753.37272791,482228.103340991],[635756.490151901,482206.809697302],[635758.282524436,482190.049421947],[635760.810292184,482157.869687784],[635760.752343398,482155.258131802],[635760.67179295,482152.015962592],[635762.825196046,482102.596181933],[635765.650375624,482037.52519042],[635765.699580821,482036.466565251],[635774.273136172,481862.345944638],[635775.093218246,481839.868936729],[635777.589909743,481771.478933666],[635780.908415742,481718.971342014],[635781.713662989,481706.093767322],[635782.429743649,481685.573857619],[635784.478597537,481638.491149686],[635784.590236484,481635.894271946],[635786.569139464,481583.00972862],[635789.249624966,481532.604498835],[635791.279228463,481483.681288448],[635792.904999923,481434.896935001],[635792.947242868,481433.728119431],[635793.47689784,481412.353079953],[635793.56338182,481408.855522878],[635794.148784396,481385.82204833],[635794.33470626,481375.457346561],[635794.494097272,481367.141879423],[635794.738182704,481364.818650804],[635796.032198852,481330.234912843],[635797.118243298,481312.615160482],[635797.470929408,481302.005063025],[635798.260785172,481278.447236815],[635799.591453568,481245.43448378],[635800.862648162,481213.490072469],[635803.677847905,481148.048800309],[635806.41040297,481078.715311052],[635808.331750905,481037.338987386],[635810.793455311,481011.537315034],[635814.4253616,480949.838507782],[635813.858491061,480949.362878437],[635812.793593097,480948.453518107],[635817.481011564,480852.114390881],[635821.837322848,480746.02628704],[635825.027544881,480668.435551328],[635828.046229226,480592.350058328],[635828.180709997,480580.223965415],[635828.040539673,480555.940494759],[635828.813100844,480507.992586277],[635829.019864218,480495.05850036],[635829.217592336,480479.914201251],[635830.168672877,480446.520979582],[635835.04089613,480333.687209551],[635830.9360981,480231.625652436],[635833.841169353,480219.475979858],[635836.845693831,480210.608996705],[635841.848551818,480191.287302568],[635843.913459345,480182.044408161],[635845.483164499,480172.627857621],[635847.205989677,480162.73553813],[635848.446976046,480151.459950828],[635849.422235184,480139.667042505],[635852.549788245,480060.354596926],[635855.503904141,479974.277476565],[635855.742720695,479967.794168944],[635855.540712882,479962.428684485],[635855.030740687,479957.714695279],[635846.900532879,479856.572099129],[635839.314362876,479857.162853174],[635837.667148536,479842.197665294],[635837.337120455,479815.369000955],[635837.307820746,479813.16822879],[635837.487294422,479805.573302952],[635838.408974655,479765.629376418],[635839.446063713,479735.278476137],[635842.250102434,479666.966929536],[635842.332636613,479663.249266604],[635846.457367484,479520.945352599],[635849.988456747,479516.552812284],[635853.436576686,479512.267981806],[635857.926348835,479422.35327584],[635860.113338419,479372.424406393],[635862.295083693,479322.685388715],[635863.025637182,479305.985809151],[635867.908127671,479241.351517959],[635835.112943226,479216.17746528],[635835.157442753,479213.838730892],[635835.260281064,479207.571669859],[635835.581686458,479189.390832086],[635866.911625215,479190.824858409],[635867.605663666,479176.174238031],[635870.279562625,479119.828899205],[635874.412849895,479035.584261845],[635883.096226257,479016.964039219],[635889.009271006,479015.037143169],[635892.621489136,479013.866781542],[635894.740526611,479013.175232523],[635900.562539158,479011.285825182],[635906.421981461,478911.949027051],[635906.435556013,478911.819403511],[635906.814516367,478905.329959563],[635908.007698646,478893.973049038],[635917.294602616,478805.240597346],[635918.489985586,478793.803748105],[635895.687629872,478801.154792075],[635865.277829864,478810.955998577],[635864.80017772,478808.33286885],[635864.409772218,478806.172137645],[635864.054375589,478804.192368955],[635863.141867825,478799.207285521],[635864.363328696,478798.790977442],[635893.226535717,478788.867120268],[635892.268987944,478764.121115386],[635898.701437132,478748.798755608],[635921.223431517,478738.560022556],[635924.203798348,478707.722711571],[635932.726900546,478619.48917926],[635935.707255151,478588.651865892],[635939.554569857,478548.858604354],[635944.674897618,478495.900659408],[635945.19202897,478490.565006071],[635953.633491042,478403.839187496],[635955.769329868,478381.868439302],[635962.044270136,478317.862506548],[635954.221598916,478279.887398558],[635954.648146098,478278.199188167],[635954.713885911,478277.991004354],[635955.669034229,478274.177404823],[635960.253690404,478255.874125181],[635968.48804048,478241.931418397],[635973.332898903,478191.345830237],[635974.840830293,478178.727614677],[635975.182593125,478175.037098142],[635986.881597158,478048.141734726],[635994.351159872,477969.458966413],[635994.796278192,477964.921313023],[636004.994231447,477861.634168051],[636015.647476731,477754.889626371],[636012.044611845,477754.270290107],[636012.632667124,477751.076556166],[636015.004061709,477750.661952061],[636015.466460146,477750.574703715],[636028.880624606,477616.956711666],[636035.178749547,477557.181323646],[636042.551132431,477487.095717841],[636035.523325269,477475.052129318],[636033.756863333,477472.023470336],[636044.821595708,477462.778707583],[636054.733021109,477362.623582808],[636064.622553633,477261.447864769],[636068.247626236,477224.26840463],[636071.052554124,477195.436198601],[636072.015044426,477185.552892759],[636073.382194833,477171.510809911],[636075.739532224,477147.306188963],[636078.866822049,477113.672945606],[636080.562547526,477095.329989497],[636086.846388958,477027.364318132],[636093.632538487,476956.412540721],[636094.205546385,476947.598478137],[636050.706810936,476950.479107594],[635991.789118457,476955.144583367],[635981.457086496,476955.94970057],[635915.125589038,476961.120755483],[635862.900996038,476965.670767431],[635760.500595465,476975.177267235],[635759.939206791,476973.051824681],[635759.615375288,476972.102912128],[635724.635771819,476869.83020551],[635722.784714044,476864.42926131],[635721.165830464,476859.674707517],[635696.137737221,476786.355905273],[635693.833789991,476785.412399328],[635690.590773758,476784.073009122],[635657.332318554,476811.965560782],[635611.197014346,476850.632889249],[635532.395796906,476910.209194028],[635454.047050176,476978.037794718],[635412.680622058,477018.556523756],[635400.307868048,477029.545186316],[635356.77330812,477068.18415543],[635354.27211643,477070.405152223],[635352.602186306,477071.129095775],[635318.513645367,477085.968935465],[635297.607558092,477107.602114238],[635248.835396686,477139.266775561],[635217.661857578,477155.736944787],[635141.973959173,477194.51932397],[635095.036350484,477209.334858614],[635088.872701376,477211.284874426],[635041.261723784,477223.321890589],[635031.463538502,477225.801682207],[635022.299821882,477228.118970695],[635000.881363032,477233.518304956],[634986.883917998,477237.062290858],[634979.540162255,477239.379759611],[634958.325979046,477246.074699308],[634937.112072705,477252.759645846],[634915.89789222,477259.454583636],[634894.683988604,477266.139528262],[634873.460094144,477272.824196429],[634868.729117705,477274.31372114],[634852.211183555,477279.328177434],[634848.842930397,477280.355285116],[634833.099006634,477284.861092443],[634830.928917691,477285.591242583],[634809.792827063,477292.718319952],[634798.881603502,477296.397393548],[634788.562527454,477299.272810172],[634767.228853246,477305.224461245],[634751.12548968,477309.710355541],[634748.999227187,477310.301716511],[634742.505163269,477312.992602308],[634727.75690325,477319.10582682],[634660.777930799,477355.748272792],[634656.13765973,477358.300274238],[634621.181575801,477377.406035551],[634612.439712832,477382.194896543],[634551.286650721,477421.157904208],[634545.087893613,477425.106901968],[634485.717085916,477462.899059222],[634458.86082152,477476.928244321],[634451.728309884,477480.651497633],[634430.310240316,477491.84068985],[634401.830708486,477506.715092359],[634357.746618825,477531.559003949],[634323.159792332,477551.054898413],[634272.380708789,477578.624131022],[634260.242778118,477585.449293344],[634256.626599858,477587.489536975],[634252.990437259,477589.529229523],[634232.157857554,477601.244538813],[634223.026105306,477606.392628101],[634191.457111936,477624.151756626],[634180.294688545,477630.413826218],[634160.376286621,477641.614348639],[634071.372123181,477707.478667613],[634048.393987905,477724.47468009],[634047.181223988,477725.301220353],[634021.937418573,477742.504750974],[634008.72911873,477751.520336257],[633998.767302976,477759.935454257],[633976.068564787,477779.129112624],[633972.105986696,477782.489769996],[633953.830918053,477798.645475057],[633941.387699614,477809.652106957],[633932.681683053,477820.031804228],[633926.085155003,477827.889727175],[633910.039771577,477848.406809543],[633889.858175992,477874.229712178],[633874.808409278,477893.45427346],[633859.603524503,477912.864551141],[633848.678323497,477926.842965146],[633840.658002823,477933.751644476],[633834.21505031,477939.303850941],[633831.746321174,477941.435726093],[633811.621289465,477954.690468511],[633798.378984982,477972.554893518],[633788.809411974,477986.690680491],[633780.605571805,477998.804174334],[633778.009789708,478002.642505115],[633764.174572616,478014.810709958],[633762.180086344,478016.425673504],[633746.705676018,478028.928667869],[633720.723619931,478057.311533582],[633718.269988665,478059.983810503],[633690.067596744,478087.655460702],[633686.692060523,478089.672330612],[633660.368543503,478105.416070259],[633637.75221769,478117.632119584],[633636.096071339,478117.856444916],[633626.069539488,478119.189924892],[633622.998160963,478119.605219684],[633621.431804316,478162.99098774],[633621.22654169,478196.5445243],[633615.149733071,478325.89385292],[633614.056024867,478337.633411322],[633614.370477753,478365.031426792],[633613.418385363,478451.413103349],[633613.316767627,478460.90007397],[633613.285225227,478469.658994475],[633586.342064658,478473.785888261],[633559.528470996,478479.016327668],[633459.644676744,478499.911333997],[633451.306896077,478501.651360854],[633412.846695056,478509.670548219],[633218.331231177,478550.295370145],[633196.152097156,478555.723595521],[633149.335691177,478573.042090464],[633116.981028978,478591.009378811],[633087.591380624,478612.418341998],[633063.472322427,478631.262716365],[633061.244436046,478633.001232178],[633031.279537401,478656.414271311],[633007.763623289,478671.155378238],[632982.135063806,478682.368312937],[632926.201024436,478698.885352685],[632901.288905893,478706.238141096],[632862.638205388,478718.991906645],[632857.103618325,478721.339213138],[632822.752657619,478735.91150372],[632769.037850273,478758.619559885],[632747.086747527,478768.833920968],[632723.853694187,478779.48291524],[632709.929484129,478786.538723853],[632690.078864575,478796.371018237],[632623.853791882,478826.353845394],[632623.798739838,478827.262302427],[632617.848764487,478830.168134068],[632506.112038596,478880.92524067],[632482.796871062,478893.101910266],[632448.178543431,478912.656649589],[632393.895223596,478945.828672127],[632346.4406964,478975.049122586],[632313.094349491,478995.618894041],[632240.126577441,479040.575254599],[632172.820595642,479082.197835271],[632173.39421934,479083.153627807],[632164.624496944,479088.59161104],[632163.464034019,479088.609606059],[632128.905574077,479111.795847245],[632098.262970553,479132.590148501],[632089.889963081,479137.059098051],[632088.419552445,479138.888492226],[632025.200782277,479181.333727565],[631999.931976345,479197.996341627],[631997.881003889,479201.65966965],[631988.753844823,479207.367780265],[631985.118035075,479208.307479005],[631977.453714124,479213.185957853],[631964.251462178,479223.071555815],[631952.957967426,479231.549837003],[631998.495223221,479306.293544958],[631996.848944639,479307.248112972],[631907.265282672,479359.325872223],[631875.324660609,479377.874399598],[631846.388877665,479392.255920854],[631739.04936791,479445.653876188],[631695.990125341,479467.065641227],[631623.75090125,479503.012159436],[631585.416330198,479522.074288675],[631544.162152315,479542.575843986],[631584.360723191,479593.342990015],[631607.717936782,479622.786300655],[631642.353413581,479666.420249616],[631611.907028882,479678.650132988],[631606.099523288,479684.72976985],[631602.9155007,479697.931547333],[631592.369387423,479701.790555261],[631585.197872787,479734.121766148],[631593.590641123,479763.742342963],[631594.68386679,479767.61237722],[631597.411167858,479781.847164579],[631597.796253566,479783.837724916],[631584.390479777,479789.137812026],[631536.792124372,479807.984399581],[631484.240328943,479828.774296982],[631497.81944495,479842.568404304],[631498.966755061,479857.529586566],[631500.149142971,479873.031719753],[631458.331954627,479894.367666141],[631459.28084637,479905.283499499],[631435.192704466,479923.008552118],[631418.129626764,479928.577745989],[631370.99448423,480012.205047169],[631357.467263476,480025.171529515],[631325.574264136,480055.770884941],[631323.335082956,480057.919055372],[631283.801249767,480060.278543207],[631253.762238266,480062.08993772],[631208.731405764,480067.24771448],[631202.893140718,480067.916659615],[631193.792105603,480393.165256048],[631190.503169698,480425.033519248],[631188.064233169,480538.832615076],[631188.062238309,480539.992523063],[631187.892233195,480562.107128462],[631187.112387906,480666.872276817],[631185.168523779,480683.328131712],[631182.270170879,480698.49769829],[631174.776075034,480710.980578593],[631157.994168014,480722.307294327],[631133.448410674,480730.519945293],[631155.479870929,480774.30627557],[631091.590094767,480791.773325793],[631083.015728426,480794.116727472],[631019.538328169,480811.135158696],[631024.628267746,480833.244847837],[631029.934587541,480856.210478926],[631036.196500335,480883.322336886],[630974.295235117,480901.204196229],[630964.64069469,480903.917784805],[630953.575137153,480907.032436812],[630934.308782356,480912.36079483],[630924.665337693,480915.034690025],[630846.682109808,480936.632785925],[630824.089990013,480942.899366328],[630812.641706898,480946.11345434],[630740.474435853,480966.402012944],[630678.264230601,480983.885326724],[630641.006610457,480994.357201624],[630635.576514056,480995.817359956],[630638.271219134,481008.331273425],[630658.017605973,481064.264109746],[630709.909299437,481222.190304722],[630763.457053641,481391.491864411],[630779.165204221,481435.763735081],[630779.332657461,481436.218339543],[630783.861819428,481446.392948469],[630791.545992078,481472.694061138],[630792.328404994,481475.505552575],[630852.708444603,481677.334625497],[630859.687919021,481700.906399294],[630870.975822809,481735.76666462],[630872.232063965,481738.801222249],[630884.60179977,481768.881493116],[630890.309047179,481782.748491255],[630915.048784554,481842.899050731],[630931.819334741,481892.880093311],[630944.570259514,481930.890635166],[630962.401331749,481982.300900188],[630966.467807718,481994.022708851],[630972.705627387,482024.903800878],[630975.915531822,482040.851841392],[630982.407556205,482073.02990675],[630985.829150063,482090.003755471],[630986.102240839,482091.341246481],[630989.877204741,482110.004790138],[630994.695974241,482122.3673363],[630995.788411427,482125.177384941],[631008.667130048,482166.891351701],[631022.523107041,482220.301906824],[631023.672735384,482224.663483917],[631038.303601681,482279.345382825],[631061.612614848,482355.106040495],[631061.760358372,482355.550102485],[631103.590275077,482485.260045677],[631104.603667337,482488.397905386],[631105.105456241,482494.131566671],[631105.926590629,482496.264154062],[631116.115105815,482522.764414856],[631120.341576292,482533.760675025],[631129.27336019,482560.506256406],[631135.047544091,482577.745021405],[631138.853310452,482589.129663125],[631126.443383306,482582.617469702],[631119.277838809,482578.839886568],[631102.274736606,482569.911041652],[631072.359557218,482554.186160997],[631053.00088186,482544.01236679],[631046.100989396,482540.392109958],[630916.662700303,482472.343028521],[630905.629397265,482469.938692272],[630882.966852144,482464.983582807],[630881.207629333,482464.595057661],[630855.030140082,482483.382190653],[630820.508222148,482508.138895542],[630788.893039681,482530.835861702],[630760.675514121,482551.076648519],[630747.31133479,482560.667601732],[630691.436536158,482600.414642502],[630673.817377994,482614.178052587],[630665.677944851,482623.95315029],[630607.661192582,482698.929884187],[630597.477920229,482712.108470554],[630550.120890615,482771.85980432],[630547.799964011,482774.795666994],[630545.810913414,482777.300701186],[630540.858559641,482780.653944348],[630535.957820315,482783.948613505],[630548.879528156,482818.663970362],[630549.633746874,482820.684712238],[630549.661793217,482820.755483693],[630550.304102236,482822.483147704],[630546.847597532,482824.897695036],[630481.518026832,482853.594160471],[630448.543344003,482870.113763533],[630421.08882842,482885.89570043],[630375.968582346,482914.229769389],[630290.9446438,482970.291838763],[630290.455927672,482970.608343005],[630255.228757282,482990.845641396],[630245.493993956,482996.466840768],[630239.039669256,482999.168656584],[630236.227418982,483000.341019079],[630201.324782717,483014.977460655],[630155.935885427,483028.40459922],[630144.210652182,483031.870949137],[630120.134890812,483038.996387861],[630089.313803405,483048.13563353],[630084.52540305,483049.533459941],[630066.092733747,483057.264581705],[630006.930629112,483082.061263273],[629979.851437179,483096.563558271],[629957.814707605,483111.694963595],[629954.520903868,483114.373982547],[629906.729810002,483153.253895686],[629904.407581294,483155.149750466],[629895.642045205,483162.247628318],[629856.270017841,483204.049728517],[629846.710131729,483214.20557468],[629822.646683952,483239.730664427],[629821.348538365,483241.114794282],[629817.336994747,483249.87378552],[629813.343722843,483256.883344111],[629805.778364758,483270.134110516],[629807.339318214,483271.547131169],[629807.778482842,483271.939234965],[629812.311774542,483325.812371087],[629815.524557214,483363.759648318],[629826.265478633,483421.333945985],[629821.644806123,483423.176377248],[629757.282377152,483449.079427624],[629696.443019253,483473.779726202],[629640.777972372,483496.142880874],[629568.546504885,483537.96816933],[629566.209188748,483539.323622644],[629551.454011023,483547.866147706],[629550.854556122,483548.209593441],[629547.765147739,483550.004276846],[629358.337995172,483676.632389542],[629348.240977118,483683.423508595],[629307.001997543,483710.984484457],[629302.437897556,483714.038423013],[629208.649941567,483770.988180012],[629051.044945293,483866.695350835],[628995.887897841,483901.091931073],[628992.602087304,483895.87146069],[628972.484495648,483908.495813247],[628974.924647945,483912.472995494],[628975.711732354,483913.664669065],[628896.481009627,483963.086312318],[628850.124221454,483992.025922084],[628832.063344725,484003.317071424],[628668.795023502,484105.317456638],[628614.872351484,484138.468061632],[628491.992512461,484214.01395913],[628489.042447353,484215.832473486],[628439.884509339,484221.265658732],[628454.65751383,484240.702552867],[628468.728283375,484256.960198786],[628473.102918669,484263.670651825],[628473.569719077,484263.42354406],[628478.557804891,484268.920975861],[628484.18489174,484274.816026097],[628492.285013833,484282.409255615],[628499.615832388,484288.891300229],[628507.536112661,484295.029626406],[628514.906978608,484300.422820945],[628522.921678084,484305.3138039],[628531.636643954,484310.194112753],[628541.20306932,484314.657936406],[628551.871029697,484318.702176301],[628560.254279004,484321.833402194],[628567.917488497,484324.604771841],[628608.018178797,484338.290879834],[628634.341863913,484350.076862622],[628654.589505121,484356.655374686],[628702.365013413,484371.243257625],[628776.650291698,484396.672310192],[628824.447180319,484411.210797003],[628873.65270816,484429.058032923],[628876.273775356,484429.740340512],[628895.230467966,484435.993248945],[628919.310430406,484443.207509161],[628933.011116186,484443.525599288],[628968.310298687,484451.839439036],[629065.673203741,484474.425526102],[629177.889958015,484499.75145138],[629226.647141323,484510.656612768],[629275.382969469,484521.61118628],[629322.900541684,484532.142158207],[629388.537378618,484548.472964395],[629419.743615756,484555.813908446],[629427.210118368,484557.379907968],[629461.718688489,484564.63199391],[629470.893616521,484566.615126922],[629510.546070647,484575.169126023],[629520.660866554,484577.518184297],[629560.383952872,484586.77410944],[629574.254226047,484590.006778642],[629580.53690572,484592.800063563],[629582.905470559,484595.385335342],[629595.85089862,484598.432488305],[629625.954108174,484605.523010144],[629640.399509583,484608.931546688],[629651.616254811,484611.571007788],[629682.543568522,484618.874267866],[629699.233317723,484622.484737483],[629712.301412359,484625.435281533],[629728.658944543,484629.126580401],[629742.351850357,484632.26436167],[629753.997704886,484634.935665811],[629798.871257329,484644.893721856],[629847.629364261,484655.768953513],[630143.610317577,484722.02510393],[630175.632667918,484729.508600876],[630175.91604581,484727.936476432],[630243.783978332,484743.868955492],[630266.297172856,484749.16009676],[630265.99366477,484751.461640883],[630272.954243022,484753.243679084],[630273.403625339,484751.816130579],[630276.927572922,484752.393365429],[630361.338869513,484766.372490453],[630360.161625066,484776.419656295],[630362.232801301,484776.736806425],[630438.066497544,484781.219536798],[630469.175611102,484788.097863314],[630502.769228761,484795.534740581],[630540.819646399,484803.444604039],[630549.357596457,484805.320174721],[630624.837139672,484821.912735688],[630631.553439604,484823.48804264],[630630.946502791,484827.001174969],[630642.323432065,484829.635073058],[630693.883161178,484841.177660439],[630734.065900958,484849.726362019],[630739.972359635,484851.659307878],[630741.674965375,484861.345977922],[630747.828278434,484897.81459897],[630749.420696794,484901.348431229],[630753.248806874,484903.224020354],[630755.916070751,484902.957642172],[630762.526419514,484901.850115714],[630767.850890653,484900.957093595],[630769.138147212,484900.692628902],[630775.720385644,484899.15434068],[630876.993419204,484887.329728411],[630882.518057432,484888.242171302],[631025.857821213,484911.997393786],[631133.767278683,484862.977107337],[631146.760156604,484850.176096476],[631181.879251269,484834.225833008],[631218.866072217,484821.61700708],[631265.147945655,484814.974519731],[631310.80777001,484814.204680152],[631337.017010502,484819.637843879],[631391.095903063,484830.849988073],[631421.77952699,484837.206612127],[631422.627589476,484833.290137506],[631423.623197441,484828.737754401],[631423.761578156,484828.071593927],[631425.215329809,484821.411919466],[631430.309330978,484806.042976899],[631437.498570828,484784.322053432],[631424.20770511,484779.295403075],[631415.754646252,484775.792221197],[631407.535476917,484771.785509924],[631399.874972188,484767.464226684],[631399.56962972,484767.295804965],[631391.377419777,484761.949879414],[631380.527478254,484754.350675137],[631374.65184187,484749.488668453],[631356.841587575,484732.487664241],[631348.778966391,484723.895417263],[631343.772932779,484717.597455488],[631340.373061416,484712.523782887],[631334.699861011,484703.587490797],[631329.524544933,484694.36494852],[631324.826577467,484684.87558868],[631320.644823877,484675.160482569],[631316.969292038,484665.219354395],[631313.83829572,484655.1132596],[631313.174502676,484652.715014876],[631310.65889416,484641.325943569],[631307.113818681,484617.59884517],[631306.753334532,484605.659267944],[631307.117813791,484598.249557151],[631307.926597506,484587.422214366],[631309.303826357,484576.650557499],[631311.228688954,484565.964011236],[631314.080347947,484553.943083575],[631316.230796098,484545.952678823],[631318.71601131,484538.151506796],[631321.641218784,484530.712466042],[631326.39528236,484520.413985548],[631330.522717608,484512.168147772],[631335.132870965,484504.185623327],[631340.224915238,484496.496388434],[631345.76777125,484489.139584153],[631351.307448737,484482.622665877],[631359.633016011,484473.35271534],[631365.728389535,484466.991127316],[631372.212692267,484461.030259999],[631379.05512078,484455.499262399],[631381.270279087,484453.860445035],[631398.841729875,484441.105759794],[631421.601053324,484430.234185172],[631429.334272703,484426.847703279],[631437.272979426,484423.98687592],[631445.376653704,484421.670584325],[631453.625587135,484419.888284965],[631461.959551493,484418.648315509],[631463.975405571,484418.433953628],[631478.283468761,484417.038856096],[631486.051259177,484416.023254883],[631497.914150479,484415.180660851],[631517.403732692,484417.34844897],[631519.080950153,484397.155349142],[631519.561179079,484391.348778543],[631520.550720253,484379.406449912],[631529.946525323,484379.185751524],[631534.205360309,484379.223280939],[631545.07923289,484379.433359508],[631553.915061084,484379.937185522],[631563.08152104,484380.7801257],[631571.863594305,484381.782453232],[631583.66175488,484383.64798937],[631595.571614076,484386.176588186],[631604.762181323,484388.320154751],[631613.153381662,484390.441662048],[631618.941058636,484392.331327216],[631623.798854493,484393.855341587],[631630.252692785,484395.88338673],[631630.601088249,484397.752945229],[631630.801677592,484398.818448879],[631632.482409659,484399.514811026],[631632.677984626,484398.950225247],[631632.830558058,484398.494449492],[631643.347854126,484402.204583351],[631652.497126619,484406.206955418],[631661.539584848,484410.456372582],[631670.623666118,484414.646940427],[631681.422040844,484419.404800938],[631689.830898169,484427.046632205],[631699.880192998,484433.583768051],[631721.47305473,484446.139294026],[631761.209157476,484471.96513045],[631785.046578784,484485.802567467],[631788.636889961,484487.961586373],[631806.429951454,484498.702309253],[631829.226216522,484510.771069262],[631855.968664573,484523.698710069],[631858.476325209,484524.867880609],[631878.775150088,484533.947809084],[631901.818283801,484543.59345807],[631924.775139978,484553.466720861],[631947.871546105,484562.993846379],[631971.042310416,484572.36302999],[631991.096869178,484579.786271539],[631993.626115205,484572.926269975],[632039.408163057,484598.169016259],[632041.407330648,484599.284156487],[632059.15384754,484607.363686334],[632069.86871169,484612.249251384],[632100.335053541,484626.119655166],[632102.282476253,484626.573386564],[632125.859453713,484632.093899335],[632125.965391704,484630.066880438],[632134.619904009,484633.155637294],[632192.092100775,484653.671159106],[632193.552779991,484650.021573169],[632227.70180929,484664.153612891],[632326.730821516,484665.176563945],[632321.722171253,484650.638738919],[632314.713427753,484637.555676175],[632311.63656643,484629.110996085],[632310.837082708,484626.918992996],[632307.796880566,484618.595321482],[632294.622671916,484571.293059092],[632285.866368918,484528.77259029],[632274.344521198,484526.314686762],[632271.183298792,484525.637464426],[632275.154953739,484509.267527403],[632286.868271587,484460.942127161],[632295.052843158,484427.068939038],[632314.610138061,484346.340900218],[632315.38439145,484342.562371865],[632317.899903783,484330.402128873],[632320.592871413,484317.24681044],[632323.213201754,484304.549474552],[632324.05650674,484300.442860671],[632356.670808657,484268.00379799],[632388.276788249,484229.707063338],[632433.501394336,484162.456934557],[632477.672395003,484096.787667447],[632491.580645734,484076.182037204],[632526.03868405,484025.124314859],[632527.717175425,484022.640701026],[632608.709967613,483898.889059751],[632634.253794123,483862.124927863],[632634.757943953,483862.698824566],[632660.006901463,483825.386564136],[632669.149116352,483811.889201797],[632659.082504986,483801.991678629],[632669.457963541,483787.288378823],[632704.66365079,483737.401193463],[632723.791019829,483734.579080364],[632728.825806316,483717.368467815],[632756.876012347,483677.833540889],[632779.965111552,483635.081792883],[632781.189522548,483635.645564805],[632789.681422279,483640.279771047],[632801.217878299,483646.557946897],[632804.477142263,483641.508016123],[632835.314176078,483593.75018655],[632856.636193132,483568.289210625],[632890.564226929,483531.726368142],[632929.283701258,483499.455620741],[632955.539985535,483482.170574894],[632970.542386016,483472.284800395],[633005.099334119,483452.068869962],[633032.426615605,483438.733267675],[633043.976662845,483434.372085495],[633045.189229346,483433.915556109],[633153.132060521,483393.125103093],[633265.634576426,483353.430409161],[633334.762964341,483329.508471228],[633335.1867702,483329.370168756],[633337.852268234,483328.44374094],[633338.589139203,483328.194079645],[633452.074598295,483288.756450955],[633543.494747925,483256.779768432],[633543.727048857,483256.696180276],[633664.278687565,483217.393467618],[633679.820390229,483211.882434546],[633749.521315245,483187.146244691],[633817.150075083,483164.302823312],[633901.549255312,483135.632260269],[633976.657785952,483110.255255916],[634067.589496756,483077.864990254],[634069.284767103,483082.021675289],[634071.719899546,483081.108886199],[634074.86220377,483079.935615293],[634084.404753285,483075.849005528],[634084.536030048,483075.802628765],[634095.940298698,483070.927404997],[634096.699361277,483070.598356436],[634120.6816041,483060.350303669],[634120.894196776,483060.256171622],[634136.790959565,483053.474945821],[634136.821487491,483053.45578857],[634170.42704923,483039.093349983],[634170.497821565,483039.06530335],[634177.581120549,483036.040812013],[634180.718530124,483035.407393475],[634184.724349641,483037.367880194],[634185.536331283,483038.02027041],[634192.811687581,483034.921079764],[634208.269483214,483028.827724067],[634209.088223403,483028.510321648],[634215.41390587,483026.124911699],[634231.088907476,483020.857530511],[634238.033278349,483018.519190091],[634323.658301251,482988.552393045],[634416.982372407,482956.078061243],[634536.022203035,482915.403417558],[634536.228939208,482915.159126745],[634690.878974263,482864.667184667],[634696.514995743,482862.632731381],[634728.560093929,482850.827136762],[634730.287782244,482850.184818882],[634769.806784593,482835.69548969],[634845.330231706,482807.609830914],[634845.790699962,482807.592536163],[634915.944343988,482781.678661781],[634957.184097485,482766.436805678],[634957.972035768,482766.148551274],[634959.769946344,482765.49817004],[635039.428695138,482736.856582069],[635048.640008624,482733.540793777],[635051.892236056,482732.370547943],[635080.072717091,482722.548258837],[635127.592431245,482705.129695694],[635139.993816606,482700.721942454],[635234.081385848,482666.678519095],[635328.053001436,482632.851870419],[635393.857777171,482609.077884854],[635397.665644981,482607.702970237],[635416.078574952,482601.061109576],[635417.612279266,482600.563434014],[635427.55339482,482593.267842104],[635456.827942605,482585.835670926],[635463.077569857,482583.308145009],[635491.223967489,482575.084859344],[635506.757150636,482566.623572279],[635511.417188398,482564.08218832],[635520.250334443,482558.525993705],[635538.423614043,482546.797601957],[635552.371827278,482537.792591468],[635589.563135263,482507.639221512],[635592.696776905,482504.605730643]]]},"properties":{"NAZWA_DZIELNICY":"Włochy","KODTERYT":"146517_8"}}]}